month,ticker,adj_close,rel_mom_12m_vs_qqq,mom_12m,up_day_volume_ratio_3m,up_day_dollar_volume_ratio_3m,mom_9m,mom_7m,mom_6m,mom_4m_vs_6m,mom_5m_vs_6m,mom_6m_first3m,mom_6m_acceleration,ret_lag_6m,rel_mom_6m_vs_qqq,mom_3m_vs_6m,return_vol_ratio_6m,drawdown_12m,drawdown_12m_abs,volume_change_3m,dollar_volume_change_3m,ma100_slope_1m,volume_ma3_to_12m,mom_5m,core_mom_456_std,ret_lag_5m,price_ma100_ratio,drawdown_change_3m,mom_4m,core_mom_456_avg,core_mom_456_min,core_mom_456_max,ret_lag_4m,volume_change_1m,dollar_volume_change_1m,ma50_slope_1m,mom_6m_last3m,ret_lag_3m,rel_mom_3m_vs_qqq,mom_3m,volatility_6m,return_vol_ratio_3m,volatility_1m_to_6m,volatility_3m_to_6m,avg_abs_daily_return_6m,drawdown_6m,drawdown_6m_abs,recovery_from_6m_low,avg_dollar_volume_6m,dollar_volume_3m_to_6m,large_move_freq_6m,up_big_move_freq_6m,down_big_move_freq_6m,intraday_range_mean_6m,volume_ma1_to_6m,drawdown_change_1m,ma30_slope_1m,price_ma50_ratio,atr_14_to_100d,volume_ratio_3m,ret_lag_2m,ret_lag_6m_std,mom_2m,ma20_slope_1m,volatility_3m,volatility_1m_to_3m,avg_abs_daily_return_3m,ma10_slope_1m,drawdown_3m,drawdown_3m_abs,recovery_from_3m_low,days_since_3m_high_norm,days_since_3m_low_norm,avg_dollar_volume_3m,log_avg_dollar_volume_3m,large_move_freq_3m,up_big_move_freq_3m,down_big_move_freq_3m,intraday_range_mean_3m,price_ma30_ratio,ma5_slope_1m,return_vol_ratio_1m,ret_lag_1m,positive_month_ratio_6m,ret_lag_6m_mean,ret_lag_6m_min,ret_lag_6m_max,rel_mom_1m_vs_qqq,mom_1m,price_ma20_ratio,volatility_1m,avg_abs_daily_return_1m,drawdown_1m,drawdown_1m_abs,recovery_from_1m_low,avg_dollar_volume_1m,price_ma10_ratio,atr_14_to_price,price_ma5_ratio,qqq_mom_1m,qqq_mom_3m,qqq_mom_6m,qqq_mom_12m,source_count,source_weight_sum,theme_count,in_large_cap_core,in_manual_core,trading_day_count_3m,trading_day_count_6m,liquid_vol_score,future_return_1m,future_return_2m,future_return_3m,future_max_return_1_3m,future_max_return_1_3m_pct_rank,monthly_top10_threshold_1_3m,monthly_top5_threshold_1_3m,label_top10_1_3m,label_top5_1_3m,label_boom30_top10_1_3m,label_boom40_top10_1_3m,label_boom50_top5_1_3m,label_mega100_1_3m
2026-08-31,A,148.52999877929688,-0.09636834977345132,0.1914839915708002,1.1609763542648384,1.164478837018678,-0.026567809360509953,0.11434626389575442,0.22882892049506065,0.05906100226709765,0.07680084434754741,0.11912387858555795,-0.021096266085539606,-0.0588228350912372,0.022162757535679534,-0.1308013079950423,0.6202599626522932,-0.049479482499851124,0.049479482499851124,-0.8028595492099142,-0.7835343414917847,0.042567308551093364,0.701695795762366,0.30562976484260806,0.04021043330266747,0.0137743465236555,0.17587418254894205,-0.006421878912239998,0.2878899227621583,0.27411620269994236,0.22882892049506065,0.30562976484260806,0.17291214546950817,-0.42879553773749346,-0.38685407908899627,0.07122544452807067,0.09802761250001835,-0.018036686342074115,0.10674559033236597,0.09802761250001835,0.3689242160925001,0.23040593655294467,0.7456590586104034,1.153234423654275,0.014768032149102361,-0.006421878912239998,0.006421878912239998,0.35300482889268214,280696317.1925015,1.0700131615076487,0.11904761904761904,0.007936507936507936,0.007936507936507936,0.02691055150467946,0.4090370092991325,0.009018552798378487,0.04838221894837935,0.095731457494451,0.8487460447013997,-0.37613960867265994,0.04170739448742222,0.08070956868165363,0.11819616601534699,0.07144819513307299,0.4254561057175396,0.6465806459779615,0.015097585586077857,0.09196422058862774,-0.006421878912239998,0.006421878912239998,0.3458956837936815,0.047619047619047616,0.9523809523809523,300348753.78270227,19.520454873364393,0.1111111111111111,0.015873015873015872,0.0,0.027388510024925008,0.07304114650420179,0.10370140925102511,0.2669159198554873,0.07342634979140339,0.6666666666666666,0.037493452473113,-0.0588228350912372,0.17291214546950817,0.010809134859006031,0.07342634979140339,0.05251221842774312,0.27509168367011466,0.012858595643092583,-0.006421878912239998,0.006421878912239998,0.1402579843614391,261916773.93195742,0.023152315780254895,0.022020582392603856,-0.0021766433776411187,0.06261721493239736,-0.008717977832347623,0.20666616295938112,0.2878523413442515,1.0,3.0,1.0,1.0,0.0,63.0,126.0,0.43414501297619423,,,,,,,,0,0,0,0,0,0
2026-08-31,AAPL,305.92999267578125,0.03488437013291157,0.3227367114771631,0.993018826433618,1.0012824190776677,0.10009939036842908,0.1822210114675762,0.16010280482093453,-0.030654029854334297,0.04749386349043938,0.1823284627684325,-0.2011266721048266,-0.03932924356014633,-0.04656335813844659,-0.17890101415732862,0.5756543971853731,-0.09964166062967783,0.09964166062967783,-0.5974869621344971,-0.6050534864809207,0.0446788488950185,1.1677672327336468,0.2075966683113739,0.03937518222134562,0.06919117987186674,0.041463604688781075,-0.09820169637808784,0.12944877496660023,0.16571608269963622,0.12944877496660023,0.2075966683113739,0.15108715221843605,-0.7872526872021925,-0.7891233270919384,0.0251334361515132,-0.01879820933639409,-0.07274245453871875,-0.010080231504046466,-0.01879820933639409,0.2781231336088934,-0.059444498090841597,1.1951880828638308,1.1370189507059958,0.012869112518148672,-0.09964166062967783,0.09964166062967783,0.24265475568245654,14422946231.553965,1.1933607507546609,0.07936507936507936,0.0,0.015873015873015872,0.022157530090937395,0.38678227124995795,-0.007986877834637918,0.05484612154321433,-0.009777251389431307,1.1721754228350882,-0.6254690489688896,0.06756296301144094,0.0830038452081725,0.05817611888559959,0.048960596980176074,0.3162312735430474,1.0511593339070706,0.014172364851208749,-0.029132145175810087,-0.09964166062967783,0.09964166062967783,0.11282515125418136,0.20634920634920634,0.5555555555555556,17211777942.981346,23.56885975060676,0.1111111111111111,0.0,0.031746031746031744,0.023461439578024254,-0.039623539314345146,-0.04994459461425382,-0.026451648300374022,-0.008792777991625367,0.5,0.02782946983520888,-0.07274245453871875,0.15108715221843605,-0.07140999292402272,-0.008792777991625367,-0.03862076072105691,0.33240945485809437,0.013894973706844501,-0.09964166062967783,0.09964166062967783,0.012175327297870187,16945334437.411644,-0.005045797386092787,0.027978080988016837,0.001991305885697958,0.06261721493239736,-0.008717977832347623,0.20666616295938112,0.2878523413442515,2.0,8.0,2.0,1.0,1.0,63.0,126.0,0.5093647538795082,,,,,,,,0,0,0,0,0,0
2026-08-31,ABBV,249.4600067138672,-0.06542373836163096,0.22242860298262057,1.2681737157267616,1.2873158232419808,0.12146712985250674,0.1359128550889086,0.09151979303827606,0.09736729156219015,0.073223032337834,-0.05409237191846461,0.20803146769684144,-0.06286626604820633,-0.11514636992110505,0.06241930274010077,0.3381508092498352,-0.05256354622387549,0.05256354622387549,-0.4493666732296384,-0.3646026768011694,0.030557386466306014,0.8662550450252735,0.16474282537611007,0.050703299012320915,-0.020308286242734175,0.1077958428161796,0.017988810906315544,0.18888708460046622,0.14838323433828413,0.09151979303827606,0.18888708460046622,0.030285817466402465,-0.4220330109393513,-0.42544174874976926,0.07952145035306057,0.15393909577837683,0.15579635444256645,0.16265707361072446,0.15393909577837683,0.2706478604658867,0.5423365952194334,0.7704109640364123,1.0487583284694495,0.012799915211404734,-0.05256354622387549,0.05256354622387549,0.2728524454156833,1518867107.002125,1.0529462313771711,0.07936507936507936,0.007936507936507936,0.007936507936507936,0.02439402218542333,0.5630582766434837,-0.00562094871308072,0.06211346357340353,0.024263022056523198,1.1313492513921573,-0.3179933777346651,0.004316355911025971,0.07469481688790244,-0.001606908221375547,0.035033537378546864,0.28384419774603614,0.7345934169226046,0.013242995300735225,-0.01046569932314545,-0.05256354622387549,0.05256354622387549,0.19973075314268107,0.19047619047619047,0.9682539682539683,1599285396.280634,21.19282273972513,0.09523809523809523,0.015873015873015872,0.0,0.023934521572712697,-0.006986171469018809,0.01051441374948392,-0.028285477246207513,-0.005897807097872465,0.5,0.01688769473853032,-0.06286626604820633,0.15579635444256645,-0.06851502203026982,-0.005897807097872465,-0.010654498212131047,0.20851007909591615,0.010677300238858812,-0.05256354622387549,0.05256354622387549,0.023215765345613093,1353647056.2390282,0.009097518525780668,0.02639989240850928,0.00016039408615298179,0.06261721493239736,-0.008717977832347623,0.20666616295938112,0.2878523413442515,1.0,3.0,1.0,1.0,0.0,63.0,126.0,0.5076313906421881,,,,,,,,0,0,0,0,0,0
2026-08-31,ABNB,184.05999755859372,0.12224494877988779,0.4100972901241393,1.326205388851479,1.4071745084446452,0.5732968708395458,0.4227410103236555,0.362297363090174,-0.0509551234334773,0.0952572721476721,-0.013322500507929824,0.3940141285135026,-0.06535416913008418,0.1556312001307929,0.01839426491539875,0.8876523718003412,-0.005779761767392033,0.005779761767392033,-0.10555595178660582,0.2349514090876461,0.040523456294082605,0.8986203472058883,0.4575546352378461,0.07421639208278619,0.11149827341749274,0.3003771434113969,0.06961207946838155,0.3113422396566967,0.37706474599490564,0.3113422396566967,0.4575546352378461,-0.050228006704909345,0.5284582571602681,0.856705485405423,0.06799537746318296,0.38069162800557277,0.07343791706708913,0.3894096058379204,0.38069162800557277,0.4081523066911438,0.8139088249653668,1.661633167883221,1.1459754486298694,0.017497521207332292,-0.005779761767392033,0.005779761767392033,0.5167696734487068,587041029.3495117,1.0604359911721688,0.14285714285714285,0.031746031746031744,0.007936507936507936,0.03191512888245483,1.1195322263881449,0.004604905018267491,0.0927943165371592,0.24016360258935854,1.3980773028901468,0.19364834281604937,0.058839956742241295,0.1044980241076471,0.2862333312931411,0.09050564746006984,0.4677325227696995,1.4499727458122014,0.01853826646121802,0.1553646398836026,-0.005779761767392033,0.005779761767392033,0.42571641252293824,0.015873015873015872,0.7142857142857143,622519435.8169798,20.24928540961806,0.14285714285714285,0.031746031746031744,0.0,0.030882019671807967,0.19106858227456236,0.24576707554727495,0.31665771767133816,0.2147570774062273,0.6666666666666666,0.05715850813300949,-0.06535416913008418,0.2147570774062273,0.15213986247382993,0.2147570774062273,0.16270509697378133,0.6781994103460492,0.023666300756989462,-0.005779761767392033,0.005779761767392033,0.33793696125064154,817606582.7837263,0.08160834975352871,0.03650595043277491,0.001452711975317822,0.06261721493239736,-0.008717977832347623,0.20666616295938112,0.2878523413442515,1.0,3.0,1.0,1.0,0.0,63.0,126.0,0.6495008882196092,,,,,,,,0,0,0,0,0,0
2026-08-31,ABT,111.25,-0.4298588904921633,-0.14200654914791178,1.0322288741860817,1.1009258145873935,-0.12088813102274198,0.03153148373341019,-0.030972121349380433,0.26506697759764497,0.12911562430256296,-0.2596731766448873,0.5685922216945435,-0.11757627664812365,-0.23763828430876155,0.3398911663990366,-0.10333437771936868,-0.1668759700038417,0.1668759700038417,-0.7363079135057418,-0.654848405958784,-0.008440185808127443,0.7784307609638897,0.09814350295318253,0.13254817835700045,-0.11016280685942059,0.17401442934017886,0.24502687130681444,0.23409485624826454,0.1004220792840222,-0.030972121349380433,0.23409485624826454,-0.057164871337442524,-0.4198395438132798,-0.38937698567411383,0.09572440803128734,0.30891904504965617,0.060046729412394084,0.3176370228820038,0.30891904504965617,0.2997271772758265,0.933287932262556,0.6858831043137708,1.1043402714997217,0.013410547371962846,-0.030972121349380433,0.030972121349380433,0.3571156675821594,1159246327.4516273,0.9781038228730553,0.07936507936507936,0.007936507936507936,0.007936507936507936,0.02248737510418885,0.42642878449108834,0.021116611749595116,0.12310743047498574,0.14360907758527897,1.126131694088369,-0.33643569541310614,0.17317481573336702,0.11452498311997808,0.2347748535342562,0.15576398131874192,0.33100079232863144,0.62107950059842,0.01426364935351728,0.16227470276501466,-0.00017971280371786857,0.00017971280371786857,0.326429093502419,0.015873015873015872,0.9841269841269841,1133863264.5319862,20.848896457849676,0.1111111111111111,0.015873015873015872,0.0,0.02402126296871401,0.08969131931544827,0.1965022406375232,0.2554124239350624,0.05250712594131346,0.5,0.00013745270701463289,-0.11757627664812365,0.17317481573336702,-0.010110088991083899,0.05250712594131346,0.04823778619606345,0.20557780679714774,0.011330033980053304,-0.00017971280371786857,0.00017971280371786857,0.11618342574288021,1010529826.0407947,0.02456185417972545,0.024789737315660067,0.008119317275041338,0.06261721493239736,-0.008717977832347623,0.20666616295938112,0.2878523413442515,1.0,3.0,1.0,1.0,0.0,63.0,126.0,0.5136632739881595,,,,,,,,0,0,0,0,0,0
2026-08-31,ACGL,98.70999908447266,-0.20940811102705603,0.0784442303171955,0.9967579302982037,1.0099998775784922,0.05100086253101255,0.02780089695431931,-0.014378456509899773,0.05937104640183233,0.04271475488718901,-0.10793814301834992,0.21281841087893927,-0.04153772939318867,-0.2210446194692809,0.11925872437048912,-0.06589450020055623,-0.07297148786157492,0.07297148786157492,-0.8057454743221195,-0.7853720076358917,0.008977261365705314,0.6749687406270571,0.028336298377289237,0.030623801970966806,-0.01593914796693985,0.024211265365975843,0.04299923748806678,0.044992589891932555,0.019650143919774005,-0.014378456509899773,0.044992589891932555,-0.05420286678177255,-0.4265810446648701,-0.4369622476529207,0.0320233895382076,0.10488026786058935,0.08641147903684154,0.11359824569293697,0.10488026786058935,0.21820419710503247,0.4272152446420795,1.1101269329009946,1.1250814038665018,0.010356967346697044,-0.07297148786157492,0.07297148786157492,0.12656923065804437,197468143.79601857,1.0342965293438176,0.05555555555555555,0.0,0.0,0.019815573710236668,0.3951454648421552,-0.017092408315609875,0.05325798416838845,0.008741532545928798,1.1102104208296026,-0.307409972299169,0.035751095281125744,0.0528782576783442,0.01699981009048357,0.02266666035466325,0.2454974844084928,0.9867080987081344,0.012025925422883343,-0.026369715411250882,-0.07297148786157492,0.07297148786157492,0.12656923065804437,0.20634920634920634,0.8095238095238095,204240615.7841879,19.134809350792022,0.09523809523809523,0.0,0.0,0.020494118041119055,-0.020423157116370216,-0.027150298332130784,-0.07473772927995316,-0.018104045726886286,0.3333333333333333,-0.001270202591803345,-0.05420286678177255,0.08641147903684154,-0.08072126065928364,-0.018104045726886286,-0.01736608226059355,0.2422343560783338,0.011754323063456928,-0.07297148786157492,0.07297148786157492,0.014595520151944763,183771374.99738422,-0.0009513886785249559,0.023387411895299075,0.006136083706156814,0.06261721493239736,-0.008717977832347623,0.20666616295938112,0.2878523413442515,1.0,3.0,1.0,1.0,0.0,63.0,126.0,0.15467570194269115,,,,,,,,0,0,0,0,0,0
2026-08-31,ACN,176.88999938964844,-0.5934064941499021,-0.30555415280565057,0.8707486121255745,0.9259889904485291,-0.27785967906710185,-0.3152212668107345,-0.1350370110164555,0.13675466152149818,0.045496851761067214,-0.09612679608335639,0.053078484921465385,-0.049971288930061974,-0.3417031739758366,0.09198869985456448,-0.2589956304777417,-0.37431526467940723,0.37431526467940723,-0.41634891035097,-0.4414741040681581,-0.04311950818730337,1.3323573059645932,-0.08954015925538827,0.06964168867651409,-0.0911013295157781,0.058997163062540325,0.03313901860411661,0.0017176505050426893,-0.0742865065889337,-0.1350370110164555,0.0017176505050426893,0.046779750941540854,-0.3299748647382098,-0.285675343084169,-0.03191871911186783,-0.043048311161891006,-0.3347944887952171,-0.03433033332954338,-0.043048311161891006,0.521387217102339,-0.07157204850493734,0.9027244810238358,1.1535921479351694,0.023093750048183505,-0.19486645597247199,0.19486645597247199,0.43858051792886044,1290933334.7935631,0.9715372009131659,0.24603174603174602,0.07142857142857142,0.05555555555555555,0.0406767371194875,0.7491619413190219,0.05647238953938394,0.06921203072287452,0.16222562280319086,1.1724258919748372,-0.2922076460925722,0.3493655815717358,0.22426283129991784,0.43858051792886044,0.2326995043266027,0.6014681996830278,0.7825334826000983,0.026367140794499474,0.2698119431257382,-0.08938925801565756,0.08938925801565756,0.43858051792886044,0.8253968253968254,0.5079365079365079,1254189758.6508372,20.949755591194414,0.2857142857142857,0.1111111111111111,0.06349206349206349,0.043712744689381945,0.13785776408320127,0.29517060676963514,0.14047283328007504,0.06611620866541412,0.5,-0.0022675943437277337,-0.3347944887952171,0.3493655815717358,0.003498993733016764,0.06611620866541412,0.07864688862852764,0.47066900497117103,0.021976049205277758,-0.018041523320815323,0.018041523320815323,0.274974718077001,1142884737.0881581,0.01233875353610614,0.049663628994107256,-0.010228420785619585,0.06261721493239736,-0.008717977832347623,0.20666616295938112,0.2878523413442515,1.0,3.0,1.0,1.0,0.0,63.0,126.0,0.8242193813434722,,,,,,,,0,0,0,0,0,0
2026-08-31,ADBE,264.0199890136719,-0.5476785819432208,-0.2598262405989693,0.8999555947577235,0.9609123298604904,-0.17527259242594395,-0.09967608179481036,0.006135381003369078,0.06668047623240314,0.08000904480246462,-0.012194703564547549,0.03075107761322049,-0.07366335719405293,-0.20053078195601204,0.012420993045303863,0.013333409625997501,-0.28150004040385923,0.28150004040385923,-0.734098751954408,-0.729164588935665,-0.011163695169622123,0.9971523179928495,0.0861444258058337,0.04286681681073311,0.01242391085120964,0.10935052617956109,0.04953699416157742,0.07281585723577222,0.05503188801499167,0.006135381003369078,0.0861444258058337,0.05327096719391444,-0.4858037391537705,-0.45785675829996864,-0.0017866218162343461,0.01855637404867294,-0.20905824994793265,0.027274351881020564,0.01855637404867294,0.46015094229208287,0.0355612816553592,1.2150326893782493,1.1340061180234058,0.022448014358998916,-0.06910657372875706,0.06910657372875706,0.3650792824290485,1440838737.2311184,1.0293864908131534,0.2777777777777778,0.047619047619047616,0.047619047619047616,0.03640892468077937,0.4892501489488467,0.04966604171875344,0.10517908425442268,0.14529078214954416,1.2155876280657787,-0.4147667496996559,0.22139302723517407,0.14388749615062274,0.2877767218402896,0.17773375981047446,0.5218139837734571,1.0714516174710542,0.026204613935168368,0.17235968355198872,-0.03652888300629831,0.03652888300629831,0.3650792824290485,0.8253968253968254,0.5555555555555556,1483179931.5459962,21.117454222847496,0.36507936507936506,0.07936507936507936,0.06349206349206349,0.039455380285453506,0.09323690358864645,0.17184771284747025,0.0972115135709563,0.054350805289421045,0.6666666666666666,0.00978618390462227,-0.20905824994793265,0.22139302723517407,-0.008266409642976313,0.054350805289421045,0.05825150312410465,0.559098436933085,0.02946798460713229,-0.032752061552132394,0.032752061552132394,0.24437946595748095,1304987362.2969127,0.006354016454224842,0.04657926491857668,-0.0073913795233936375,0.06261721493239736,-0.008717977832347623,0.20666616295938112,0.2878523413442515,2.0,8.0,2.0,1.0,1.0,63.0,126.0,0.8111385230990498,,,,,,,,0,0,0,0,0,0
2026-08-31,ADI,389.3900146484375,0.2823878089908365,0.570240150335088,0.9777040207639666,1.0128043611354474,0.4813543930212181,0.25990466042596005,0.10087176539113574,-0.1302145317896447,0.1264388205028355,0.16682822293539923,-0.2233545018235944,-0.10302104614435292,-0.10579439756824538,-0.1573980442793309,0.24468701932417386,-0.12590912039735058,0.12590912039735058,-0.6158971658889958,-0.6376090698117006,0.027580817599466956,1.0588659566237042,0.22731058589397124,0.12833130487291647,0.2644119297810239,0.010323376736437906,-0.08303110885682008,-0.029342766398508968,0.09961319496219934,-0.029342766398508968,0.22731058589397124,0.02881215648237956,-0.39817369783517764,-0.36216991840186274,-0.038436416735528334,-0.05652627888819517,-0.037675707167254546,-0.047808301055847546,-0.05652627888819517,0.4122481268918302,-0.12126533851892296,0.8379172393561013,1.1307198657100546,0.019892555833158937,-0.12590912039735058,0.12590912039735058,0.2882103930690123,1602773552.9767718,1.173497481622524,0.2222222222222222,0.03968253968253968,0.023809523809523808,0.030651662881603304,0.49484825448804165,0.04934006115709344,-0.05873887309727743,-0.00555612430756236,0.8651900472680522,-0.47597344694342614,-0.07493015272926662,0.1332836280453649,-0.01958858553331455,-0.05484629115254125,0.46613714667835177,0.741047596992485,0.022776773376438304,-0.015152607329361745,-0.12590912039735058,0.12590912039735058,0.10193287497232117,0.6031746031746031,0.19047619047619047,1880850728.0294268,21.354990026875218,0.2698412698412698,0.047619047619047616,0.047619047619047616,0.03481333306876738,0.024826532845399818,-0.011141370442356968,0.17318772666252544,0.05982420393360366,0.5,0.022903564026022172,-0.10302104614435292,0.2644119297810239,-0.002793010998793699,0.05982420393360366,0.034160887854499,0.3454298124149261,0.01651079402194661,-0.0013848076256929298,0.0013848076256929298,0.10193287497232117,1402193311.6877964,0.02166707046415972,0.03256928120202889,0.011812616024708511,0.06261721493239736,-0.008717977832347623,0.20666616295938112,0.2878523413442515,1.0,3.0,1.0,1.0,0.0,63.0,126.0,0.7788755032947786,,,,,,,,0,0,0,0,0,0
2026-08-31,ADM,80.44999694824219,0.025659045128654245,0.3135113864729058,0.8119458519501757,0.8230117468870601,0.3432793212279823,0.21216442800647695,0.1729492269079913,-0.08654708013718815,-0.0588975484363492,0.1631807512820722,-0.15478267934428258,0.05286787819138716,-0.03371693605138981,-0.16455115497020167,0.6172922907365873,-0.07867616549006062,0.07867616549006062,-0.6476588486140724,-0.6446998622780897,0.03715662273242559,1.0535482551856226,0.1140516784716421,0.04420372325072604,0.02545054958058013,0.041274393518416996,-0.047502288426715555,0.08640214677080316,0.12446768405014552,0.08640214677080316,0.1729492269079913,0.07735444662554403,-0.7277986426830072,-0.7237466974539745,0.01109285760194978,0.00839807193778963,-0.0423664741180102,0.017116049770137254,0.00839807193778963,0.2801739621624283,0.03118946851280376,1.1630584494286471,0.9610452674632369,0.014108032643987212,-0.07867616549006062,0.07867616549006062,0.2238237483557186,286086336.7889768,1.0287013759823969,0.07936507936507936,0.015873015873015872,0.0,0.028254781197136012,0.4501541847820165,0.013513517055654845,0.02936697214399353,0.0052580428974549065,1.1226610390508676,-0.5091371402770847,0.037565380364754875,0.040681329508561105,0.05301041022874098,0.04138749452288404,0.26925986040262573,1.2102015261972432,0.012981215815785156,-0.014123319457825079,-0.07867616549006062,0.07867616549006062,0.07152364126563393,0.2698412698412698,0.5714285714285714,294297408.30458385,19.500101410258342,0.07936507936507936,0.015873015873015872,0.0,0.026404493459883223,-0.010986345643852702,-0.021339920231772114,0.045681879852768274,0.014885837708421112,0.8333333333333334,0.027626269725446184,-0.0423664741180102,0.07735444662554403,-0.047731377223976246,0.014885837708421112,-0.012265374209187052,0.3258586940029143,0.014628457496346796,-0.07867616549006062,0.07867616549006062,0.0503982346901084,329367774.4422186,0.01720842355229757,0.030835489926096412,0.002417229776875862,0.06261721493239736,-0.008717977832347623,0.20666616295938112,0.2878523413442515,1.0,3.0,1.0,1.0,0.0,63.0,126.0,0.3567447730322999,,,,,,,,0,0,0,0,0,0
2026-08-31,ADP,272.9599914550781,-0.36515691021882823,-0.0773045688745767,1.072970083922242,1.1032593944235456,0.09320747602668233,0.12350435617099098,0.2936338126681295,0.004049129793060269,0.05999810296930397,0.04344530378765654,0.19632625680330174,-0.04432379458270275,0.08696764970874837,-0.05386225207717121,0.926637305320284,-0.09217380978117728,0.09217380978117728,-0.5685229594102496,-0.4650670360288769,0.05169454304284171,0.8460370431702532,0.35363191563743346,0.033532211905053046,0.043114516917461154,0.20734594877580848,0.003563000884954981,0.29768294246118976,0.31498289025558424,0.2936338126681295,0.35363191563743346,0.04671133272538297,-0.41577808065421307,-0.40152662603616474,0.08767444015817927,0.23977156059095828,0.017170449525588438,0.2484895384233059,0.23977156059095828,0.31688106121157894,0.7398419886927591,0.9831703315655826,1.0227333328869352,0.01513562231817213,-0.011838031355006717,0.011838031355006717,0.4568088057880457,689754058.0104403,0.9163613754282669,0.1349206349206349,0.023809523809523808,0.0,0.02603774188840364,0.4698284430928599,0.013439079467441828,0.1164560811567541,0.11450580173258507,1.315368924645845,-0.4198094429257677,0.1898191341197497,0.07765178528705402,0.2188434703045019,0.13038720156127792,0.32408482386166704,0.9613164057050184,0.01603184455106665,0.10807637075352639,-0.011838031355006717,0.011838031355006717,0.28231500909548957,0.015873015873015872,0.9841269841269841,632063977.3056757,20.26450117848389,0.1746031746031746,0.031746031746031744,0.0,0.02587622537846051,0.057238660155286336,0.09638581302726346,0.07829901497069323,0.024393906058860715,0.8333333333333334,0.046147590794056705,-0.04432379458270275,0.1898191341197497,-0.03822330887353664,0.024393906058860715,0.03413326562401808,0.31154805801824176,0.015192779133016547,-0.011838031355006717,0.011838031355006717,0.12384710955016232,645034526.7148699,0.004042480995227304,0.031495973732572596,0.0011075994633451547,0.06261721493239736,-0.008717977832347623,0.20666616295938112,0.2878523413442515,1.0,3.0,1.0,1.0,0.0,63.0,126.0,0.5703818810319723,,,,,,,,0,0,0,0,0,0
2026-08-31,ADSK,251.66000366210935,-0.4881701236754764,-0.20031778233122488,1.0864948799293856,1.0916935879960878,-0.17036985989218156,-0.004785033726589116,0.02354906519667921,0.0383074903396472,0.027662338638719808,-0.05921827733251528,0.14719547813794398,-0.026314724647956034,-0.1831170977627019,0.06442813560874949,0.0570603682239387,-0.22990300473793357,0.22990300473793357,-0.817416906568961,-0.8013537570945022,-0.011922254561065215,0.8040380514187121,0.051211403835399016,0.01977366957101089,-0.010025037417177862,0.10436336111462485,0.0998014861465808,0.06185655553632641,0.04553900818946821,0.02354906519667921,0.06185655553632641,-0.024008449119857667,-0.2840944073884043,-0.23072243208365695,-0.011006544968391041,0.0879772008054287,-0.15948294401025065,0.09669517863777632,0.0879772008054287,0.41270440289236693,0.19781808041294682,1.123410722730317,1.0776185394656554,0.019991128013792492,-0.04717549479565064,0.04717549479565064,0.3406136907394952,536292783.92038494,1.0770511940399135,0.23809523809523808,0.031746031746031744,0.023809523809523808,0.03508345190023575,0.4928763187641296,0.0426585859262848,0.09805865313414097,0.1567543380397045,1.0979792505774013,-0.25610449617913633,0.20460857501258278,0.12135909363356129,0.2944141859492466,0.16626677877553164,0.4447379158759179,1.042493871056977,0.02157018158788197,0.17933307890969585,-0.024422344555961373,0.024422344555961373,0.3406136907394952,0.015873015873015872,0.6031746031746031,577614783.2764399,20.174417741261784,0.2698412698412698,0.047619047619047616,0.015873015873015872,0.03751616446738214,0.11010473705350687,0.20345231066293556,0.1607977081109856,0.07455169488207036,0.3333333333333333,0.009888185783235156,-0.15948294401025065,0.20460857501258278,0.011934479949673005,0.07455169488207036,0.071929068940082,0.4636365515272978,0.02315096059384684,-0.024422344555961373,0.024422344555961373,0.23665849465409994,496107857.97228134,0.01874679811519364,0.039790079699761435,-0.006701959299159399,0.06261721493239736,-0.008717977832347623,0.20666616295938112,0.2878523413442515,1.0,3.0,1.0,1.0,0.0,63.0,126.0,0.6809281983915927,,,,,,,,0,0,0,0,0,0
2026-08-31,AEE,109.73999786376952,-0.1566958791443971,0.13115646219985444,0.858055792951261,0.8679747514747024,0.05374101976943746,0.07730683197138077,-0.017794477641364104,-0.009803021423168135,0.023194297640374284,-0.040400613721352396,0.0639585029855958,-0.02306972527645479,-0.22446064060074522,0.04135236690560751,-0.09106282320412519,-0.0725152286442241,0.0725152286442241,-0.7430825988932158,-0.737030167207885,0.00039599115174482336,1.0573642530725782,0.00539981999901018,0.016945489751133316,0.033933807278157424,-0.003941614320377429,-0.01696935471721872,-0.027597499064532238,-0.013330718902295388,-0.027597499064532238,0.00539981999901018,-0.049978011859736826,-0.6364822736170521,-0.6360511422810848,0.007356457379234849,0.023557889264243403,0.05433740652299068,0.03227586709659103,0.023557889264243403,0.19540880696699073,0.10751074503163661,0.8621271676990622,1.1213478929087901,0.009969611429451866,-0.0725152286442241,0.0725152286442241,0.05160856801410629,191351371.70468286,1.0137310543245244,0.023809523809523808,0.0,0.0,0.01803461750378597,0.46344394121453,0.0010986921378739467,-0.002778860904539493,-0.01006824987289423,1.0546037737396194,-0.46161279931278854,-0.03034324378446318,0.04005953477734955,-0.029193232705508,-0.024958107448622813,0.21912125394825557,0.7688311300632078,0.011435977775903473,-0.038631539392566805,-0.0725152286442241,0.0725152286442241,0.05160856801410629,0.5396825396825397,0.8253968253968254,193978827.78463212,19.08325958109637,0.031746031746031744,0.0,0.0,0.018851593720528304,-0.010638314409495586,-0.03777934656847004,0.007039933102639065,0.001185998108695241,0.5,-0.0023222948351352413,-0.049978011859736826,0.05433740652299068,-0.06143121682370212,0.001185998108695241,-0.0023046988472276153,0.16846724129390447,0.008685812800931,-0.035507127428994756,0.035507127428994756,0.025607456670743156,172193479.40190634,0.009103435711764085,0.019982284286930083,0.011428551739811166,0.06261721493239736,-0.008717977832347623,0.20666616295938112,0.2878523413442515,1.0,3.0,1.0,1.0,0.0,63.0,126.0,0.1065984570966789,,,,,,,,0,0,0,0,0,0
2026-08-31,AEP,125.5999984741211,-0.12142838086252916,0.16642396048172237,0.9059146837380734,0.9146066374760774,0.03808092300971433,0.07266049484192405,-0.04741177735419033,-0.022857730043435165,0.0199122144956162,-0.04655556927566429,0.045657553564485864,-0.020475275624704414,-0.25407794031357145,0.04651376164301191,-0.23572015423920095,-0.08748833630378594,0.08748833630378594,-0.5834083646699504,-0.5837824705036223,-0.0028916285941574804,1.2714433693477565,-0.027499562858574134,0.02140187010805176,0.04600251887978368,-0.034894022877970166,-0.017783182832665556,-0.0702695073976255,-0.04839361587012999,-0.0702695073976255,-0.027499562858574134,-0.06943384436957845,-0.5876740813224064,-0.5918465448557556,-0.0003032779726078738,-0.0008980157111784237,0.08005054183174076,0.0078199621211692,-0.0008980157111784237,0.20113586598996724,-0.004349866900397164,0.8791644134954545,1.0264042622837808,0.01007877805738671,-0.08748833630378594,0.08748833630378594,0.02246826944408764,545648570.288304,1.1639008136834714,0.015873015873015872,0.0,0.0,0.01848857171264688,0.5197615254150177,-0.009328407226597335,-0.013151810870620784,-0.03545268965687276,1.0718434579413076,-0.5203829294236411,-0.06549226509439965,0.05982748255141637,-0.07494886063908857,-0.04315860082219425,0.20644671015024174,0.8565478981344903,0.01068098360662761,-0.06833459545699105,-0.08748833630378594,0.08748833630378594,0.02246826944408764,0.5396825396825397,0.06349206349206349,635080814.9437798,20.26926281796173,0.0,0.0,0.0,0.019079803187509542,-0.03260384941992267,-0.06676900082074722,-0.05722585553834885,-0.010119333625038696,0.3333333333333333,-0.0065779430003661266,-0.06943384436957845,0.08005054183174076,-0.07273654855743605,-0.010119333625038696,-0.018036445512013555,0.1768314956559699,0.008906434453002062,-0.06628118097488644,0.06628118097488644,0.02246826944408764,492004553.8275219,0.003685023847867175,0.021456623842854437,0.00956514266060271,0.06261721493239736,-0.008717977832347623,0.20666616295938112,0.2878523413442515,1.0,3.0,1.0,1.0,0.0,63.0,126.0,0.28427352891964724,,,,,,,,0,0,0,0,0,0
2026-08-31,AES,14.729999542236328,-0.14580866640270118,0.14204367494155035,1.0490233842034822,1.0512111803125597,0.08599952581856063,0.030066380841001772,-0.1267089096416094,0.17103221954669845,0.19771470494200538,-0.1405740061526911,0.15670697933519062,-0.18460656871287084,-0.33337507260099053,0.14284188282410892,-0.46250429375887675,-0.1267089096416094,0.1267089096416094,-0.5870290552013204,-0.5803666060237318,0.0026694671608662457,0.7095806672760513,0.07100579530039597,0.10728084614711447,0.025550023773511343,0.025752260272690286,0.0040732605071815975,0.04432330990508904,-0.0037932681453748027,-0.1267089096416094,0.07100579530039597,0.027742763463622477,-0.664230616993136,-0.6630870057785834,0.009444896155865523,0.01613297318249951,-0.0006816971614633793,0.024850951014847134,0.01613297318249951,0.27396266662049235,0.412163500157156,0.0770767601106876,0.1428740967030911,0.004449246579791384,-0.1267089096416094,0.1267089096416094,0.07789086699054626,157188856.86316186,0.7562066509579987,0.015873015873015872,0.007936507936507936,0.007936507936507936,0.006768968824668416,0.4603055910321142,0.0,0.00897319366908178,0.010593505506417689,0.685951382294651,-0.4749607503723683,0.013374644896462895,0.0818298041945302,0.016826140676300394,0.012542613737692054,0.039142168523772926,0.5394732977445313,0.0018577085155324494,0.013302633032751032,0.0,-0.0,0.0308901476141894,0.07936507936507936,0.9841269841269841,118867259.01640786,18.593517966437993,0.0,0.0,0.0,0.003989198316243429,0.006707267316710563,0.008158585517898942,0.16129558393055796,0.003405942508251769,0.6666666666666666,-0.019202481872080956,-0.18460656871287084,0.027742763463622477,-0.05921127242414559,0.003405942508251769,0.0033749282281581028,0.021116154734391972,0.0010846575647475419,0.0,-0.0,0.009253254380105158,96930911.20640437,0.001223473672012254,0.0031930027378804654,0.0006793374741458358,0.06261721493239736,-0.008717977832347623,0.20666616295938112,0.2878523413442515,1.0,3.0,1.0,1.0,0.0,63.0,126.0,0.16252852448744923,,,,,,,,0,0,0,0,0,0
2026-08-31,AFL,121.4499969482422,-0.1333720973402086,0.15448024400404292,0.9810566259095163,0.9920277410686147,0.1125693115209927,0.10615152003038575,0.08101382969158433,-0.007037434418034838,0.03172789868069459,0.0006387468772299787,0.0796850293758753,-0.028513264014198736,-0.1256523332677968,-0.0006900534384790546,0.485270266465982,-0.06252416760098023,0.06252416760098023,-0.7939854574602084,-0.7774375914403563,0.02744521740748307,0.6673929798737838,0.11274172837227892,0.020651618532760777,0.03609514442713202,0.03655026788222404,-0.014762621516323904,0.07397639527354949,0.08924398444580424,0.07397639527354949,0.11274172837227892,-0.005875443194974794,-0.29535885635954173,-0.32868950038284606,0.0350145232503023,0.08032377625310527,0.04296390241704251,0.0890417540854529,0.08032377625310527,0.166945793488593,0.4466898414455174,0.9989296320914415,1.0771162082663421,0.008423167840191325,-0.06252416760098023,0.06252416760098023,0.14951881253052313,270203458.37136525,1.0601372837254261,0.0,0.0,0.0,0.01758881826750526,0.44597420974080637,-0.046545783609764024,0.043811442883877616,0.0008768211647747215,1.0040560702059216,-0.2501432714516437,0.08724949558152328,0.05030471810419687,0.03582086949460295,0.04140517557141843,0.17982002006844908,0.9274111970696786,0.00906048938436427,0.014307301566016895,-0.06252416760098023,0.06252416760098023,0.08331100068719688,0.20634920634920634,0.8253968253968254,286452760.4110354,19.473084198887722,0.0,0.0,0.0,0.017642412864206373,-0.019824141737142753,-0.008179436207858659,-0.2836385983992599,-0.04730158652261618,0.5,0.014103041448984685,-0.04730158652261618,0.08724949558152328,-0.10991880145501354,-0.04730158652261618,-0.02676109044678543,0.166767100068774,0.008206980419318692,-0.06252416760098023,0.06252416760098023,0.0059636674504179865,254744606.39771962,-0.016583291890429508,0.01776745271045114,0.0015833740029260746,0.06261721493239736,-0.008717977832347623,0.20666616295938112,0.2878523413442515,1.0,3.0,1.0,1.0,0.0,63.0,126.0,0.14286558513914252,,,,,,,,0,0,0,0,0,0
2026-08-31,AIG,76.63999938964844,-0.32290439912686775,-0.03505205778261622,1.0938237462210627,1.110340236343319,0.024306137623498758,0.036383234981026025,-0.0358507721029212,0.06725845531834251,0.061090676835043545,-0.07233376169019268,0.11166147254204262,-0.059586713854066664,-0.24251693506230232,0.07517848295477114,-0.15473272605286656,-0.10377208839802277,0.10377208839802277,-0.4647940930197153,-0.4437456698637925,0.003029025004537056,0.7460682680640998,0.025239904732122342,0.03717932243284396,-0.005979961739349116,0.002670730169470392,0.025010849498553367,0.03140768321542131,0.006932271948207484,-0.0358507721029212,0.03140768321542131,-0.0076203372177360285,-0.21241143689266007,-0.23185561734122873,0.013623425350736573,0.03932771085184994,0.010713643501675918,0.04804568868419756,0.03932771085184994,0.2316948264110095,0.16893501583920925,1.0103671288240739,1.004760734900094,0.011166587494665998,-0.0545274895394654,0.0545274895394654,0.06339492158893179,312754495.6222958,0.9365669296764283,0.047619047619047616,0.007936507936507936,0.0,0.020772268000823244,0.5732494462638094,-0.02393292005719505,0.037213776014587197,-0.006780853537942111,0.9220713497869623,-0.12462649402390436,0.05434057584987961,0.03779433561154776,0.028310756003093962,0.020316625068962813,0.23279786405727562,1.0055798298333556,0.011562034275203071,-0.010657436238788898,-0.0545274895394654,0.0545274895394654,0.06339492158893179,0.4126984126984127,0.7619047619047619,292915517.7074735,19.49539479334926,0.047619047619047616,0.0,0.0,0.02037956778662569,-0.027941613586702996,-0.03293852626940108,-0.10546168282890366,-0.024688246324773733,0.3333333333333333,-0.005470173297395002,-0.059586713854066664,0.05434057584987961,-0.08730546125717109,-0.024688246324773733,-0.02612586272103057,0.23409683652428384,0.011751119787050214,-0.051837218192372525,0.051837218192372525,0.008023156913658402,261808275.7920038,-0.01832947599591317,0.020028682473465426,-0.0013811763093787288,0.06261721493239736,-0.008717977832347623,0.20666616295938112,0.2878523413442515,1.0,3.0,1.0,1.0,0.0,63.0,126.0,0.2560881313212222,,,,,,,,0,0,0,0,0,0
2026-08-31,AIZ,282.3800048828125,0.04170236478811962,0.32955470613237114,0.9654889535523105,0.9736517531362154,0.2517603291390538,0.19472584301158857,0.23415182395630407,-0.03489289193119105,0.06674764696176338,0.0839758214744033,0.05456601636625469,-0.05130884319190199,0.027485660996922956,-0.09560998611564608,1.0326363766791318,-0.063633657112244,0.063633657112244,-0.4055886243386243,-0.3232377799211037,0.053145705407438015,1.0433683678412704,0.30089947091806746,0.0516455248605081,0.0847527887253845,0.11471280975679665,-0.02761086351065023,0.19925893202511302,0.24477007563316153,0.19925893202511302,0.30089947091806746,0.053328821275123506,-0.3231029937864809,-0.3153688232090266,0.05570824830581422,0.138541837840658,0.08269931666163521,0.1472598156730056,0.138541837840658,0.22675147732962483,0.6204660735467371,1.3671402532882122,0.9847200473435156,0.010625007525060712,-0.063633657112244,0.063633657112244,0.33743461362233673,99397542.27189563,1.0794894801559234,0.023809523809523808,0.007936507936507936,0.0,0.021201885254280843,0.8359169121066501,-0.049892014059472634,0.05463125729309226,0.033921227008096855,1.4119379984195677,-0.12911821705426352,0.039697626747731585,0.051175815866633674,0.051577127942784795,0.03910307934909185,0.22328672549124026,1.388354240351208,0.009547644194243142,0.0298646867634631,-0.063633657112244,0.063633657112244,0.14530685540758226,0.1111111111111111,0.8571428571428571,107298601.23586503,18.4911261808233,0.015873015873015872,0.015873015873015872,0.0,0.019925004100975717,0.0060280610200216245,0.020171662169886195,0.03685767676738151,0.011425919314842714,0.8333333333333334,0.036765938255469255,-0.05130884319190199,0.0847527887253845,-0.051191295617554644,0.011425919314842714,0.000980158146273169,0.3100010721498996,0.011645339117069003,-0.063633657112244,0.063633657112244,0.0337909983253597,109060126.2938,-0.01412924424972617,0.027713437621253757,-0.0008138380677134016,0.06261721493239736,-0.008717977832347623,0.20666616295938112,0.2878523413442515,1.0,3.0,1.0,1.0,0.0,63.0,126.0,0.12426619532287406,,,,,,,,0,0,0,0,0,0
2026-08-31,AJG,251.2100067138672,-0.44874998464247196,-0.16089764329822043,1.093362402463296,1.1219505819131272,0.023698408492830447,0.013822042146470315,0.10787385016350637,0.11328014647862217,0.05588166622939905,-0.11601711005826632,0.36929232926135547,-0.04801838998160546,-0.09879231279587475,0.14540136903958278,0.33792540294947154,-0.18356030866939754,0.18356030866939754,-0.4990213075331358,-0.3721358193825137,0.035269916228990894,0.6561540287808353,0.16375551639290542,0.05664176571769944,-0.04700347409667793,0.12038600672670041,0.05577731731165114,0.22115399664212854,0.1642611210661801,0.10787385016350637,0.22115399664212854,-0.025629823416906894,-0.48407533260381275,-0.4803727042261571,0.09911799850188596,0.25327521920308915,0.14531425326311553,0.2619931970354368,0.25327521920308915,0.31922385598112685,0.7280954111457707,1.1672005937743666,1.0897053089813389,0.015693877812364504,-0.06582126624966533,0.06582126624966533,0.312740487967309,438022709.66379076,0.894686248426111,0.1349206349206349,0.007936507936507936,0.0,0.029510314455163462,0.4440442160572363,0.006656533860938341,0.11327052127879145,0.05433157089371954,1.293560714556179,-0.3726597880386572,0.08646595901655685,0.07935161270049779,0.09426318203268846,0.08044561070457057,0.34785993061612824,1.0711158183357579,0.017498446569127867,0.003273922380158556,-0.06582126624966533,0.06582126624966533,0.312740487967309,0.19047619047619047,0.9841269841269841,391892894.8345366,19.786499135510113,0.1746031746031746,0.015873015873015872,0.0,0.02896367067320121,-0.006107367255471452,-0.00971434394212145,0.01926118459334501,0.007176684139454714,0.5,0.019717534820656135,-0.04801838998160546,0.14531425326311553,-0.055440530792942644,0.007176684139454714,-0.007029935118308073,0.37259827424811415,0.01779417668482959,-0.06582126624966533,0.06582126624966533,0.037157837209558675,348974291.97089785,-0.00029445933696414794,0.03526644325660366,-0.007937739898690177,0.06261721493239736,-0.008717977832347623,0.20666616295938112,0.2878523413442515,1.0,3.0,1.0,1.0,0.0,63.0,126.0,0.45373230235778694,,,,,,,,0,0,0,0,0,0
2026-08-31,AKAM,124.98999786376952,0.29170032138973667,0.5795526627339882,1.0825996985359776,1.1148361149839985,0.3962243359115494,0.28656712198274703,0.2703526642863223,-0.05662190307680648,-0.1820635957241381,0.5198698466692524,-0.6840399451350778,0.16729341586116941,0.0636865013269412,-0.43452276275214774,0.3759194563167513,-0.22433909434531862,0.22433909434531862,-0.6156349487088787,-0.6787361970261641,0.025520988350173024,0.9665930024357589,0.08828906856218421,0.0931743983526495,-0.10335215737823578,0.022715071525226227,-0.14857911216013475,0.21373076120951584,0.19079083135267413,0.08828906856218421,0.2703526642863223,0.4521265139972863,-0.24880746629796058,-0.18482763557973048,-0.08605775003729454,-0.16417009846582542,-0.20950913206016208,-0.1554521206334778,-0.16417009846582542,0.7191770996245591,-0.3036178694727425,0.7890673286930227,0.7518494394904207,0.029521330768213054,-0.22433909434531862,0.22433909434531862,0.40691133516470845,590208017.8974394,0.9427366744657506,0.3492063492063492,0.07142857142857142,0.07936507936507936,0.0497222259107171,0.5496090539315897,0.06465157613018868,-0.058202113191883065,0.018977300137124953,0.9535659437361069,-0.2746570541704215,-0.025632339080991273,0.2334756779378676,0.0573555437933122,-0.012702019996694291,0.5407128992470712,1.0495017848624415,0.026001989236339198,-0.010423808613278851,-0.2205662422796152,0.2205662422796152,0.16367185180407717,0.7936507936507936,0.19047619047619047,556410744.0356542,20.13701732953747,0.3492063492063492,0.06349206349206349,0.09523809523809523,0.048965271615525406,0.04574887639279157,-0.014393513584717299,0.1500865975203808,0.0851710152161973,0.5,0.061016219425877316,-0.20950913206016208,0.4521265139972863,0.02255380028379994,0.0851710152161973,0.056537723741612034,0.5674791528579467,0.028317695581586658,-0.002394469227916196,0.002394469227916196,0.16367185180407717,444274091.6183835,0.04160936132824,0.05027830639663959,0.02892751184576614,0.06261721493239736,-0.008717977832347623,0.20666616295938112,0.2878523413442515,1.0,3.0,1.0,1.0,0.0,63.0,126.0,0.7917157056450896,,,,,,,,0,0,0,0,0,0
2026-08-31,ALAB,321.6099853515625,0.4772957966270279,0.7651481379712795,1.1418182785516036,1.184424439276435,1.0410609278567353,1.1352409758169157,1.706471264797321,-1.054987356613638,0.22792645262145728,1.8852141784105925,-1.947165528487396,-0.07767401510315752,1.49980510183794,-1.7684226148741247,1.6727241556233887,-0.3341683726002914,0.3341683726002914,-0.5788567032378913,-0.6049470990480998,0.16615597496722456,0.9379380543351685,1.9343977174187783,0.6844482732275848,0.7768248923757639,0.15082386773835355,-0.3160682864497756,0.651483908183683,1.4307842967999271,0.651483908183683,1.9343977174187783,0.760552513261332,-0.5275077869929072,-0.5117494832122287,0.05308565949735211,-0.061951350076803524,0.40883762699375636,-0.0532333722444559,-0.061951350076803524,1.0201749398192648,-0.0524217937525226,1.1210748254663199,1.1584151980891446,0.04916636799123692,-0.3341683726002914,0.3341683726002914,2.207439873528724,1381304074.75945,1.4176971618090084,0.5793650793650794,0.23015873015873015,0.1746031746031746,0.08106045187206762,0.5011177520248891,0.02148974080023125,-0.13765964586694102,-0.09415155277853604,1.1835537737580324,-0.45707591579764406,-0.35565811340052267,0.465662981145777,-0.3341683726002914,-0.22257606367859029,1.181786154996315,0.9677659852146109,0.0578396740064316,-0.15120240681803543,-0.3341683726002914,0.3341683726002914,0.4918358967433407,0.5079365079365079,0.9682539682539683,1958270866.3816905,21.395327710292566,0.6825396825396826,0.23809523809523808,0.23809523809523808,0.09242978506393112,-0.03304128143448515,-0.11883286659250547,0.029161211419792776,0.033351457117965166,0.6666666666666666,0.2577057268741896,-0.35565811340052267,0.7768248923757639,-0.02926575781443219,0.033351457117965166,0.03064185210651238,1.1436924426029955,0.051359324963149176,-0.1107640296094835,0.1107640296094835,0.2877792034819413,1467333118.4317453,-0.013233226010924914,0.10145608126554874,0.009821562208880863,0.06261721493239736,-0.008717977832347623,0.20666616295938112,0.2878523413442515,1.0,4.0,1.0,0.0,1.0,63.0,126.0,0.9545794039850624,,,,,,,,0,0,0,0,0,0
2026-08-31,ALB,136.14999389648438,0.33712836562874693,0.6249807069729985,1.1094679565164085,1.106852955648568,0.05584032051766763,-0.19805611388869615,-0.23414291110677943,-0.07191938048386504,-0.005552139559051095,-0.010146995345577947,-0.21614510530769337,0.007302516659813074,-0.44080907406616054,0.007850810453508106,-0.42009016963658924,-0.36695321964865,0.36695321964865,-0.07985523779552339,-0.2880767289398791,-0.05892248580582604,0.9976438628111695,-0.23969505066583052,0.04001631794413879,0.09563861441820332,-0.14641735392567246,-0.0614765092525541,-0.30606229159064446,-0.2599667511210848,-0.30606229159064446,-0.23414291110677943,-0.1031011716498258,-0.3590628853267571,-0.25821502292126874,-0.1602949673535935,-0.22629210065327132,-0.23265676542186886,-0.2175741228209237,-0.22629210065327132,0.5573634615381058,-0.4872160632991158,0.6484341953582605,0.8333151947663187,0.026586631496711137,-0.36695321964865,0.36695321964865,0.2031635691973117,360424631.7147936,0.9207731245246514,0.31746031746031744,0.07936507936507936,0.05555555555555555,0.04530470071001101,0.8489713452662525,0.1950749899540435,-0.14696282950057693,0.01198139748000604,0.6486634385274496,-0.2650656668272554,-0.12878619230436306,0.14720641230896353,0.008294416998537502,-0.1106221102358993,0.4644594415072562,0.7781379715992061,0.02276594775063113,-0.008220349886983835,-0.24327783132015135,0.24327783132015135,0.2031635691973117,0.9841269841269841,0.20634920634920634,331869314.2996773,19.62025182077325,0.30158730158730157,0.047619047619047616,0.047619047619047616,0.04020424233600742,0.10353710560714746,0.049216524473097545,0.4353583436332176,0.1573443947880937,0.5,-0.03404310058499127,-0.23265676542186886,0.1573443947880937,0.09472717985569634,0.1573443947880937,0.11823377803540258,0.3614135277045564,0.017806847660423602,0.0,-0.0,0.2031635691973117,291983045.8456494,0.07167591755684977,0.038964393520865406,0.03845680882094604,0.06261721493239736,-0.008717977832347623,0.20666616295938112,0.2878523413442515,1.0,3.0,1.0,1.0,0.0,63.0,126.0,0.6894777126298064,,,,,,,,0,0,0,0,0,0
2026-08-31,ALGN,181.30999755859372,-0.01066166098566379,0.27719068035858774,1.0619448507116611,1.1003448192183327,0.23180918915175663,0.11212659581776441,-0.04623886513783404,0.07635080887493784,0.10387174914254915,-0.07969494302395619,0.11604819093074581,-0.09821153513045089,-0.25290502809721516,0.08259211304462366,-0.1104066448279252,-0.08202115031541635,0.08202115031541635,-0.16875919993072996,-0.1385408970555736,-0.005058995808018163,1.06227802376283,0.05763288400471511,0.05381478799085399,0.02671645585213711,0.039592930510639945,0.07004401271656524,0.030111943737103797,0.013835320867994957,-0.04623886513783404,0.05763288400471511,-0.006022371408872407,-0.4029850746268657,-0.3601042071501619,0.021084171612519187,0.03635324790678962,-0.03595309171679306,0.045071225739137244,0.03635324790678962,0.4188050928447273,0.0824419714308165,0.864677281916924,1.0528897440522416,0.021327267547143085,-0.0751849286596169,0.0751849286596169,0.16853566176391022,190346308.1201947,0.929079495862203,0.25396825396825395,0.031746031746031744,0.015873015873015872,0.03765612804135368,0.7366105683155149,0.06449383691198185,-0.0020688343451975566,0.033808739124204346,0.9852182758772167,-0.2691468304319139,0.0029645439887555636,0.057630701074716996,0.07500292672723474,-0.023849484413187794,0.44095558701306015,0.821242002594738,0.022626946656300547,-0.035867664013364386,-0.03758162245338248,0.03758162245338248,0.16853566176391022,0.4603174603174603,0.9523809523809523,176846851.98754203,18.990794678645685,0.23809523809523808,0.047619047619047616,0.015873015873015872,0.038939310246979754,0.031690614961766395,-0.019639933894040396,0.1983409417319963,0.07182545302347876,0.5,-0.006446757565290821,-0.09821153513045089,0.07182545302347876,0.0092082380910814,0.07182545302347876,0.044764480378852056,0.36213124933394375,0.01920351562831087,0.0,-0.0,0.08555857334802486,161452127.6247297,0.03946657346662552,0.03827304871035176,0.02955037199157773,0.06261721493239736,-0.008717977832347623,0.20666616295938112,0.2878523413442515,1.0,3.0,1.0,1.0,0.0,63.0,126.0,0.5109936311628023,,,,,,,,0,0,0,0,0,0
2026-08-31,ALL,261.4100036621094,0.016462111452122397,0.3043144527963739,0.8959678906349416,0.9078246431148567,0.2459516019882262,0.3272869108679646,0.23119900312626185,-0.021647653115219656,0.03622224767254578,-0.034435953744173076,0.30954453706444995,-0.028579485825818596,0.02453284016688073,0.04390958019401503,0.8845368032257989,-0.04979819860753487,0.04979819860753487,-0.4607271330283239,-0.312368538572682,0.052557359039103746,1.0180602006688964,0.26742125079880763,0.029239235993877424,0.04784410416906826,0.14190790014396248,0.03253329827798046,0.2095513500110422,0.23605720131203722,0.2095513500110422,0.26742125079880763,-0.05141305937924845,0.17897228372909835,0.16705227460624417,0.0903630338121697,0.2751085833202769,0.160626353918917,0.2838265611526245,0.2751085833202769,0.26137861339755114,0.8773643039766347,1.2873984986551643,1.199648816311911,0.012921383785787851,-0.04979819860753487,0.04979819860753487,0.29965951368765276,368915598.0623033,1.166062602192732,0.07142857142857142,0.0,0.0,0.0225052021811339,0.806501035917614,-0.012223842669759177,0.10626611824197174,0.06366790672096112,1.3683845047033907,-0.06351966036591528,0.10985956065666791,0.08371387109549763,0.0986383162977511,0.09079011625045896,0.3135625441716208,1.0731461417292294,0.01579680488597618,0.0609907900645974,-0.04979819860753487,0.04979819860753487,0.2751085833202769,0.09523809523809523,0.8412698412698413,430178682.2660174,19.87971122281713,0.14285714285714285,0.0,0.0,0.023439951108630484,0.013192192500377287,0.05636621841623013,-0.030046227017917582,-0.010110508353216696,0.5,0.03803782753106157,-0.05141305937924845,0.160626353918917,-0.07272772328561405,-0.010110508353216696,-0.004323059107263827,0.33649843446857597,0.01656664281596992,-0.04979819860753487,0.04979819860753487,0.04605846357240306,444116296.475583,-0.010399107586382184,0.02978083020079275,-0.001970035063417752,0.06261721493239736,-0.008717977832347623,0.20666616295938112,0.2878523413442515,1.0,3.0,1.0,1.0,0.0,63.0,126.0,0.3258692626175244,,,,,,,,0,0,0,0,0,0
2026-08-31,ALLE,164.77999877929688,-0.30972754740308783,-0.021875206058836305,1.0988840040581669,1.1421871672738992,0.0003348646327090421,0.00420567808852601,0.03062738920825847,0.17288786227119624,0.10819341323747533,-0.18980836706637316,0.46188690665392096,-0.09500477424114384,-0.17603877375112265,0.24145115037928933,0.09161576069811277,-0.07612187569377338,0.07612187569377338,-0.2971033927853024,-0.10586031041328536,0.01158117768311584,1.1220629122826147,0.1388208024457338,0.08735120617794957,-0.05375457349143986,0.16881291290922307,0.17191510963039502,0.2035152514794547,0.124321147711149,0.03062738920825847,0.2035152514794547,-0.053898628091252565,0.12261726279717289,0.1752533568393455,0.08708802780514291,0.2720785395875478,0.08456318933317375,0.2807965174198954,0.2720785395875478,0.3343026240777519,0.8041289747113077,1.2832650121009441,1.0121125059724427,0.014091797491636778,-0.07473208926079655,0.07473208926079655,0.31682663596231686,159851439.63984534,1.0835962711908047,0.09523809523809523,0.007936507936507936,0.015873015873015872,0.02519675089736682,0.940784061504405,-0.0008692519170827584,0.12664369167060996,0.14000541861977278,1.0702825158797102,0.018657079001068944,0.12036435149931801,0.08746964279893285,0.17289481341300617,0.1651264847947822,0.3383518666084969,1.2679074752346597,0.014513317677782363,0.21038619107692558,-0.024624148230092513,0.024624148230092513,0.31682663596231686,0.07936507936507936,0.9841269841269841,173214423.93821838,18.97004083548731,0.1111111111111111,0.015873015873015872,0.0,0.026268619651817104,0.08614403443468865,0.21393107381298804,0.10929386866712917,0.046886945165106164,0.5,0.008192751695626943,-0.09500477424114384,0.12036435149931801,-0.015730269767291194,0.046886945165106164,0.036427153900389975,0.4289988609325137,0.01781667805338461,-0.024624148230092513,0.024624148230092513,0.20067030154341237,221187425.04236132,-0.009830795015586924,0.025436516380835227,-0.008901731177802907,0.06261721493239736,-0.008717977832347623,0.20666616295938112,0.2878523413442515,1.0,3.0,1.0,1.0,0.0,63.0,126.0,0.3145032556185675,,,,,,,,0,0,0,0,0,0
2026-08-31,AMAT,507.1799926757813,1.881098138209262,2.1689504795535135,0.9096712666022437,0.9475863561068465,1.0156345851431787,0.5774505084130575,0.36398202977763594,-0.07672376335186692,0.12175627093015895,0.21036665061058923,-0.08345024962618264,-0.08195001156809056,0.15731586681825482,-0.23706562879322934,0.5158300728129641,-0.2985062341967063,0.2985062341967063,0.5343988393316796,0.7291392176943075,0.07930974141833236,1.4157218001728173,0.4857383007077949,0.10008783590950311,0.15418819941481532,0.05312182193380344,-0.28788824537675684,0.287258266425769,0.37899286563706663,0.287258266425769,0.4857383007077949,0.14228372690405178,0.7694393847399312,0.7677314603108492,0.06839582458593418,0.1269164009844066,0.6064524817180001,0.13563437881675422,0.1269164009844066,0.7056239039975727,0.1485736258452508,1.2212996294549485,1.2106057749046375,0.03344717978272549,-0.2985062341967063,0.2985062341967063,0.5715848451751091,3951301024.3021164,1.3397286501625052,0.4444444444444444,0.10317460317460317,0.11904761904761904,0.04710584574849266,1.2916300745412375,-0.0006777603761453088,-0.06849531434066303,-0.0925161937157355,1.12373205232176,0.06369011731180496,-0.297828473820561,0.30390010303514275,-0.2985062341967063,-0.14134912272217404,0.854232373090217,1.0088334739284994,0.04175203515984198,-0.08932005285750388,-0.2985062341967063,0.2985062341967063,0.24796757124989655,0.5079365079365079,0.9523809523809523,5293671187.673999,22.389777828636156,0.5396825396825397,0.14285714285714285,0.1746031746031746,0.056875786978634914,-0.06284935162704475,-0.09483691740195155,-0.001120050103990479,-0.000965234776512558,0.5,0.08703011464528386,-0.297828473820561,0.6064524817180001,-0.06358244970890992,-0.000965234776512558,-0.03263000900866264,0.8617782124867897,0.04138169873476042,-0.10162075344553212,0.10162075344553212,0.16205746016842593,4080988572.4206834,-0.043650272232641174,0.06700073059749778,-0.03855778478479788,0.06261721493239736,-0.008717977832347623,0.20666616295938112,0.2878523413442515,2.0,7.0,2.0,1.0,1.0,63.0,126.0,0.9347279627196964,,,,,,,,0,0,0,0,0,0
2026-08-31,AMCR,46.02999877929688,-0.1891060324808158,0.09874630886343572,0.9242308690560267,0.9300374388312843,0.11293202193566176,0.07143280183263911,-0.03372349593765456,0.2639226127299684,0.21100075869236645,-0.18507811019783282,0.3708070937411777,-0.17922775319608708,-0.24038965889703567,0.21945247948099944,-0.09538846504966461,-0.06265515455504667,0.06265515455504667,-0.4551053633962032,-0.3539026364015597,0.011363725883144715,1.0035170879857969,0.1772772627547119,0.1396287866175551,-0.04301893353296593,0.12265070360012942,0.1421026238047759,0.23019911679231386,0.12458429453645707,-0.03372349593765456,0.23019911679231386,0.03750446675940866,-0.5895480944998496,-0.5790307428812762,0.07995953349294616,0.18572898354334488,0.11669239605637705,0.1944469613756925,0.18572898354334488,0.3535385113922968,0.5648084811305112,0.9199005346177994,0.9301259123720184,0.017124070390261422,-0.06265515455504667,0.06265515455504667,0.27546403883359294,190245718.46975297,0.8192575044939292,0.14285714285714285,0.015873015873015872,0.015873015873015872,0.02553231608962159,0.5955464533619829,0.0005297190071017477,0.08808717101409935,0.06440047862387721,1.026688114184733,-0.33885986544995994,0.03529417872776919,0.1008867675149187,0.061822385225127396,0.07328548014392844,0.32883533046740526,0.9890064585684512,0.01716075092408689,0.0809858425395249,-0.03823656096357997,0.03823656096357997,0.27546403883359294,0.07936507936507936,0.9682539682539683,155860232.55418444,18.86447022486557,0.14285714285714285,0.0,0.015873015873015872,0.025842771950237795,0.022707040125971023,0.08853560319764431,0.07878916850184019,0.02562383430954629,0.6666666666666666,-0.0011886351459919713,-0.17922775319608708,0.11669239605637705,-0.03699338062285107,0.02562383430954629,0.006241153060026594,0.3252202656377548,0.017610064632578373,-0.03823656096357997,0.03823656096357997,0.07975598465852829,182677791.0408565,-0.019198434500475536,0.027249318229842136,-0.01426250390856143,0.06261721493239736,-0.008717977832347623,0.20666616295938112,0.2878523413442515,1.0,3.0,1.0,1.0,0.0,63.0,126.0,0.3831531974125931,,,,,,,,0,0,0,0,0,0
2026-08-31,AMD,514.3900146484375,1.8750942195876954,2.162946560931947,0.9120381555258473,0.9589225013014367,1.364685411368622,1.172897494749534,1.5692522721083813,-1.118181638750461,-0.04066733788851851,1.5777931086308223,-1.581106344473468,0.016083042075494047,1.3625861091490001,-1.572565507951027,2.0787012615109,-0.11450992678953975,0.11450992678953975,-0.1727807500519426,-0.17552152252059716,0.16796432436129605,0.927188783167255,1.5285849342198627,0.6341688889367467,0.7425650248110034,0.19926125021121854,-0.1106687965488945,0.4510706333579202,1.182969279895388,0.4510706333579202,1.5692522721083813,0.4558943547170746,-0.04263273180866933,0.03425426739779547,0.028464518702519426,-0.0033132358426458675,0.12557643988456646,0.005404741989701756,-0.0033132358426458675,0.7549195746231342,-0.00419155447857735,1.0951972100558707,1.0470720073987934,0.03686442615446737,-0.11450992678953975,0.11450992678953975,1.6938466764566908,12776525111.05842,1.177040910204652,0.5079365079365079,0.1746031746031746,0.10317460317460317,0.051197165070766264,0.7575274102379121,0.06582779177461107,-0.03180140371545881,0.007817030315575124,1.1283085230023024,-0.11713549197784379,-0.18033771856415082,0.33404712645426443,-0.11450992678953975,-0.0742092749989346,0.7904551544252882,1.0459616934814573,0.0407637349290655,-0.08241174904393811,-0.11450992678953975,0.11450992678953975,0.24233795390338275,0.5079365079365079,0.9523809523809523,15038492745.972794,23.433878934154414,0.5714285714285714,0.19047619047619047,0.1746031746031746,0.05806172893829255,0.016360105499210853,-0.09222278479554546,0.09713624722671393,0.08031087103251444,0.8333333333333334,0.2066820023260837,-0.18033771856415082,0.7425650248110034,0.017693656100117083,0.08031087103251444,0.04077390035581496,0.8267858119438213,0.03915322299104255,-0.06869082118930869,0.06869082118930869,0.19748118440258766,14170912998.311361,0.05362017309592315,0.06372457252779512,0.060943585716764836,0.06261721493239736,-0.008717977832347623,0.20666616295938112,0.2878523413442515,2.0,8.0,2.0,1.0,1.0,63.0,126.0,0.9635310200463512,,,,,,,,0,0,0,0,0,0
2026-08-31,AME,254.7899932861328,0.09956047650950861,0.38741281785376014,1.084858275811426,1.1033836294722863,0.2935237503544079,0.141071216851419,0.06837690999394863,0.015155988059556647,0.12201307762017399,-0.05439100741827585,0.18422048067343244,-0.10249840715203151,-0.13828925296543249,0.06145256326120796,0.27206471001258253,-0.014428268165142977,0.014428268165142977,-0.25010698492701255,-0.1527487697823654,0.020178594358192692,0.7505485869420998,0.19038998761412262,0.06650229654402148,0.0986191464537709,0.09433973356063663,0.049910091653330824,0.08353289805350528,0.11409993188719218,0.06837690999394863,0.19038998761412262,-0.04097660425538918,0.5001426804908209,0.5813219679521404,0.03215250219398791,0.1298294732551566,0.07284804239053555,0.13854745108750421,0.1298294732551566,0.25132590695348295,0.5573206704933809,0.8835261969702268,0.9268957390252666,0.012139903961953077,-0.014428268165142977,0.014428268165142977,0.22461006155129937,288174653.69211835,0.9602141617270398,0.05555555555555555,0.007936507936507936,0.0,0.021641772773474465,0.9132197108610473,-0.008628710614803747,0.04070130489081669,0.06805328022233215,1.0279681885909013,0.28676330604585387,-0.0009506312524517613,0.07622222046195598,0.05311230352590668,0.0461238713409069,0.23295291226184395,0.9532099024420507,0.011697231998677426,0.08452738829800133,-0.014428268165142977,0.014428268165142977,0.1531634182535806,0.031746031746031744,0.9523809523809523,276709383.5259574,19.438478360069112,0.047619047619047616,0.0,0.0,0.02053506505665362,0.05110660837245007,0.0921117459520473,0.2437002519564374,0.05411437759690907,0.5,0.01352598729689051,-0.10249840715203151,0.0986191464537709,-0.008502837335488289,0.05411437759690907,0.03341699949398036,0.22205302277070388,0.010627754049396379,-0.014428268165142977,0.014428268165142977,0.08324470053727206,300134794.98458135,0.0045616880888195155,0.021931229933820892,-0.0037225092900146084,0.06261721493239736,-0.008717977832347623,0.20666616295938112,0.2878523413442515,1.0,3.0,1.0,1.0,0.0,63.0,126.0,0.2726561860312781,,,,,,,,0,0,0,0,0,0
2026-08-31,AMGN,415.2099914550781,0.1867181581657098,0.47457049950996133,1.0218837651818622,1.0448274268470696,0.21937194856798903,0.2321405025498431,0.07776544138743824,0.13045240367694566,0.11122250846142157,-0.12579022739252188,0.35863556401329755,-0.0935438483422475,-0.12890072157194288,0.15507989523333743,0.3106754744861344,-0.006294287061705095,0.006294287061705095,-0.31065068725032163,-0.15013891447382244,0.013957340337942936,0.7952066036683504,0.1889879498488598,0.07042497767547133,-0.015915917228071952,0.17101466291493406,0.11392022688544035,0.2082178450643839,0.15832374543356065,0.07776544138743824,0.2082178450643839,-0.01997614041668483,0.04174767215798636,0.12302429624682532,0.07195827579119851,0.23284533662077567,0.07521002977998692,0.2415633144531233,0.23284533662077567,0.2503108477296586,0.8749925922544134,1.1083819221017144,1.0631229587044861,0.01194723092650474,-0.006294287061705095,0.006294287061705095,0.2917876506947814,955381841.079615,1.0279159792494694,0.06349206349206349,0.0,0.0,0.023022372804429307,0.7390389082462253,0.013904141628513278,0.08015855957922069,0.1215198891550413,1.4321633387092532,-0.02069673116693649,0.06362534202914083,0.06916778005418396,0.14660885080568353,0.09490767705093073,0.2661112090341828,1.0425717110393142,0.012622630089846164,0.11617601230507457,-0.006294287061705095,0.006294287061705095,0.27997155493540116,0.015873015873015872,0.9682539682539683,982052260.7305133,20.705155084587464,0.09523809523809523,0.0,0.0,0.02487235463094275,0.08424262379810377,0.15021639511523732,0.28121210606826313,0.07801949191830104,0.5,0.014569826290070753,-0.0935438483422475,0.07801949191830104,0.015402276985903685,0.07801949191830104,0.05825753751082097,0.27744001852950856,0.012844989639916829,-0.006294287061705095,0.006294287061705095,0.1401542580261681,1062127028.6972773,0.019357993164946352,0.030447591820036868,-0.0022492217814370496,0.06261721493239736,-0.008717977832347623,0.20666616295938112,0.2878523413442515,1.0,3.0,1.0,1.0,0.0,63.0,126.0,0.40386580229904695,,,,,,,,0,0,0,0,0,0
2026-08-31,AMP,569.5399780273438,-0.1668532171714625,0.12099912417278902,0.8303282009724473,0.8743061077656515,0.26190479088324525,0.09087900385867753,0.21970104894225106,-0.011996901897413093,0.07059116917120378,-0.04846045361773932,0.330279011321974,-0.054709443473522246,0.013034885982869948,0.06211750876198363,0.88484400990357,-0.001997642572139635,0.001997642572139635,-0.8167856917145927,-0.7651524996028202,0.04226417056323606,0.7101060199299267,0.29029221811345485,0.04462403743673092,0.0683843566081177,0.18746716737703029,0.06187507556931604,0.20770414704483797,0.23923247136684797,0.20770414704483797,0.29029221811345485,-0.05781973604137636,-0.39679567207657096,-0.36863864001350566,0.0793981320044641,0.2818185577042347,0.029279157072154227,0.2905365355365823,0.2818185577042347,0.2482935370339389,1.192912203177373,0.6419762192361962,0.951471296817689,0.012253521696246805,-0.001997642572139635,0.001997642572139635,0.33226258442873435,308624981.9983104,1.013650719101465,0.06349206349206349,0.0,0.0,0.024653007669556377,0.38786932768424576,-0.0005707719059414584,0.12869399785933888,0.1280427394666288,0.8294100172997316,-0.442714340638216,0.18981605889137,0.09153404117985664,0.24535559560969222,0.12734813616767915,0.23624417367313275,0.6747194806436762,0.011567478190539264,0.10245854055541459,-0.001997642572139635,0.001997642572139635,0.298895832967941,0.015873015873015872,0.8571428571428571,312837934.935264,19.5611958378472,0.06349206349206349,0.0,0.0,0.02349276771998738,0.06420935099799396,0.08853350333719368,0.29284517340914457,0.04667909489309818,0.6666666666666666,0.03693824799164025,-0.05781973604137636,0.18981605889137,-0.015938120039299175,0.04667909489309818,0.04184734012898139,0.15939854616583055,0.008916861833746023,-0.001997642572139635,0.001997642572139635,0.09845870636903697,270011087.53022695,0.01625895752892892,0.01728067974356301,0.007749983168785501,0.06261721493239736,-0.008717977832347623,0.20666616295938112,0.2878523413442515,1.0,3.0,1.0,1.0,0.0,63.0,126.0,0.2498150580813744,,,,,,,,0,0,0,0,0,0
2026-08-31,AMT,175.5800018310547,-0.3932602923589542,-0.10540795101470268,0.9068589613662341,0.9241679843042947,-0.0027633105161969373,-0.0014106488672372963,-0.06688683211917967,0.03703639037645001,0.10424393060887038,-0.01580301395557049,-0.03610104477246856,-0.1004899188144962,-0.2735529950785608,0.014982773391140625,-0.22606623407869186,-0.13931178518209664,0.13931178518209664,-0.57171581769437,-0.5939455050450516,-0.013344521306900892,1.1367359922668336,0.03735709848969071,0.05284465401059377,0.06927544280198283,0.004650711657858242,-0.07653872147108265,-0.02985044174272966,-0.01979339179073954,-0.06688683211917967,0.03735709848969071,0.023260954957493363,-0.5692869096318334,-0.5637713144367267,-0.02017398906536738,-0.05190405872803905,-0.11675556190541148,-0.043186080895691425,-0.05190405872803905,0.29587272239823703,-0.1607181980194691,1.0797872177931507,1.0915190942878474,0.014097045743501823,-0.08687394050799102,0.08687394050799102,0.08309173505636891,558475078.2678877,1.0157325290723347,0.11904761904761904,0.007936507936507936,0.0,0.025666079334221572,0.47753334994030083,0.011545397799224477,-0.036165659120405036,0.011827701246224231,1.2239838437960042,-0.5176061226614834,0.05985200738377228,0.08045487728920837,0.07342418517491689,0.004158398798645768,0.3229507259766034,0.9892517899539347,0.014764870514201124,0.03058936654425537,-0.08687394050799102,0.08687394050799102,0.08309173505636891,0.7619047619047619,0.4603174603174603,567261303.6729116,20.15633061033338,0.14285714285714285,0.015873015873015872,0.0,0.026204647745707802,0.03607397142818147,0.017040273033793296,0.040083090891294616,0.012805729192934434,0.6666666666666666,-0.008675224397287462,-0.11675556190541148,0.06927544280198283,-0.049811485739462924,0.012805729192934434,0.029169989123059015,0.3194795837392776,0.015760534179304172,-0.02052880056091333,0.02052880056091333,0.07460678430101364,510216672.0719837,0.021455344158475942,0.03252486102113162,0.022168931527130065,0.06261721493239736,-0.008717977832347623,0.20666616295938112,0.2878523413442515,1.0,3.0,1.0,1.0,0.0,63.0,126.0,0.4767768842181709,,,,,,,,0,0,0,0,0,0
2026-08-31,AMZN,262.6499938964844,-0.14090913655611015,0.14694320478814138,1.3690265425253128,1.37502875835075,0.1261898315828014,0.09757622460070015,0.25071425664992564,-0.25980655154280763,0.01038906360008518,0.288761974516369,-0.3182846626611069,-0.00823807489304329,0.04404809369054452,-0.28023694479466355,0.6719404184740906,-0.07524116591722996,0.07524116591722996,-0.5034685184914593,-0.5181274625740806,0.039707206361615066,1.1122237726157616,0.2611033202500108,0.1530866025650723,0.27267485533749514,0.05544064808472893,-0.0594224970913938,-0.009092294892881991,0.1675750940023515,-0.009092294892881991,0.2611033202500108,0.021051901989134647,-0.7893538248867923,-0.7962802145102844,-0.0177820441183284,-0.029522688144737907,-0.11934679486514477,-0.020804710312390284,-0.029522688144737907,0.3731197733562041,-0.06648433685730361,1.6973084673552834,1.1901132565313777,0.01641366896146715,-0.07524116591722996,0.07524116591722996,0.32124353723596766,11648406455.948736,1.0694627585774676,0.15079365079365079,0.015873015873015872,0.0,0.02585367380350322,0.37353645583569556,-0.06284070123412266,0.044319732883953966,0.05836157848678525,1.2962857708699467,-0.6334092993149576,0.13946459152936796,0.1394570777360494,0.10199713825676926,0.06188475847041319,0.44405478854520164,1.4261739023915607,0.01828604248632871,0.1044335372812597,-0.07524116591722996,0.07524116591722996,0.15883521274852486,0.14285714285714285,0.19047619047619047,12457536901.410519,23.245591650379986,0.19047619047619047,0.015873015873015872,0.0,0.02719568802783023,0.036311316752917655,0.08066729610187506,-0.05192114932739341,-0.03288163015430834,0.5,0.045454141490583556,-0.11934679486514477,0.27267485533749514,-0.0954988450867057,-0.03288163015430834,0.023898744258160853,0.6332993506551695,0.022681927807365252,-0.07524116591722996,0.07524116591722996,0.15883521274852486,12299789633.645557,-0.03658874315824168,0.03740991977755058,-0.023910759343822474,0.06261721493239736,-0.008717977832347623,0.20666616295938112,0.2878523413442515,2.0,8.0,2.0,1.0,1.0,63.0,126.0,0.7156153991292243,,,,,,,,0,0,0,0,0,0
2026-08-31,ANET,198.82000732421875,0.16817111439201948,0.456023455736271,1.0849163915453681,1.1505677996279948,0.5214265263810793,0.40270918314453974,0.4892884443761705,-0.33811017099674423,0.13003073872308613,0.19453184434983606,0.05222306756024819,-0.0802996346120084,0.28262228141678936,-0.24253353246608622,0.8160192147977801,-0.05548690107259502,0.05548690107259502,-0.694207033712685,-0.6187511172537352,0.06832347634709568,1.0664830019184783,0.6193191830992566,0.24165484756074088,0.406662391521293,0.22321491744460498,0.04725318189476513,0.15117827337942624,0.4199286336182844,0.15117827337942624,0.6193191830992566,-0.07666032643435128,-0.4446726390708544,-0.3878004644818277,0.08211157051559548,0.24675491191008425,0.06527875827693852,0.2554728897424319,0.24675491191008425,0.5996040724328071,0.41291853282713753,0.9474035597823286,0.9966366577237965,0.029997644028428475,-0.05548690107259502,0.05548690107259502,0.7120469476147091,1353496101.6126482,1.065523472017697,0.4523809523809524,0.09523809523809523,0.047619047619047616,0.046069571012182106,0.5344017809985178,-0.020131742894472615,0.08266121620943978,0.14335995857509642,1.3110499416922359,-0.3983247367747986,0.06163174546601624,0.177765573092747,0.17035555456552864,0.07670989167676012,0.59758739870701,0.9506007554910627,0.030477616828038984,0.11350141312508777,-0.05548690107259502,0.05548690107259502,0.4151896900160126,0.031746031746031744,0.9365079365079365,1442181865.5527265,21.089422988905625,0.4444444444444444,0.1111111111111111,0.06349206349206349,0.049892288608599455,0.09633913397221838,0.12472508718806541,0.18028150574223528,0.10241198001458285,0.6666666666666666,0.07983748570541183,-0.0802996346120084,0.406662391521293,0.03979476508218549,0.10241198001458285,0.08194886622982511,0.5680670326828227,0.028426402602704137,-0.05548690107259502,0.05548690107259502,0.2585934404497676,1434988174.5588756,0.01645700344878076,0.057634691968593096,-0.008191054754817517,0.06261721493239736,-0.008717977832347623,0.20666616295938112,0.2878523413442515,2.0,7.0,2.0,1.0,1.0,63.0,126.0,0.8881756432027169,,,,,,,,0,0,0,0,0,0
2026-08-31,AON,355.8299865722656,-0.313514632844766,-0.025662291500514467,1.0545661090050797,1.0505912944352183,0.010346753947057863,0.022714580315837285,0.06591330712637,0.08146970786440844,0.04190600178804216,-0.055373690569817224,0.18377049307826088,-0.03782747010350196,-0.14075285583301111,0.06248349538207365,0.24449785567151736,-0.06457251529617802,0.06457251529617802,-0.7534040393433442,-0.7217419064835315,0.022793246193564487,0.7639823870612643,0.10781930891441216,0.04074046539553467,-0.03448169055969885,0.06648985371409988,0.006610509045728352,0.14738301499077844,0.10703854367718686,0.06591330712637,0.14738301499077844,0.016825829743693177,-0.4645028884159319,-0.47030849747009884,0.05606358245187071,0.12839680250844365,0.04945263280138579,0.13711478034079128,0.12839680250844365,0.26958644256955966,0.4725007349905811,0.8689677359311564,1.007984078422532,0.013430408471813773,-0.06457251529617802,0.06457251529617802,0.15691143193306734,481081887.6228696,1.0622748403372384,0.09523809523809523,0.0,0.0,0.024061835890901166,0.4027939242629262,-0.010252621098837733,0.06818933276240369,0.02400725118277869,1.0720280908159012,-0.41436448779406476,0.08700898064468054,0.04943038906234187,0.0752241380312002,0.055343904890894136,0.27173884186868646,0.8620847834135114,0.013447363369172183,-0.003916803710345529,-0.06457251529617802,0.06457251529617802,0.1371395858354898,0.20634920634920634,0.6031746031746031,511041185.3637211,20.051960744457624,0.07936507936507936,0.0,0.0,0.024124455127525757,-0.011966186050040295,-0.013395754827208894,-0.046279531640454896,-0.010841531968292517,0.5,0.011689458426377697,-0.03782747010350196,0.08700898064468054,-0.07345874690068988,-0.010841531968292517,-0.012736670903547576,0.23426192063740497,0.011451061017825939,-0.06457251529617802,0.06457251529617802,0.01223598589169872,477459389.6543957,-0.00383540690825368,0.025751545950507507,0.0002529834720896851,0.06261721493239736,-0.008717977832347623,0.20666616295938112,0.2878523413442515,1.0,3.0,1.0,1.0,0.0,63.0,126.0,0.37267291802391606,,,,,,,,0,0,0,0,0,0
2026-08-31,AOS,62.16999816894531,-0.3963372172798574,-0.10848487593560585,1.1211269125798544,1.1261542401295972,-0.041935695879818824,-0.14407309123085055,-0.19356314877437375,0.20498729797680826,0.1474919501510522,-0.2686861369491016,0.3714094572227382,-0.15461526052908414,-0.40022931173375487,0.29628646904801037,-0.6565847809754516,-0.21831653958118913,0.21831653958118913,-0.570756070957001,-0.5266627093584029,-0.0346651551498095,1.0214742294641421,-0.04607119862332154,0.10573503259941643,-0.056845931423621265,0.022123975403546492,0.23973921898116668,0.011424149202434508,-0.07607006606508693,-0.19356314877437375,0.011424149202434508,-0.08279426887294494,-0.7544741076412833,-0.7432406378052442,0.02634318162353866,0.10272332027363662,0.10578279963235104,0.11144129810598424,0.10272332027363662,0.29480297805076705,0.33155151413233724,1.1659111372570443,1.050959950525206,0.014933157397193801,-0.21831653958118913,0.21831653958118913,0.12130638674001837,100907270.21452586,1.0096831232143717,0.1111111111111111,0.0,0.007936507936507936,0.026485971814458387,0.3537203636392308,0.03732464659685375,0.03962420709287873,0.03505760599659391,1.1385715682981599,-0.5723763225621962,-0.04639671427790826,0.09323876931815958,-0.0027667995556918124,0.026905644253171435,0.30982612322691755,1.109377323726173,0.01571485089437964,0.03256093576173558,-0.0282901123201188,0.0282901123201188,0.12130638674001837,0.07936507936507936,0.7777777777777778,101884367.74523902,18.4393490884404,0.14285714285714285,0.0,0.0,0.026600388202307413,0.014705646308759146,0.05159765126863802,0.1331126434522748,0.045752689169038296,0.3333333333333333,-0.031519447717028214,-0.15461526052908414,0.10578279963235104,-0.01686452576335906,0.045752689169038296,0.01001106290341136,0.3437140754059333,0.017617882841400534,-0.0282901123201188,0.0282901123201188,0.06281173136045126,102357738.51623535,-0.009385131507523736,0.031867812941448255,-0.00794665705708042,0.06261721493239736,-0.008717977832347623,0.20666616295938112,0.2878523413442515,1.0,3.0,1.0,1.0,0.0,63.0,126.0,0.21084713722725965,,,,,,,,0,0,0,0,0,0
2026-08-31,APA,40.470001220703125,0.5158290397334262,0.8036813810776777,0.9644619359578886,0.9986947647999174,0.6587015450017377,0.553488510351728,0.3509262863046616,-0.35031633587881394,-0.3842054044965555,0.207568113331966,-0.08885168533923227,0.39743157691800035,0.1442601233452805,-0.23220985831192786,0.7289344286364995,-0.07574609835000712,0.07574609835000712,-0.3607977925158542,-0.2849139896782662,0.02597695221582752,0.8692494348761473,-0.033279118191893886,0.2127141262350708,-0.03386841056629386,0.0921684479692837,0.16041839400408908,0.0006099504258476607,0.10608570617953846,-0.033279118191893886,0.3509262863046616,-0.10557320390726677,-0.5018736953295944,-0.4598292517973557,-0.0077976181927910115,0.11871642799273374,-0.10595665306114699,0.12743440582508136,0.11871642799273374,0.4814236679163077,0.25981164125669626,1.0377993861870707,0.9491279812707517,0.02402640985246736,-0.07574609835000712,0.07574609835000712,0.5006448732786524,257038058.3086907,0.786573711258064,0.3333333333333333,0.031746031746031744,0.05555555555555555,0.03692427717793011,0.5223055352888951,0.09219239116799083,0.04790798659644446,0.1424292534067273,0.9708126137120507,-0.3514487019259631,0.15390446521655088,0.19333269596377986,0.25129998654220387,0.11444648066247698,0.45693267406536586,1.0934240762743084,0.022359900248367568,0.14159381436117058,-0.0134080748640375,0.0134080748640375,0.27878385829744756,0.06349206349206349,0.49206349206349204,202179379.45843348,19.124665883378604,0.31746031746031744,0.06349206349206349,0.031746031746031744,0.032816244514706897,0.12282380394773296,0.1887511336814145,0.16893836461953216,0.08440518627109661,0.5,0.06505716014515671,-0.10595665306114699,0.39743157691800035,0.021787971338699252,0.08440518627109661,0.09016490414930711,0.4996211870594723,0.024539935635299184,-0.0134080748640375,0.0134080748640375,0.16977153054850613,205669478.9221809,0.05508776111014546,0.037823431216737737,0.0013361256433810365,0.06261721493239736,-0.008717977832347623,0.20666616295938112,0.2878523413442515,1.0,3.0,1.0,1.0,0.0,63.0,126.0,0.5692364515359614,,,,,,,,0,0,0,0,0,0
2026-08-31,APD,308.9700012207031,-0.2093305371948473,0.07852180414940424,0.9557074322319429,0.9747414710925012,0.2071329413895433,0.14803136141957562,0.13482998839874694,-0.09870484361304821,-0.05789584071804765,0.017038261717545966,0.09878012104641964,0.053759870873008264,-0.07183617456063418,-0.019011605634781326,0.5506137172396675,-0.016614154429298256,0.016614154429298256,-0.7663137158335386,-0.7392485483272585,0.016570186094627237,1.0663340126078427,0.07693414768069928,0.04959830178949345,0.039386171738396536,0.0587771746282344,0.07345768747238712,0.036125144785698726,0.08262976028838165,0.036125144785698726,0.13482998839874694,-0.07142133451938726,-0.7060827552031714,-0.697496309823485,0.008308483923503696,0.11581838276396561,0.05225748601194513,0.12453636059631323,0.11581838276396561,0.24487219293169013,0.41987446501637166,0.8301616667242945,1.126467230281054,0.011006560584251516,-0.016614154429298256,0.016614154429298256,0.1493812116109614,370738895.7480052,0.9939012624984535,0.03968253968253968,0.015873015873015872,0.0,0.02232695686055674,0.25226614210904064,0.027913011061857063,0.050697259920270854,0.06083137977237585,0.9774198893837605,-0.7457581711019825,0.030305169502070184,0.047063083220686065,0.0604043189019412,0.033922567548796856,0.2758405009446089,0.7369603344050841,0.012062456474321973,0.010875997126750692,-0.016614154429298256,0.016614154429298256,0.1457133955956198,0.42857142857142855,0.47619047619047616,368477856.5412249,19.72489117970479,0.031746031746031744,0.031746031746031744,0.0,0.023017088043392107,0.030266325875735856,0.024620785285443647,0.14370973797752412,0.029213819643763683,0.8333333333333334,0.022250197208299422,-0.07142133451938726,0.053759870873008264,-0.033403395288633675,0.029213819643763683,0.03378704292977752,0.20328350781860488,0.010689841528712298,-0.0010992090154672285,0.0010992090154672285,0.05601891927214675,299170902.1045503,0.02235164318348537,0.022031731683156468,0.005728992142495892,0.06261721493239736,-0.008717977832347623,0.20666616295938112,0.2878523413442515,1.0,3.0,1.0,1.0,0.0,63.0,126.0,0.33278171157604686,,,,,,,,0,0,0,0,0,0
2026-08-31,APH,167.11000061035156,0.2577023575079911,0.5455546988522426,1.3352413418153386,1.3597288719595,0.19245054612185641,0.1638874320441719,0.14810971688079833,-0.011679282681091196,0.17648159903598937,0.020498557750016744,0.1045493006341609,-0.13323475468646062,-0.05855644607858279,-0.02306185849662068,0.32172485066899364,-0.05223460941067082,0.05223460941067082,-0.672791916714121,-0.63187524665323,0.03584230558249102,1.0869915304495912,0.3245913159167877,0.10542507438207299,0.16557184325108842,0.12791722961554242,-0.02573110472492246,0.13643043419970713,0.20304382233243104,0.13643043419970713,0.3245913159167877,0.010117414766583677,-0.5170314335283785,-0.4977667767856413,0.07711944613801824,0.12504785838417765,0.1870531141516074,0.13376583621652527,0.12504785838417765,0.4603614441744846,0.26715038312296174,0.9371752842515175,1.0167671655418737,0.023481475978316582,-0.05223460941067082,0.05223460941067082,0.40463378069981193,1279220572.632635,1.0194937059495832,0.30952380952380953,0.06349206349206349,0.031746031746031744,0.03885631689779711,0.438917143808473,0.0363543749764178,0.011337215259648925,0.047147330678302346,1.1530629933322822,-0.5228721988609144,-0.08858898438708862,0.12980548467962158,-0.05223460941067082,-0.007794740709358816,0.46808040071805423,0.9217206416692866,0.02350218065647309,0.05669763895731306,-0.05223460941067082,0.05223460941067082,0.4040445641661956,0.5079365079365079,0.9523809523809523,1304157322.3201933,20.98882293989158,0.31746031746031744,0.09523809523809523,0.015873015873015872,0.03827966443318575,0.04334634313557362,0.06910414725362535,0.09245334712710833,0.03988801358953298,0.6666666666666666,0.03013444111421054,-0.13323475468646062,0.1870531141516074,-0.02272920134286438,0.03988801358953298,0.03655322696103691,0.43143936730266175,0.019999672543876943,-0.029784049693473258,0.029784049693473258,0.1616961662837737,1065866215.8440726,-0.007925430181313198,0.043461525362086924,-0.002626078123834419,0.06261721493239736,-0.008717977832347623,0.20666616295938112,0.2878523413442515,1.0,3.0,1.0,1.0,0.0,63.0,126.0,0.8230652298512988,,,,,,,,0,0,0,0,0,0
2026-08-31,APO,140.75999450683594,-0.24191953975799008,0.04593280158626145,1.041775638367096,1.0462439747147332,0.07645802677595182,0.0549353093790621,0.35137268781425424,-0.2532248564511319,-0.08271728199766493,0.23568623550253376,-0.14206501598261823,0.06520074846047175,0.14470652485487312,-0.2577514682943387,0.8975966725322924,-0.07052396717630671,0.07052396717630671,-0.5108575142409297,-0.46506339820516274,0.03265039172106654,1.042730365035728,0.2686554058165893,0.129123848566523,0.15526832506859956,0.13209938320067272,0.02660507781263921,0.09814783136312233,0.23939197499798862,0.09814783136312233,0.35137268781425424,0.004139103889364781,-0.4504906908325639,-0.38411553789871977,-0.009309500185933128,0.09362121951991553,-0.08080186941791934,0.10233919735226316,0.09362121951991553,0.39145943670107924,0.259090303176919,1.0850908550478735,0.9230736800992854,0.018426083150213185,-0.019640669231478003,0.019640669231478003,0.40930792666741267,566751024.6662079,0.9242562400863593,0.21428571428571427,0.031746031746031744,0.03968253968253968,0.035908666464179444,0.5614680509487988,0.07624880577436033,-0.003726334869449066,0.11287854436025357,1.17848862657337,-0.46632880769150553,0.06153325103139662,0.08432705736533419,0.1897557046024252,0.039169105417411476,0.36134590284525847,1.1755192228329614,0.01755764334753068,0.1170032342691214,-0.019640669231478003,0.019640669231478003,0.22581200263264956,0.015873015873015872,0.5238095238095238,523823171.1230808,20.076664727553247,0.2222222222222222,0.015873015873015872,0.015873015873015872,0.03256955323429803,0.12335694220927595,0.15056184133311223,0.28436596159262445,0.12078986074759923,0.8333333333333334,0.05435490329658543,-0.08080186941791934,0.15526832506859956,0.05817264581520187,0.12078986074759923,0.10189555457501487,0.424769054886533,0.021589095834156084,-0.019640669231478003,0.019640669231478003,0.19046005624097595,500952480.1119849,0.04807000842031717,0.03677994411645602,0.012297695122876151,0.06261721493239736,-0.008717977832347623,0.20666616295938112,0.2878523413442515,1.0,3.0,1.0,1.0,0.0,63.0,126.0,0.6471381172592283,,,,,,,,0,0,0,0,0,0
2026-08-31,APP,315.44000244140625,-0.6287495501135264,-0.3408972087692749,0.8804896453292921,0.9415821078807781,-0.47381061466847485,-0.33326285175104375,-0.27446693559272595,-0.018823087644664338,0.06702975579726422,0.41014799169173877,-0.8956395367764074,-0.0845734294979491,-0.48113309855210706,-0.21102460949194268,-0.37082565086155084,-0.5700108874874764,0.5700108874874764,-0.15724650447651234,-0.5663962011437157,-0.03113919012356614,1.4749105098067796,-0.20743717979546172,0.0451257641076283,0.12148242739576798,-0.31211586386223045,-0.4860029392748443,-0.2932900232373903,-0.25839804620852597,-0.2932900232373903,-0.20743717979546172,0.37356338853344484,-0.6594724375817036,-0.7286789169572973,-0.11063830362355132,-0.48549154508466863,-0.15961774307215815,-0.476773567252321,-0.48549154508466863,0.7401508901961025,-0.6345388749504253,1.111921651798845,1.03372059989282,0.03557483764477586,-0.4860029392748443,0.4860029392748443,0.03845138365907119,2478101537.2778754,1.105160734976993,0.48412698412698413,0.14285714285714285,0.11904761904761904,0.05888385146544532,0.8000658878386255,-0.13110638724891377,-0.1745573829215339,-0.29938435738996516,0.797935108411068,-0.399970351449358,-0.23160528520429002,0.23504940465914897,-0.3877685414299402,-0.2226227047701208,0.7651092222247199,1.0756500856364215,0.03471934015028326,-0.2865127206938154,-0.4860029392748443,0.4860029392748443,0.03845138365907119,0.8253968253968254,0.031746031746031744,2738700516.285633,21.730749381083392,0.4603174603174603,0.09523809523809523,0.12698412698412698,0.05733480469635642,-0.2385219408376238,-0.3046648832863058,-0.24694488453057836,-0.20323312123140858,0.3333333333333333,-0.030663960512765504,-0.23160528520429002,0.37356338853344484,-0.26585033616380593,-0.20323312123140858,-0.17016443044292573,0.8229898004072358,0.03445516742909047,-0.26417690955011053,0.26417690955011053,0.03845138365907119,2784687769.1269646,-0.10276248020180734,0.07449277490732213,-0.007769498261301577,0.06261721493239736,-0.008717977832347623,0.20666616295938112,0.2878523413442515,2.0,7.0,2.0,1.0,1.0,63.0,126.0,0.9340266430282771,,,,,,,,0,0,0,0,0,0
2026-08-31,APTV,49.560001373291016,-0.664691243217938,-0.3768389018736865,0.8277261109515639,0.9003654124976848,-0.3609284407092277,-0.3457425561281714,-0.32608103404542055,0.14851718993195884,0.039790706148470134,-0.07614901284205322,-0.19438381623705625,-0.05575195027303048,-0.5327471970048017,0.05554820496631108,-0.6344483533893175,-0.44107361681836255,0.44107361681836255,-0.7176938601710239,-0.7940669388453595,-0.0617515491154883,1.0295034535578027,-0.2862903278969504,0.07687880535513962,-0.13220051551149026,-0.17237645447449013,-0.2805947284301501,-0.1775638441134617,-0.26331173535194424,-0.32608103404542055,-0.1775638441134617,0.12744779843660714,-0.3682877803012504,-0.4455877846817421,-0.03932893497005918,-0.27053282907910947,-0.09655580125933294,-0.26181485124676185,-0.27053282907910947,0.5139599343326327,-0.46734652002225485,1.3470460563141504,1.1262938067289174,0.023155776865753267,-0.41830982220107327,0.41830982220107327,0.07041041446974838,198754701.66437966,1.0877663593179716,0.2619047619047619,0.03968253968253968,0.05555555555555555,0.03625080531488122,0.6522905238756284,-0.0899505320862124,-0.12456108652113096,-0.15923331080978798,1.0001585719175563,-0.19989199197654683,-0.07999347934131407,0.09590948524135982,-0.1925708616672589,-0.11365894882646099,0.5788698909456452,1.1959988133348272,0.026222751153352337,-0.1647521867008922,-0.3548554859389027,0.3548554859389027,0.07041041446974838,0.7936507936507936,0.09523809523809523,216198678.22679186,19.191708354116457,0.2857142857142857,0.06349206349206349,0.06349206349206349,0.03927775346951081,-0.10459623626384307,-0.1669818932651358,-0.17674556739923164,-0.12236585263041844,0.16666666666666666,-0.059903300096496505,-0.13220051551149026,0.12744779843660714,-0.1849830675628158,-0.12236585263041844,-0.07357557048365726,0.6923277026462525,0.025292563964991428,-0.16565656396996686,0.16565656396996686,0.07041041446974838,209790787.68864587,0.002325850524352191,0.05094835282482824,0.004703241484257603,0.06261721493239736,-0.008717977832347623,0.20666616295938112,0.2878523413442515,1.0,3.0,1.0,1.0,0.0,63.0,126.0,0.5823420517694973,,,,,,,,0,0,0,0,0,0
2026-08-31,ARE,48.13999938964844,-0.6683406376130858,-0.3804882962688343,1.0383053296802778,1.0653570940043764,-0.06327601747348277,-0.09329654676905119,-0.08322955177627556,0.28717158142545207,0.13389071021160825,-0.0661558843906751,0.04787267512671778,-0.12743471968736442,-0.2898957147356567,0.06494634251231823,-0.18518029117664916,-0.41597998239926137,0.41597998239926137,-0.6150710870053596,-0.6221088228733882,0.002631210838717868,0.43757241518884865,0.0506611584353327,0.14369485315500974,-0.12731582371828098,0.002416928529266116,-0.0645149734551671,0.20394202964917651,0.05712454543607789,-0.08322955177627556,0.20394202964917651,0.22636389741945884,-0.23075936377629558,-0.28024794539990927,0.028132127406121032,-0.018283209263957323,0.07776758517316229,-0.0095652314316097,-0.018283209263957323,0.44945145753594445,-0.040980136914437304,0.96068147358238,0.9926501942276312,0.02133276013582742,-0.12265353878703189,0.12265353878703189,0.20692124625431663,103520104.8669149,0.9011362836307779,0.24603174603174602,0.031746031746031744,0.031746031746031744,0.03688162151734456,0.5498555907027919,-0.060324429337059504,-0.01933974945236827,-0.04822905881923134,1.0421384084148735,-0.16789232690439848,-0.026490023682160913,0.137325675784647,-0.08912013662174434,-0.003267616767190895,0.44614807661894723,0.967794575741633,0.021430490430076665,0.0012226994379198608,-0.12265353878703189,0.12265353878703189,0.08453832224841484,0.5238095238095238,0.9841269841269841,93285722.5808401,18.351177637826858,0.2698412698412698,0.047619047619047616,0.031746031746031744,0.03535639943125978,-0.0334109801025847,-0.004993836973286148,-0.14899804830447788,-0.06433433088839291,0.3333333333333333,-0.006907235897263016,-0.12743471968736442,0.22636389741945884,-0.12695154582079027,-0.06433433088839291,-0.042723490799882136,0.4317796885293796,0.01946371612412103,-0.10851852982132526,0.10851852982132526,0.0016645446123910723,91481891.41932896,-0.020170564355704634,0.0410558524756093,-0.001617650651509539,0.06261721493239736,-0.008717977832347623,0.20666616295938112,0.2878523413442515,1.0,3.0,1.0,1.0,0.0,63.0,126.0,0.4800442507805297,,,,,,,,0,0,0,0,0,0
2026-08-31,ARES,144.02000427246094,-0.4544907539610975,-0.16663841261684598,0.9663315761422115,1.0103743020889904,-0.053817308100043926,-0.014823734926956988,0.316412274293963,-0.07730802170324447,0.01695934307811875,0.16283764158657155,-0.030768789310810396,-0.01271914210349212,0.1097461113345819,-0.18434342201820186,0.6733068669855234,-0.2252625846980888,0.2252625846980888,-0.5285901149210501,-0.4663315524472248,0.04295239575915155,0.9407045816641809,0.33337161737208176,0.05025018341613831,0.07607702466057154,0.19128575792396307,-0.036099761580690726,0.23910425259071855,0.2962960480855878,0.23910425259071855,0.33337161737208176,0.0945484897846871,-0.51701526827167,-0.4569485118607117,0.03378726379942476,0.13206885227576115,-0.12504806662423917,0.14078683010810877,0.13206885227576115,0.46993769083416476,0.295628542432383,1.0251602911233795,0.9506349192930719,0.022682045338014562,-0.03633317354741583,0.03633317354741583,0.527993079548364,370477339.8702773,0.8283920359369513,0.30952380952380953,0.06349206349206349,0.05555555555555555,0.04358736122177613,0.5677926364949266,0.01471142274636461,0.05044476436899825,0.13530833464889924,1.0858282356218807,-0.34476862473486003,0.15075014955834343,0.10286919304460482,0.29386405023186324,0.10922923766923875,0.4467391787989088,1.0783953653687868,0.021730426658352807,0.1906893160134202,-0.03633317354741583,0.03633317354741583,0.3384758951190805,0.015873015873015872,0.49206349206349204,306900477.84364486,19.54203407984826,0.3333333333333333,0.031746031746031744,0.015873015873015872,0.03966218588376429,0.11771358283642908,0.18991400176704176,0.25814797617058133,0.12436574588188987,0.6666666666666666,0.05132903352629344,-0.12504806662423917,0.15075014955834343,0.06174853094949251,0.12436574588188987,0.08062279214827539,0.48176145994540104,0.023261684803262576,-0.03633317354741583,0.03633317354741583,0.18759799009770362,327876668.90996295,0.019350828103512407,0.03953816259901604,0.004898211960566057,0.06261721493239736,-0.008717977832347623,0.20666616295938112,0.2878523413442515,1.0,3.0,1.0,1.0,0.0,63.0,126.0,0.6501981139128299,,,,,,,,0,0,0,0,0,0
2026-08-31,ARM,279.44000244140625,0.7325366932446911,1.0203890345889426,1.3510583257805133,1.430669297759888,1.0613750920187393,1.6522399470634723,1.1925461681641907,-0.8639041335971436,-0.3453753280250218,1.7719891487199795,-1.981024231279144,0.1869753032691881,0.9858800052048096,-1.4015812507233552,1.2553024567279654,-0.3641286854892892,0.3641286854892892,-0.8000440263009293,-0.8418418397713127,0.1281708406894717,0.9848835978585228,0.8471708401391689,0.434834564607176,0.3902697582054824,0.06205380211048528,-0.3641286854892892,0.3286420345670471,0.7894530142901356,0.3286420345670471,1.1925461681641907,0.6797736603361171,-0.7110053671222265,-0.6630787262949784,-0.011897780747482156,-0.20903508255916436,0.003623082307277148,-0.20031710472681674,-0.20903508255916436,0.9500070375649917,-0.1928081572308874,0.9757283765751875,1.141213640316931,0.04494211187046929,-0.3641286854892892,0.3641286854892892,1.44308453533431,2173007385.2961164,1.3745713350690878,0.5158730158730159,0.1746031746031746,0.16666666666666666,0.06882504466364613,0.28509112080984145,0.09045192002208302,-0.20072721341194832,-0.10235076002873755,0.9442718279801954,-0.5978776232973829,-0.32399808926242946,0.34037476692543545,-0.21189046825980862,-0.20610888389490556,1.0841609896662476,0.8549918631398535,0.05349776760668853,-0.09254711696256912,-0.3641286854892892,0.3641286854892892,0.33601069778537473,0.6190476190476191,0.9841269841269841,2986953662.7214704,21.81751986341241,0.6190476190476191,0.20634920634920634,0.25396825396825395,0.08300804011377035,0.01079011652236983,-0.05256593830332834,0.17890869798431192,0.16583920728907797,0.8333333333333334,0.18374715369078554,-0.32399808926242946,0.6797736603361171,0.10322199235668061,0.16583920728907797,0.04793210843218865,0.9269488244982925,0.03937553877326492,-0.035515853224495464,0.035515853224495464,0.24256304504338355,1412753654.2872837,0.02351852916849917,0.08059257376690862,0.022286625247156966,0.06261721493239736,-0.008717977832347623,0.20666616295938112,0.2878523413442515,1.0,4.0,1.0,0.0,1.0,63.0,126.0,0.9582928383511511,,,,,,,,0,0,0,0,0,0
2026-08-31,ASML,1844.0799560546875,1.211711545923813,1.4995638872680646,0.9159710326808227,0.9540353707334429,0.7480553413241486,0.3021353992299607,0.2757127204325365,0.007454583002957316,0.1252987319738712,0.11424723067276643,0.030662700727538184,-0.0894344808949672,0.06904655747315536,-0.13080278903223186,0.5249173128858949,-0.07186699648485828,0.07186699648485828,-0.13213016644847575,-0.006367208404130631,0.04540499040140511,1.222041553748871,0.4010114524064077,0.07028820015797689,0.0918384910957466,0.13602985604414686,-0.05953309533826068,0.2831673034354938,0.31996382542481266,0.2757127204325365,0.4010114524064077,0.12075829569064078,-0.4204446109654053,-0.34392481501401306,0.03733645150538245,0.14490993140030461,0.23356235266298908,0.15362790923265224,0.14490993140030461,0.5252498129976333,0.2539648014986216,0.8857960808635591,1.0863223506880786,0.026464955212073704,-0.07186699648485828,0.07186699648485828,0.4757232548841128,2865174840.155417,1.160772121563853,0.3492063492063492,0.06349206349206349,0.047619047619047616,0.034582677264778254,0.5888087635079409,0.10825062381569639,-0.03632338160460269,0.0394874353547483,0.9627123260724669,-0.4688579004597394,-0.18011762030055467,0.1546384298141126,-0.07186699648485828,-0.052628687228241766,0.5705906115540627,0.8154081339691615,0.028427289270461422,-0.015614977004650532,-0.07186699648485828,0.07186699648485828,0.2651872776959354,0.5079365079365079,0.9523809523809523,3325815077.858577,21.924980617512006,0.38095238095238093,0.07936507936507936,0.07936507936507936,0.037054336362532046,0.05900310398390962,0.016569549277642093,0.28377830728864045,0.132031894447322,0.6666666666666666,0.051439822116862766,-0.18011762030055467,0.23356235266298908,0.06941467951492464,0.132031894447322,0.06992864840775259,0.4652642258276209,0.022183940877045477,-0.0020672483948833698,0.0020672483948833698,0.1891996632043511,2763462574.7459774,0.05298378129135228,0.03872322675002518,0.020530350603214398,0.06261721493239736,-0.008717977832347623,0.20666616295938112,0.2878523413442515,1.0,4.0,1.0,0.0,1.0,63.0,126.0,0.8820118619147808,,,,,,,,0,0,0,0,0,0
2026-08-31,ASTS,70.9800033569336,0.16249513206569444,0.45034747340994596,1.0958325182754098,1.2410842173324137,0.2629893664297007,-0.36174800880073066,-0.10367469164491239,0.06416186202849128,-0.03980303244794503,0.432125270434522,-0.8062545265413338,0.04647051637482469,-0.3103408546042935,-0.2704545644618994,-0.09399050216242731,-0.46667664505205464,0.46667664505205464,-0.8662654855662149,-0.9162994799671326,-0.061902048462684434,0.8311643349640658,-0.14347772409285742,0.05245589451229774,-0.10824183568731804,-0.11940723967589173,-0.3188068335162768,-0.03951282961642111,-0.09555508178473031,-0.14347772409285742,-0.03951282961642111,0.5346414251749987,-0.24687448762092146,-0.0936444250295696,-0.14614519519622304,-0.3741292561068118,-0.21647123057064188,-0.3654112782744642,-0.3741292561068118,1.103033702977239,-0.31855554837716693,0.7916963514916564,1.0647501606661076,0.05558189856629663,-0.46667664505205464,0.46667664505205464,0.3384877426141759,1517342026.2947872,1.142076795937302,0.6666666666666666,0.2222222222222222,0.24603174603174602,0.08803342134638328,0.35314468859041803,0.09016458144781592,-0.1858319197832916,-0.029657062075696627,0.6858911769141869,-0.4660646304960623,-0.33625929397792986,0.3157520476319909,-0.2012153627121973,-0.1445947132226918,1.174455312465147,0.7435512862438745,0.05750061466814164,-0.02936721836652889,-0.46667664505205464,0.46667664505205464,0.3384877426141759,0.8571428571428571,0.19047619047619047,1732921119.7317638,21.273074330620776,0.6666666666666666,0.23809523809523808,0.23809523809523808,0.08990039204121224,0.078390224205525,0.0790236831697535,0.23298566096709836,0.20345886585000583,0.5,0.020599741193989902,-0.33625929397792986,0.5346414251749987,0.14084165091760847,0.20345886585000583,0.10725461973605643,0.8732677582194115,0.04669676571753636,-0.04481219635398914,0.04481219635398914,0.3384877426141759,871568360.756865,0.01587216209105269,0.07798373366360158,-0.006438914286741926,0.06261721493239736,-0.008717977832347623,0.20666616295938112,0.2878523413442515,1.0,4.0,1.0,0.0,1.0,63.0,126.0,0.9550669457705439,,,,,,,,0,0,0,0,0,0
2026-08-31,ATO,169.9199981689453,-0.24759984192225382,0.04025249942199771,0.863306986612762,0.8701059318510601,-0.025738342064106745,0.03300791740298048,-0.08517030388602376,-0.015361120230936831,0.010251675144900219,-0.08942353673485182,0.0940944600679422,-0.011081917184160184,-0.2918364668454049,0.08984122721911414,-0.5155991971732564,-0.11133685269958349,0.11133685269958349,-0.8014490067043594,-0.8005215902369665,-0.011408245354450175,0.6773961435818965,-0.07491862874112354,0.012891057268447519,0.028475475478053403,-0.04283730210368497,0.062097948101690115,-0.10053142411696059,-0.08687345224803596,-0.10053142411696059,-0.07491862874112354,-0.1047132399343581,0.22948153816720862,0.20913012032708123,-0.006324634389892059,0.004670923333090382,0.01856559628094434,0.013388901165438005,0.004670923333090382,0.1651870374371511,0.027035481700910746,0.825336604272449,1.0459060199276458,0.008185543015569537,-0.11133685269958349,0.11133685269958349,0.016571967535795373,216272359.67712402,1.132308183128288,0.0,0.0,0.0,0.016551254079895446,0.6294833074851033,0.02503614015771538,0.012947179610884874,-0.01942114751933255,0.9836569121032608,0.036922497714193536,0.0029604370708049554,0.04774056754952602,-0.013641411999960718,-0.0035336923705105994,0.17277011686952973,0.7891116300578752,0.008590503334884982,-0.0343752393278659,-0.0533704837384662,0.0533704837384662,0.016571967535795373,0.38095238095238093,0.8253968253968254,244886962.6468719,19.31630728917388,0.0,0.0,0.0,0.016544229983625963,-0.02810296001366963,-0.04572965450607358,-0.1214131112115238,-0.016552845413576045,0.5,-0.013724415617048605,-0.1047132399343581,0.028475475478053403,-0.0791700603459734,-0.016552845413576045,-0.022586025448398384,0.1363349085482042,0.006511009699677746,-0.052737241924189604,0.052737241924189604,0.011910433669656051,178876310.14811197,-0.004283603870421704,0.018025291458537894,0.0035435680599842367,0.06261721493239736,-0.008717977832347623,0.20666616295938112,0.2878523413442515,1.0,3.0,1.0,1.0,0.0,63.0,126.0,0.12064158291770351,,,,,,,,0,0,0,0,0,0
2026-08-31,AVB,184.05999755859372,-0.31072562733019327,-0.022873285985941738,0.8800072425644856,0.8941813213406304,0.0423220087355034,0.05727581627668665,0.059900603092724936,-0.0447279984618425,0.07739089168462088,0.04126392461292605,-0.023365793275353042,-0.06804842209760142,-0.14676555986665618,-0.04200247175515193,0.283518693022072,-0.05851663652893235,0.05851663652893235,0.4043298852523882,0.42946476597991423,0.019630770056269453,1.0963906684982798,0.1372914947773458,0.061783179065647655,0.12029372107698455,0.020424136060530618,-0.033098702851424355,0.015172604630882436,0.07078823416698439,0.015172604630882436,0.1372914947773458,-0.002677602623269437,2.835726416550872,2.7597390534418587,0.011948824898906807,0.01789813133757301,0.04350322413780727,0.026616109169920632,0.01789813133757301,0.21127567446870835,0.08289580949080047,1.0258826023044503,1.0219405145362883,0.01032612088199124,-0.05851663652893235,0.05851663652893235,0.1681249640485487,189381874.90046668,1.0666943377992884,0.023809523809523808,0.007936507936507936,0.0,0.01881973321458395,1.5538506442063127,-0.019028139236333286,0.01926286731635618,-0.01579955483880202,1.0804294704617108,0.6528141216126315,-0.004822744450342364,0.06424322200493959,-0.02453762691666872,0.0072272205760068875,0.21591117147555317,1.0038574532588627,0.010915118683165607,-0.03311217581107628,-0.05851663652893235,0.05851663652893235,0.04769102130574554,0.2857142857142857,0.5714285714285714,202012573.63814098,19.12384050411185,0.031746031746031744,0.0,0.0,0.01843937681716913,-0.02842856503679747,-0.04892018573159429,-0.09140008274536837,-0.019810423074266725,0.3333333333333333,0.011406292161551979,-0.06804842209760142,0.12029372107698455,-0.08242763800666408,-0.019810423074266725,-0.021958905097219317,0.2167440387275864,0.01131360334083051,-0.05851663652893235,0.05851663652893235,0.02374995512495115,183501680.7413737,-0.007816298490835982,0.020532914298713203,0.007598321092131988,0.06261721493239736,-0.008717977832347623,0.20666616295938112,0.2878523413442515,1.0,3.0,1.0,1.0,0.0,63.0,126.0,0.16904990761804067,,,,,,,,0,0,0,0,0,0
2026-08-31,AVGO,392.989990234375,0.0432934087978305,0.33114575014208203,0.952151170851412,0.9765023177218571,-0.01927633804563167,0.1905755388633008,0.2343534449375151,-0.2914121907633832,0.037372660479452424,0.40105519399604184,-0.5200381932189816,-0.02938735024803074,0.02768728197813397,-0.35333644416045484,0.48864314606130016,-0.18264851920492542,0.18264851920492542,-0.2958366827438371,-0.37962014617374984,0.040828013021643406,1.0516051847812409,0.2717261054169675,0.18000799013914187,0.34868010047009723,0.0015525597785492895,-0.18264851920492542,-0.05705874582586812,0.14967360150953815,-0.05705874582586812,0.2717261054169675,0.07028724002199072,0.44342602128389985,0.4571824388285801,-0.03300920848949662,-0.11898299922293976,-0.15314847626257944,-0.11026502139059213,-0.11898299922293976,0.4796003931018312,-0.2207863687610728,0.8798424116848595,1.123655352545551,0.022825544314612214,-0.18264851920492542,0.18264851920492542,0.3415084028299664,9362188832.523067,1.099953395312894,0.29365079365079366,0.03968253968253968,0.03968253968253968,0.03576118346284627,1.0312208760484622,0.007716143120430896,0.0174161254872518,0.006817685962849707,1.020171224939248,0.1271028180538234,0.03052282932970707,0.1668040870565122,0.04034411709960284,0.0433793027456002,0.5389055487918231,0.7830180399102333,0.025404277345573212,0.07963688918611145,-0.18264851920492542,0.18264851920492542,0.0902759798178443,0.8095238095238095,0.47619047619047616,10297971393.894207,23.0552127608324,0.3492063492063492,0.015873015873015872,0.07936507936507936,0.03725833654494011,-0.003990918683766886,0.06358850864646381,0.022585327682278576,0.009530393204664867,0.6666666666666666,0.046080789419308286,-0.15314847626257944,0.34868010047009723,-0.05308682172773249,0.009530393204664867,-0.016267078342184216,0.4219727665117219,0.018668095639659137,-0.08128394131630234,0.08128394131630234,0.061217278196660896,7275797629.697673,-0.05128504521163202,0.042852779764016254,-0.048607016912377676,0.06261721493239736,-0.008717977832347623,0.20666616295938112,0.2878523413442515,2.0,8.0,2.0,1.0,1.0,63.0,126.0,0.8521092990719085,,,,,,,,0,0,0,0,0,0
2026-08-31,AVY,178.92999267578125,-0.2218572875347713,0.06599505380948023,0.9952789206334612,1.0172734257728366,0.05564881000500721,-0.024478474538962236,-0.07833462024074811,0.1768320775951696,0.12116931568330036,-0.18585062588972667,0.317909937200351,-0.11619225579359849,-0.2850007832001292,0.21039393155137243,-0.29469704541187924,-0.0834692208278931,0.0834692208278931,-0.34581005586592184,-0.25941818237723957,-0.011034533994857432,1.1808092242697257,0.04283469544255225,0.09041564189290924,-0.05067172576432277,0.09141285810278243,0.168487725214291,0.0984974573544215,0.02099917751874188,-0.07833462024074811,0.0984974573544215,-0.029646727535280193,-0.47441651705565535,-0.4459279377776796,0.029096516715163778,0.13205931131062432,0.027160585837871842,0.14077728914297194,0.13205931131062432,0.2658140672271241,0.4701651991672381,1.175505468241394,1.0566729433065694,0.013164215699751392,-0.0834692208278931,0.0834692208278931,0.16940068687988408,117923453.71935405,1.073509417093133,0.07936507936507936,0.0,0.0,0.023871320349223284,0.807926712407528,0.017515405899812708,0.043165106305584455,0.09019363538209113,1.4447219450602893,-0.16671278908875264,0.04545727962164592,0.06615114261734248,0.10212495194914917,0.05419214806077899,0.2808785327891755,1.1124591347659292,0.01396662479036161,0.09869424353394218,-0.011600321038922723,0.011600321038922723,0.16940068687988408,0.031746031746031744,0.746031746031746,126591938.0638728,18.656479393165913,0.1111111111111111,0.0,0.0,0.025517025661452065,0.07210259880440706,0.12684448432479,0.1734708348641764,0.054203718728718986,0.5,-0.01161485415082745,-0.11619225579359849,0.054203718728718986,-0.008413496203678372,0.054203718728718986,0.05187659097559272,0.3124658895609699,0.016311611238125228,-0.011600321038922723,0.011600321038922723,0.15289946001386068,150440405.30250186,0.0106926414776769,0.035185355109464536,-0.003786007973140104,0.06261721493239736,-0.008717977832347623,0.20666616295938112,0.2878523413442515,1.0,3.0,1.0,1.0,0.0,63.0,126.0,0.166204756869907,,,,,,,,0,0,0,0,0,0
2026-08-31,AWK,136.1999969482422,-0.31289804162902635,-0.02504570028477482,1.023822399887423,1.0401590230559892,0.0688316707434371,0.07661235340494232,0.015119544331344992,0.060154686042527494,-0.0004475006397588466,-0.08732043785459798,0.19956134521658742,0.00044102983081195646,-0.19154661862803612,0.09712136303064445,0.0650604413618961,-0.04298431399710556,0.04298431399710556,-0.6871141206930891,-0.6519955256989274,4.1211419787412495e-05,1.1305378112895803,0.014672043691586145,0.0348602245650931,-0.05635974988558501,0.05096599293071602,0.10410719609120611,0.07527423037387249,0.035021939465601205,0.014672043691586145,0.07527423037387249,-0.03323621415417477,-0.4689958210422812,-0.45737628522145046,0.03541844454594112,0.11224090736198944,0.06741297848631977,0.12095888519433706,0.11224090736198944,0.23239228039113863,0.4784302331584812,0.8487109358310811,1.009510534727086,0.011417084449314134,-0.011477423241679663,0.011477423241679663,0.1318908556285492,273834477.24199444,1.0840757815012414,0.031746031746031744,0.0,0.0,0.023944687035749243,0.5681362396028536,0.021261018270384624,0.04113115511636489,0.04196732339041809,1.129196217340716,-0.33538023691092766,0.019683880270568777,0.04387837222808201,0.04199679953230406,0.03340167306028374,0.23460245524410528,0.8407152839276948,0.011578207284345304,0.020970457527303088,-0.0071261974881613455,0.0071261974881613455,0.1318908556285492,0.19047619047619047,0.8253968253968254,296857324.91809905,19.508762197231416,0.031746031746031744,0.0,0.0,0.023569508030327268,0.02194923183241415,0.03860466016206798,0.11094541127277588,0.021882192798629463,0.6666666666666666,0.0033040195577616984,-0.05635974988558501,0.06741297848631977,-0.040735022133767895,0.021882192798629463,0.014826754885392646,0.19723386977068227,0.009395718834651174,-0.0071261974881613455,0.0071261974881613455,0.044218900308948816,328544887.38192606,0.013867674206510916,0.02611774278581155,0.0041359678390409105,0.06261721493239736,-0.008717977832347623,0.20666616295938112,0.2878523413442515,1.0,3.0,1.0,1.0,0.0,63.0,126.0,0.20050409577819786,,,,,,,,0,0,0,0,0,0
2026-08-31,AXON,612.8300170898438,-0.46778244196254193,-0.1799301006182904,1.22107618998214,1.3040280654434229,0.1345762218500295,0.2672774599993979,0.12984880071099658,0.3955146057847141,0.31315671758913055,-0.17271389929334702,0.5384431189017751,-0.21701699239378647,-0.07681736224838454,0.2358804188974315,0.18160098078633258,-0.22585328709499886,0.22585328709499886,-0.6970225321888412,-0.5862148193273284,0.01485899396162882,0.9555677454744926,0.44300551830012713,0.20867908172928773,-0.05399230625624374,0.3151454164321439,0.1819882420168526,0.5253634064957107,0.3660725751689448,0.12984880071099658,0.5253634064957107,0.11688567879733269,-0.0802117263843648,0.06804959263440913,0.1297311831089143,0.3657292196084281,0.2493536811964534,0.3744471974407757,0.3657292196084281,0.7150225739351794,0.49487654426219946,1.2359412796758855,1.0335774753348206,0.032527658692802386,-0.043140873645337585,0.043140873645337585,0.7714922031708147,519460012.0701381,1.0508438384030825,0.40476190476190477,0.15079365079365079,0.07936507936507936,0.056899210081825614,0.47528710440957306,0.1328264128995872,0.11256648651139822,0.16589663114214037,1.402412692658841,-0.4633991844491072,-0.05859684351740013,0.17247881805098209,0.09314859367967498,0.05931151596729589,0.7390312267753278,1.1957896811513917,0.035582097565840826,0.028052045343157417,-0.043140873645337585,0.043140873645337585,0.5905269569308484,0.4444444444444444,0.8888888888888888,545871352.9806955,20.117893890527533,0.47619047619047616,0.19047619047619047,0.07936507936507936,0.060265048327095755,0.0926158368834491,0.11588942725069651,0.18239897788846623,0.1611907036343998,0.5,0.032970653576792595,-0.21701699239378647,0.2493536811964534,0.09857348870200244,0.1611907036343998,0.10135552956344229,0.8837259150265911,0.04295465908844692,-0.036900222468354116,0.036900222468354116,0.24688199000269728,533544772.9822068,0.03050675985935203,0.0675997085776644,0.0010814016621412126,0.06261721493239736,-0.008717977832347623,0.20666616295938112,0.2878523413442515,1.0,3.0,1.0,1.0,0.0,63.0,126.0,0.8139423778653537,,,,,,,,0,0,0,0,0,0
2026-08-31,AXP,342.4800109863281,-0.24298598598531007,0.04486635535894146,0.9689433229272567,0.9767557692722912,-0.054758213559366165,-0.02177022657332517,0.11525798872278514,-0.052210403487708223,0.023670829754711464,0.02774523976975707,0.05740499548955036,-0.020783414530114563,-0.09140817423659597,-0.030107753463477716,0.40545441661742326,-0.10294241898441892,0.10294241898441892,-0.6623918417799752,-0.6336444276820787,0.024280227964961654,0.68825403311941,0.1389288184774966,0.03882481159434074,0.0713808434319898,0.04953043410301072,-0.003443397430309747,0.06304758523507692,0.10574479747845289,0.06304758523507692,0.1389288184774966,-0.020368285704650768,-0.35017206950758384,-0.3381321136824815,0.038844088654076625,0.08515023525930743,0.06882161484773386,0.09386821309165505,0.08515023525930743,0.2842686723808455,0.3373768118073513,0.9096293785306071,0.8878541338809846,0.012790305979999823,-0.05279751072044181,0.05279751072044181,0.1787154731820444,1073782213.974653,0.9266875929916767,0.0873015873015873,0.0,0.015873015873015872,0.022369796012304512,0.45781076955311445,0.01723044185117295,0.02537590874044371,0.008322783789427746,0.7993595833521849,-0.3808110114027393,-0.0031915630842594966,0.042074199737472395,0.015277217624289463,-0.012833902376306106,0.25238911590619295,1.0245257005837645,0.011871206585077685,-0.024696375986869135,-0.05279751072044181,0.05279751072044181,0.14255414092436203,0.3333333333333333,0.7936507936507936,995060655.2654448,20.718314254335613,0.09523809523809523,0.0,0.0,0.020663471206735246,-0.007660979950947389,-0.03943643697843524,0.07165277916615334,0.0185279137139871,0.5,0.019064518112447654,-0.020783414530114563,0.0713808434319898,-0.04408930121841026,0.0185279137139871,0.002932870296072254,0.2585791357935093,0.012263274180731613,-0.03621779906045197,0.03621779906045197,0.050004589285174594,946173177.6473272,-0.002623865986823515,0.017888418039990098,0.0014738347744798208,0.06261721493239736,-0.008717977832347623,0.20666616295938112,0.2878523413442515,1.0,3.0,1.0,1.0,0.0,63.0,126.0,0.45612675730422675,,,,,,,,0,0,0,0,0,0
2026-08-31,AZO,3025.0,-0.5673620376444236,-0.2795096963001721,1.1292344512591495,1.151112666193815,-0.23501580792811683,-0.1833792796728244,-0.19453188666655918,0.0112099308708139,0.09009050024202336,-0.21844565144469918,0.24904335053286186,-0.10059698927169314,-0.4011980496259403,0.22512958575472186,-0.5874516575758919,-0.3053227268863832,0.3053227268863832,-0.5118349180659518,-0.4968981897835856,-0.03606427882628693,1.4825214899713466,-0.10444138642453582,0.049098718598881014,0.09658710667074222,-0.06530490519075127,0.12381498830764259,-0.18332195579574528,-0.16076507629561343,-0.19453188666655918,-0.10444138642453582,-0.20756853530060926,0.9909240924092408,0.9966996699669968,-0.034227882131053544,0.030597699088162678,0.08883581819412845,0.0393156769205103,0.030597699088162678,0.33114535325220007,0.08672085095708933,0.8209017364230491,1.0654831187147529,0.015625743780197654,-0.22085681980119343,0.22085681980119343,0.03471865914144012,850968084.9568685,1.240304626579228,0.1111111111111111,0.007936507936507936,0.023809523809523808,0.027496522151053984,0.7225271983231859,0.04059870529640275,-0.014773414460691803,-0.012549532411074815,0.8360726184877892,-0.30044453034402774,-0.05622444248035041,0.11698579547206057,-0.05348659378468623,-0.011862319734191606,0.35282978373105267,0.7704502511623722,0.01615689986593817,0.0004696984672289961,-0.12017402807754285,0.12017402807754285,0.03471865914144012,0.9206349206349206,0.25396825396825395,1055459652.8432695,20.777242199835445,0.12698412698412698,0.0,0.031746031746031744,0.02912206345357956,-0.0038278254553442137,0.0003588363824185148,0.010671632931192254,0.0029009531703274583,0.5,-0.02934434816957578,-0.20756853530060926,0.09658710667074222,-0.0597162617620699,0.0029009531703274583,-0.0036678234119904563,0.271837795493155,0.012710321991769363,-0.03728949254440139,0.03728949254440139,0.03471865914144012,475274190.1843843,-0.008299155575183015,0.025663284247712515,-0.006364530934754864,0.06261721493239736,-0.008717977832347623,0.20666616295938112,0.2878523413442515,1.0,3.0,1.0,1.0,0.0,63.0,126.0,0.568491165863887,,,,,,,,0,0,0,0,0,0
2026-08-31,BA,231.6699981689453,-0.3006782941343318,-0.012825952790080253,1.057247744265739,1.08422757920118,0.22576718607907575,-0.008771192200285771,0.01819540021913424,-0.006668528614020008,0.1457999753013306,0.01590996851671811,-0.013660328515889164,-0.12525820838088642,-0.18847076274024688,-0.015945760218305294,0.049303320671186916,-0.0812214801636949,0.0812214801636949,-0.618555512316052,-0.6176973995384625,0.004298464518806444,0.8393017557430182,0.16399537552046484,0.08616722768153591,0.15073104649549252,0.04894027440275783,0.0038049222273190964,0.01152687160511423,0.06457254911490444,0.01152687160511423,0.16399537552046484,0.009256408018542883,-0.6384908546996872,-0.6125158542320626,-0.005727360202713472,0.0022496400008289452,-0.06350851422628812,0.010967617833176568,0.0022496400008289452,0.36905019725715377,0.005895071877252924,1.1469297392216593,1.0340427145230695,0.018402246160055324,-0.05068839312203999,0.05068839312203999,0.224406690705784,1411080239.5689585,0.9443899366497397,0.18253968253968253,0.031746031746031744,0.0,0.02846664637823219,0.41320787122091357,0.06619060022426004,0.01193444901082974,0.046831078886188315,1.1426353821644277,-0.5324452767521156,-0.0015244691143981859,0.09737119521298929,0.07021756761919606,0.009750235652751904,0.38161366776706157,1.1091705624082042,0.018145381327998294,0.048717998868203605,-0.03547193549215011,0.03547193549215011,0.13120114607809263,0.1111111111111111,0.2857142857142857,1332609978.0542283,21.01040524647397,0.2222222222222222,0.031746031746031744,0.0,0.028300022904012376,0.04072391314709267,0.06609587564760311,0.16975165611842272,0.07185157223628935,0.5,0.006924639171458673,-0.12525820838088642,0.15073104649549252,0.009234357303891993,0.07185157223628935,0.03830389402163048,0.4232746464998493,0.018654107921439206,-0.03547193549215011,0.03547193549215011,0.13120114607809263,1332240613.6943998,-0.008550604352017266,0.033665498123689935,-0.0007591288062385182,0.06261721493239736,-0.008717977832347623,0.20666616295938112,0.2878523413442515,1.0,3.0,1.0,1.0,0.0,63.0,126.0,0.7180483020587469,,,,,,,,0,0,0,0,0,0
2026-08-31,BAC,64.48999786376953,0.010823499351027666,0.2986758406952792,0.8759364364504588,0.8949922783798108,0.22144120337961382,0.225404871446647,0.30827887738694426,-0.09568866293800005,0.021466186586178937,0.041374653248172466,0.21492525121586015,-0.016143084240553995,0.10161271442756314,-0.05197897292291165,1.4161448561529038,-0.004937505120794272,0.004937505120794272,-0.6229177671213486,-0.5262716268594663,0.05636490942117667,0.8200660347214825,0.3297450639731232,0.06237303924566534,0.09661536777073487,0.16354306101364569,0.04513612863109362,0.21259021444894421,0.28353805193633724,0.21259021444894421,0.3297450639731232,-0.03479240097032088,-0.19986374175399524,-0.16705754722316812,0.087323601444673,0.2562999044640326,0.11000109090541588,0.26501788229638024,0.2562999044640326,0.2176888021359722,1.4023176650035687,0.7152069984575412,0.8395874724519325,0.010696591449934257,-0.004937505120794272,0.004937505120794272,0.3875229787898322,1975148866.6136425,1.0169361603274674,0.03968253968253968,0.0,0.0,0.020784657483054945,0.5836882272021419,0.005761922863452562,0.07749998826942384,0.08148443138306938,0.8540685886754519,-0.27563189245531405,0.08722360934768214,0.06125551843722015,0.13180060340236444,0.06661327615578916,0.18276879116642974,0.8518552526383577,0.009613766842994538,0.06201264258355388,-0.004937505120794272,0.004937505120794272,0.3024928831834337,0.031746031746031744,0.9841269841269841,2008600304.4892263,21.420703951014126,0.015873015873015872,0.0,0.0,0.018528970062481984,0.04375830021670746,0.060686081498796396,0.2633443831573455,0.04100075979901496,0.6666666666666666,0.0473175571019955,-0.03479240097032088,0.11000109090541588,-0.021616455133382395,0.04100075979901496,0.030076484811913495,0.15569255477348626,0.00829632580870757,-0.004937505120794272,0.004937505120794272,0.06736179771875794,1857570086.5701947,0.01391398026381574,0.015074316335295938,0.003735399149388252,0.06261721493239736,-0.008717977832347623,0.20666616295938112,0.2878523413442515,1.0,3.0,1.0,1.0,0.0,63.0,126.0,0.3929487111025671,,,,,,,,0,0,0,0,0,0
2026-08-31,BALL,61.81999969482422,-0.09630570742517408,0.19154663391907745,1.1616889063761373,1.1703673981868024,0.26155279958093924,0.09429212838548229,-0.072957029278229,0.08878848106401727,0.12264376994188575,-0.18317650501867389,0.3181132158474492,-0.11683844826347445,-0.2796231922376101,0.20789374010700434,-0.2804165847271049,-0.08157631805190879,0.08157631805190879,-0.8037788389901926,-0.7773014009285256,-0.0002488479453198744,0.7423380860636926,0.04968674066365675,0.06333912595468075,0.033327663578788025,0.03135651187969013,0.10110853656799956,0.015831451785788264,-0.00247961227626133,-0.072957029278229,0.04968674066365675,-0.10494440606825728,-0.2592899953895804,-0.29444235466296065,0.04838219412379652,0.13493671082877534,0.14558480810573138,0.14365468866112296,0.13493671082877534,0.26017373169717883,0.5390953414782952,0.9542807993321184,0.9620576440980465,0.012369557668317042,-0.07584804523865984,0.07584804523865984,0.17483848251020717,149033728.92086694,1.029161651402237,0.07936507936507936,0.0,0.007936507936507936,0.02393300311200272,0.4548225457908296,-0.04604577454266401,0.07635397503984831,0.01889117947241914,1.0305441448007961,-0.24072527922620068,0.04006410158440765,0.10040568196036646,-0.009294900911406945,0.048124773249732966,0.2503021273727851,0.9919164461572164,0.0118669170169755,0.02014923110040967,-0.07579607925080689,0.07579607925080689,0.17483848251020717,0.20634920634920634,0.7142857142857143,153379798.57083276,18.848427753551096,0.07936507936507936,0.0,0.0,0.02343643131093774,-0.017909155461714676,0.021756267405949048,-0.19114662571603774,-0.04745765421633363,0.5,-0.00837732254652305,-0.11683844826347445,0.14558480810573138,-0.11007486914873099,-0.04745765421633363,-0.02808675775402747,0.24827879664920394,0.011349860376001022,-0.07579607925080689,0.07579607925080689,0.016776323528996606,126757151.04809716,-0.01925946423178504,0.026389989248431635,-0.007290375605990662,0.06261721493239736,-0.008717977832347623,0.20666616295938112,0.2878523413442515,1.0,3.0,1.0,1.0,0.0,63.0,126.0,0.17692498015300875,,,,,,,,0,0,0,0,0,0
2026-08-31,BAX,26.729999542236328,-0.20355960233295112,0.08429273901130041,1.1522037699495176,1.1746926233457768,0.42780332198022863,0.33318549987827994,0.31290582084894614,0.2083622374151266,0.278992503708106,-0.0775767811711211,0.5008993884617629,-0.17525774065107835,0.10623965788956502,0.11041678644169561,0.7122506212375724,-0.057142885976547375,0.057142885976547375,-0.4159832202111614,-0.16875571428946556,0.0769919217599655,0.64528649320469,0.5918983245570522,0.1450518721139512,0.04642854749318537,0.3145612054348119,-0.011422204700210048,0.5212680582640727,0.475357401223357,0.31290582084894614,0.5918983245570522,0.06881465275105447,-0.4661108238538435,-0.4544779236532204,0.1506866174073782,0.42332260729064175,0.1352502084829479,0.4320405851229894,0.42332260729064175,0.43931982860928365,0.9822837567450401,1.1789105832869236,0.9809654109009543,0.022454907256948056,-0.057142885976547375,0.057142885976547375,0.692651351433776,160346075.86605662,0.978552537999566,0.30158730158730157,0.047619047619047616,0.015873015873015872,0.03807211247220036,0.49049595228512805,-0.035086805505971985,0.16066267892768615,0.16501044146187693,1.6612899786626216,-0.29636412680835356,0.22701689596003516,0.13446925649495647,0.25375234169095573,0.1757355006487391,0.4309575561886428,1.2017860876502966,0.02202820634185238,0.21971381548262414,-0.057142885976547375,0.057142885976547375,0.5458898435492037,0.12698412698412698,0.9841269841269841,156907059.49700066,18.871164216671676,0.2698412698412698,0.047619047619047616,0.015873015873015872,0.035347558428805666,0.09113915281097595,0.21006312664410043,0.04207026174906433,0.0217889792870396,0.8333333333333334,0.054006923887197356,-0.17525774065107835,0.22701689596003516,-0.04082823564535776,0.0217889792870396,0.04835861137553965,0.5179187953952819,0.02519692413898481,-0.057142885976547375,0.057142885976547375,0.23350251260394805,201226276.46067482,-0.026087610375223225,0.05095932879431036,-0.018145776614922227,0.06261721493239736,-0.008717977832347623,0.20666616295938112,0.2878523413442515,1.0,3.0,1.0,1.0,0.0,63.0,126.0,0.5387222809621963,,,,,,,,0,0,0,0,0,0
2026-08-31,BBY,86.41999816894531,-0.04884443218640988,0.23900790915784165,1.054170408670168,1.034287592260587,0.13619288325328394,0.3656430972176776,0.434619411909797,0.013058292099668245,-0.07060017491696957,0.2770188113253609,-0.15360590684287345,0.05175892905485524,0.2279532489504159,-0.3112065074273096,1.079326834667907,-0.041588112189754,0.041588112189754,-0.7149396343903416,-0.6797595067176139,0.0742560088405726,0.8587435777765962,0.36401923699282746,0.04500674541006943,-0.05778804687323602,0.21269016714360145,-0.041588112189754,0.44767770400946527,0.4154387843040299,0.36401923699282746,0.44767770400946527,0.2886425803310084,-0.2327072113490083,-0.2312840279607099,0.139159346189625,0.12341290448248743,-0.013601366434444762,0.13213088231483505,0.12341290448248743,0.4026763700760975,0.2731531702606664,0.8503582973430036,1.122013760086657,0.01827530219492941,-0.041588112189754,0.041588112189754,0.5772699192562831,291079953.41368175,1.0849651905312803,0.1349206349206349,0.015873015873015872,0.007936507936507936,0.03251387831661753,0.6416042118983198,0.001774382122256113,0.09369274273116845,0.07125909807430353,1.1244258901186048,-0.1962777130591915,0.1367950086785874,0.12691434633533483,0.13890354898573198,0.08597021841633112,0.45180842808712846,0.7578858010416266,0.020163078516100736,0.03293669146600475,-0.041588112189754,0.041588112189754,0.5559707194737586,0.19047619047619047,0.9841269841269841,315811617.1153114,19.57065644858127,0.1746031746031746,0.015873015873015872,0.015873015873015872,0.03235178572342391,0.025809415420334103,0.003316672057068981,0.005416785655379298,0.0018548113697256507,0.6666666666666666,0.06794365268774932,-0.05778804687323602,0.2886425803310084,-0.06076240356267171,0.0018548113697256507,0.011890459404756859,0.3424191924381715,0.016791803558542564,-0.041588112189754,0.041588112189754,0.07998002742272625,267397661.23083204,0.030527058340341195,0.032300713624728784,0.027635072382175663,0.06261721493239736,-0.008717977832347623,0.20666616295938112,0.2878523413442515,1.0,3.0,1.0,1.0,0.0,63.0,126.0,0.5013198694192574,,,,,,,,0,0,0,0,0,0
2026-08-31,BDX,183.3999938964844,-0.04933727319156889,0.23851506815268264,1.0781457291086411,1.1170568069534617,0.22521729246931832,0.16193129609749213,0.05322116431511037,0.18599609153975805,0.12144606645912748,-0.1610404711904938,0.4164301868417888,-0.10338763462319522,-0.15344499864427075,0.2021685513361846,0.17991230974139583,-0.0009805421765707312,0.0009805421765707312,-0.7293745306297608,-0.6602595689592972,-0.0025943752912132023,0.692546377491538,0.17466723077423785,0.09443727977196549,-0.05208935299734918,0.1932510218703687,0.16034507379949758,0.23921725585486842,0.15570188364807222,0.05322116431511037,0.23921725585486842,-0.012882421764970564,-0.5056344928956393,-0.45199980261144734,0.06274557346830267,0.255389715651295,0.035867689698104055,0.2641076934836426,0.255389715651295,0.295817247811503,0.8662138499014835,1.0573739503759143,0.9966778093575099,0.014319176343752781,-0.0009805421765707312,0.0009805421765707312,0.3033898453961914,428204202.3149642,0.8846240269276867,0.0873015873015873,0.023809523809523808,0.0,0.024643602619303925,0.41942344863898684,0.016537255063110656,0.09636061707405563,0.16856263483110845,1.201104177312157,-0.41326975635285224,0.09330598656141631,0.08310319877784492,0.21192091242576439,0.12407918287308406,0.29483448651893646,1.0608984573033997,0.015284060957035798,0.15514930751670541,-0.0009805421765707312,0.0009805421765707312,0.3033898453961914,0.031746031746031744,0.5555555555555556,378799725.79922146,19.75251819804896,0.1111111111111111,0.0,0.0,0.025074632297254828,0.12221812976467605,0.19189761670061545,0.34685304901578035,0.10849197509418818,0.5,0.011551040328032261,-0.10338763462319522,0.10849197509418818,0.04587476016179082,0.10849197509418818,0.0881657170194532,0.3127894519077797,0.017427239951719485,-0.0009805421765707312,0.0009805421765707312,0.21739131315533555,318782583.904884,0.03329178347861861,0.026441041014100254,0.007703341736658986,0.06261721493239736,-0.008717977832347623,0.20666616295938112,0.2878523413442515,1.0,3.0,1.0,1.0,0.0,63.0,126.0,0.44042271421400575,,,,,,,,0,0,0,0,0,0
2026-08-31,BE,229.94000244140625,3.055555448723168,3.3434077900674195,0.8913450002694406,0.9673986551113863,1.1049066911202132,0.5190593238996373,0.4770990245137492,-0.6656224070367914,0.22000034163106585,0.8307959359689567,-1.0239889098587593,-0.12963315290773203,0.2704328615543681,-0.6702919984035518,0.40006200519272417,-0.3351452988768102,0.3351452988768102,-0.27789636760349345,-0.4174017158028034,0.049767636979906715,1.1441841656390441,0.697099366144815,0.4611183853822588,1.0913718640734649,-0.039960980389427414,-0.26083061614344705,-0.18852338252304224,0.328558336045174,-0.18852338252304224,0.697099366144815,0.005787742565001697,-0.44398661415530316,-0.3787973333890857,-0.11058990653464928,-0.1931929738898026,0.062105305989583304,-0.184474996057455,-0.1931929738898026,1.1925626985844695,-0.15647432091390717,1.1989268672114366,1.0353019479910803,0.05562874264319616,-0.3351452988768102,0.3351452988768102,0.9240230803384613,2761598837.780162,1.2834664577426669,0.6190476190476191,0.23015873015873015,0.19047619047619047,0.09341091868317479,0.8047676265329927,0.06977014444692597,-0.18486401697193844,-0.06999054356081102,1.0520422200362627,-0.2471967139343404,-0.32008592910848555,0.4927593294366278,-0.24037002587188827,-0.23800524791437538,1.2346624849460008,1.1580456016120295,0.05889678709211113,-0.10348665967851911,-0.3351452988768102,0.3351452988768102,0.40421375536736637,0.6031746031746031,0.19047619047619047,3544419478.03197,21.988640225842886,0.6507936507936508,0.2222222222222222,0.23809523809523808,0.09966137513113707,0.03140630511238407,-0.036356301904970856,0.08200059969231126,0.1172440851710459,0.6666666666666666,0.13779831929714637,-0.32008592910848555,1.0913718640734649,0.05462687023864854,0.1172440851710459,0.08727673421531557,1.4297954601670948,0.06070278741991396,-0.03044358706871042,0.03044358706871042,0.40421375536736637,3567039097.7154684,0.02004240581649963,0.11471967561474554,0.02181022509995345,0.06261721493239736,-0.008717977832347623,0.20666616295938112,0.2878523413442515,1.0,3.0,1.0,0.0,1.0,63.0,126.0,0.9820043859180703,,,,,,,,0,0,0,0,0,0
2026-08-31,BEN,33.86000061035156,0.10202000962239777,0.3898723509666493,1.0600168819495959,1.0785976471349505,0.5571395402873329,0.30351823934348543,0.30744735084993247,-0.1663116810941938,0.1404711857928449,0.18588343029725807,-0.08337426502272272,-0.09701594546786385,0.10078118789055135,-0.2049381855753971,0.9956291318259702,-0.053396696197065774,0.053396696197065774,-0.31710728773255004,-0.24710452582595033,0.0623841568536172,0.9231783933107587,0.44791853664277737,0.15357270630001027,0.2688399591896957,0.11046203533488241,-0.012283933126727486,0.14113566975573866,0.2988338524161495,0.14113566975573866,0.44791853664277737,0.03503508696146307,-0.7556291556475093,-0.7556291556475093,0.03281579438350346,0.10250916527453535,0.08329828033607911,0.11122714310688298,0.10250916527453535,0.3087970621009032,0.3638165965490427,0.9294888320699081,0.9124457034794315,0.015317202191173173,-0.053396696197065774,0.053396696197065774,0.5252596651702808,141777973.679538,1.030685697567571,0.09523809523809523,0.015873015873015872,0.0,0.027384073405252833,0.4844375351437171,-0.03655587042805364,0.02378364417093848,0.023569083517910316,1.0379698499332204,-0.54505637871587,0.01773369836098726,0.12195743199005456,0.01773369836098726,0.00416609500124121,0.2817605525610403,1.0186785126232563,0.01389234669572066,0.015957443431912743,-0.053396696197065774,0.053396696197065774,0.12610584552239446,0.12698412698412698,0.7936507936507936,146128529.70161134,18.79999713966554,0.06349206349206349,0.015873015873015872,0.0,0.02553492461258807,0.010826737190456903,0.010575006176563706,0.0,0.0,0.6666666666666666,0.05131517989672688,-0.09701594546786385,0.2688399591896957,-0.06261721493239736,0.0,0.010927335365260804,0.2870234205987874,0.014331001048262697,-0.053396696197065774,0.053396696197065774,0.050574033238169,151995656.7195529,-0.009622969580844076,0.026601107372701435,0.006599682467679724,0.06261721493239736,-0.008717977832347623,0.20666616295938112,0.2878523413442515,1.0,3.0,1.0,1.0,0.0,63.0,126.0,0.3040740622074126,,,,,,,,0,0,0,0,0,0
2026-08-31,BF-B,28.420000076293945,-0.30628744906941197,-0.018435107725160438,1.1073677677550857,1.1346983054120274,0.006180811527790819,0.057081754242085836,0.002506153529001187,0.10994032586822189,0.08175043697836304,-0.10057602037163926,0.21518512156908964,-0.07539768509971323,-0.20416000943037993,0.1121029476684492,0.005538432442542377,-0.06307222710624683,0.06307222710624683,-0.5295738893925657,-0.4756587756760353,0.018714542484106422,0.49396332926033,0.08425659050736423,0.057103238427995064,-0.02534044505685662,0.062233228122001494,0.11417227641402872,0.11244647939722308,0.06640307447786283,0.002506153529001187,0.11244647939722308,-0.0019402513382530406,-0.5575565333060473,-0.5623305409833946,0.02933801258224933,0.11460910119745038,0.045191134482078565,0.123327079029798,0.11460910119745038,0.4525023199255195,0.3365274562850135,0.8027396940101095,0.7526235330469768,0.01934033049238355,-0.054181907926182826,0.054181907926182826,0.2573573080948237,114557209.21068494,0.6147569003517794,0.20634920634920634,0.047619047619047616,0.023809523809523808,0.035736810380736526,0.36086795252225523,-0.010501336759324187,0.029422371111426315,0.0547768361619716,0.9361364292582118,-0.45994254707947646,0.07804877874218752,0.05397235744028398,0.06641652844651258,0.05429633770986109,0.3405638947342979,1.0665886180309014,0.0165260217266685,0.09585422576845004,-0.03726288497331065,0.03726288497331065,0.15782488823886087,0.19047619047619047,0.7936507936507936,70424834.84731099,18.070056540837392,0.19047619047619047,0.031746031746031744,0.0,0.030688546079344105,0.0485795128382942,0.093660076968751,-0.02970501512710016,-0.010790096445586372,0.3333333333333333,0.0016285725473094703,-0.07539768509971323,0.07804877874218752,-0.07340731137798373,-0.010790096445586372,0.021732487502908127,0.3632415738358762,0.017246500754176535,-0.03726288497331065,0.03726288497331065,0.11102424398195354,60406972.197786964,0.007658487591832852,0.03287425233232906,0.010740438860577406,0.06261721493239736,-0.008717977832347623,0.20666616295938112,0.2878523413442515,1.0,3.0,1.0,1.0,0.0,63.0,126.0,0.4853422404494142,,,,,,,,0,0,0,0,0,0
2026-08-31,BG,113.69000244140624,0.08801574883519425,0.3758680901794458,0.8463457337707337,0.864640376105915,0.19736421317064168,0.010105203193031764,-0.052021347493745984,-0.04789506230878282,-0.04881493114415425,0.028109492804903047,-0.10604947960537014,0.05428925787865069,-0.2586875104531271,-0.025918639306721114,-0.16845110123044088,-0.13484514669268288,0.13484514669268288,-0.7883352341998663,-0.8048323832524527,-0.011340002887486378,0.9131338637526258,-0.10083627863790023,0.027921558740051856,-0.0010219815641452357,-0.050127622605596556,-0.08622886169773603,-0.0999164098025288,-0.08425801197805834,-0.10083627863790023,-0.052021347493745984,-0.023834048421429554,-0.6636460221236173,-0.6400255732134763,-0.03763099966196093,-0.0779399868004671,-0.13438766654262446,-0.06922200896811948,-0.0779399868004671,0.3088216527749549,-0.22834981824938025,1.2933645802914435,1.1052280912116497,0.015421236584165096,-0.13484514669268288,0.13484514669268288,0.08389744592396542,197945144.56708997,0.9426088193985529,0.10317460317460317,0.007936507936507936,0.007936507936507936,0.030547351509814757,0.30567966679288144,0.05676888270739511,-0.02582958017547088,-0.011432549943404924,0.9889098302152313,-0.6150948793744637,-0.004684718301074753,0.07248593675758855,0.06521127017298545,0.010971087687283054,0.3413183658212902,1.1702241289158166,0.016597421107926943,-0.032029252075852166,-0.13484514669268288,0.13484514669268288,0.08389744592396542,0.7936507936507936,0.49206349206349204,186584839.02606055,19.044396599915594,0.1111111111111111,0.015873015873015872,0.015873015873015872,0.029468648820502045,0.00025222484924358746,-0.030143120678641666,0.17581781266562096,0.07022497268880801,0.3333333333333333,-0.006569030710302552,-0.13438766654262446,0.07022497268880801,0.007607757756410649,0.07022497268880801,0.005105551327851066,0.3994189873261894,0.016947905250269336,-0.08225698287001348,0.08225698287001348,0.08204057077775584,151964943.87988135,0.034909665795853195,0.03312894555582574,0.010721536123402764,0.06261721493239736,-0.008717977832347623,0.20666616295938112,0.2878523413442515,1.0,3.0,1.0,1.0,0.0,63.0,126.0,0.3053001256679447,,,,,,,,0,0,0,0,0,0
2026-08-31,BIIB,209.8300018310547,0.29912390955446133,0.5869762508987129,1.0996774616628724,1.1267201117502,0.15234228156987273,0.16643505777414047,0.09389007308499897,0.014679259038250958,0.05065800816370314,0.02179122362724195,0.048770010204669756,-0.04426027092582707,-0.11277608987438215,-0.023328839253087263,0.26122729690274077,-0.031389940906091596,0.031389940906091596,-0.7090374724467303,-0.68850679750372,0.01968463788544561,0.643369271436633,0.1445480812487021,0.02606461466451567,0.032455118577511044,0.07431145602931055,0.010315426669358252,0.10856933212324993,0.115669162152317,0.09389007308499897,0.1445480812487021,0.03550296525803942,-0.47796610169491527,-0.46026915257769707,0.024510846685729115,0.07056123383191171,0.10234692631935571,0.07927921166425933,0.07056123383191171,0.35941907372703014,0.18460778309972714,0.7818251338595527,1.0634450121238073,0.017562995362156622,-0.031389940906091596,0.031389940906091596,0.21753514152142017,226767001.32346985,1.0630895308201425,0.11904761904761904,0.023809523809523808,0.015873015873015872,0.03030954203611527,0.37445122363059186,0.03175924261523366,0.01168268157068697,0.03191597782727085,0.9863110331892354,-0.38575174502345166,-0.06067759306900944,0.05989376053304138,-0.028834563537609492,0.0031824802347080183,0.38222242121716915,0.7351815326099173,0.017840479352791875,0.017511203836942713,-0.031389940906091596,0.031389940906091596,0.11730563589621124,0.5238095238095238,0.9365079365079365,241073625.04245818,19.300612947049483,0.14285714285714285,0.031746031746031744,0.015873015873015872,0.03236307131806625,0.027450259466309745,0.03386697876202005,0.12063933896425666,0.0338999999323335,0.6666666666666666,0.016544524348733863,-0.06067759306900944,0.10234692631935571,-0.028717215000063856,0.0338999999323335,0.023308902500188244,0.28100286542831177,0.014617962744758869,-0.0038926754768038307,0.0038926754768038307,0.06114087186221173,203291643.93637523,0.01294238096553113,0.030933212887235214,0.00843931878013926,0.06261721493239736,-0.008717977832347623,0.20666616295938112,0.2878523413442515,1.0,3.0,1.0,1.0,0.0,63.0,126.0,0.4467385074350568,,,,,,,,0,0,0,0,0,0
2026-08-31,BKNG,212.05999755859372,-0.33298822858292854,-0.04513588723867701,1.301441352232035,1.318315409157194,0.0859574220696786,0.06499852023552988,0.25654912467369195,0.006180122436036495,0.005784308937366811,-0.010391131945956422,0.2801343256832527,-0.004582235393084888,0.049882961714310836,0.013194069063604319,0.6220893358702387,-0.06546866992680278,0.06546866992680278,-0.5163684340727303,-0.3859121108873388,0.031013496364193927,0.7013447874432982,0.26233343361105876,0.0034594992781478355,-0.00031345872408949926,0.20093486855243148,0.1170985564246042,0.26272924710972845,0.2605372684648264,0.25654912467369195,0.26272924710972845,-0.005523909607991984,-0.10746119396495502,-0.01880879721380191,0.08479878517581518,0.26974319373729627,0.06724057546077145,0.2784611715696439,0.26974319373729627,0.4123991682236543,0.7018905352206377,1.0743427585899028,0.9318871612017311,0.019677358467962047,-0.011006438907308014,0.011006438907308014,0.37931033113815804,1479979066.2118459,0.8712468411222257,0.1984126984126984,0.06349206349206349,0.023809523809523808,0.0344949361332319,0.5881313643797678,0.030722368981053627,0.09781736047959932,0.15537082831641968,1.17690380931701,-0.19433124227299792,0.0822485859039237,0.04843826146798461,0.1897441148066321,0.10761686473402365,0.38430949015789634,1.1528678613883527,0.017855140802950087,0.15911472721784237,-0.011006438907308014,0.011006438907308014,0.37931033113815804,0.07936507936507936,0.9841269841269841,1289427086.364092,20.97746383834783,0.15873015873015872,0.07936507936507936,0.0,0.033460565013960664,0.11013002556217533,0.18624571802418632,0.22418302876040394,0.09932609781414059,0.5,0.03973260924227823,-0.005523909607991984,0.09932609781414059,0.03670888288174323,0.09932609781414059,0.07651226396667132,0.44305806002958215,0.01881153109073002,-0.011006438907308014,0.011006438907308014,0.22698602853622174,1178094689.1894386,0.019901681563730733,0.0365125705277764,-0.002924554634869736,0.06261721493239736,-0.008717977832347623,0.20666616295938112,0.2878523413442515,1.0,3.0,1.0,1.0,0.0,63.0,126.0,0.774109911391639,,,,,,,,0,0,0,0,0,0
2026-08-31,BKR,64.81999969482422,0.16222607149154178,0.4500784128357933,1.0169819286866253,1.0298164920325252,0.3052243388970459,0.16920513649566415,0.00024534957192745566,-0.06331388778854696,0.06897689485561398,-0.01787296284213702,0.03632099627220753,-0.06451127931082656,-0.20642081338745366,0.018202683858143054,0.0006986112214963223,-0.06306853821661951,0.06306853821661951,-0.5340652761146231,-0.525469696752155,-0.00036890351337848237,1.0484275456003989,0.06922224442754144,0.06616558972687109,0.14119579503964474,0.054445267114041185,0.05411480159371862,-0.06306853821661951,0.002133018594283128,-0.06306853821661951,0.06922224442754144,-0.08003999121304917,0.1617108437917687,0.24944808398247176,-0.03241893293543796,0.01844803343007051,-0.1311834781993697,0.027166011262418133,0.01844803343007051,0.35119615084617883,0.05201689784782331,0.9490762156577773,1.0098477011374614,0.017001136053851444,-0.06306853821661951,0.06306853821661951,0.23263471448861228,540992100.0617375,0.9583471667812844,0.16666666666666666,0.031746031746031744,0.023809523809523808,0.02875888545647516,0.6728587658474955,0.09600361172645133,0.004148906799700036,0.09470043769362957,0.8855332982010927,-0.25426769477625244,0.08990998343297796,0.11076288349328474,0.17222452367656116,0.06797736249637443,0.35465462558033883,0.9398211379683956,0.017453796122646574,0.12323884396567619,-0.025925189619330546,0.025925189619330546,0.23263471448861228,0.9365079365079365,0.47619047619047616,518458246.3452233,20.06637005653848,0.15873015873015872,0.031746031746031744,0.031746031746031744,0.02818492524243909,0.0988312425399589,0.12487337579990632,0.2265870519186833,0.07552416391701477,0.5,0.005149198944398674,-0.1311834781993697,0.14119579503964474,0.012906948984617417,0.07552416391701477,0.07448609167657061,0.3333119137986693,0.01706795304919175,0.0,-0.0,0.1796638367381962,527871227.95150393,0.03048400268199636,0.026046607304015413,0.008338013088629692,0.06261721493239736,-0.008717977832347623,0.20666616295938112,0.2878523413442515,1.0,3.0,1.0,1.0,0.0,63.0,126.0,0.6036623483885668,,,,,,,,0,0,0,0,0,0
2026-08-31,BLDR,72.51000213623047,-0.7649939193240617,-0.47714157797981016,0.8660645152393724,0.9053260305411993,-0.35391606551394805,-0.3661713184520572,-0.3047271886116675,0.22153089949377558,0.18545111091917144,-0.2687697625201918,0.2195958850621107,-0.2105666784130128,-0.5113933515710486,0.25555331115358637,-0.5616605226501543,-0.5140406214492075,0.5140406214492075,-0.8669349680695091,-0.8734782916436147,-0.060382656080507635,0.8541161538086017,-0.11927607769249604,0.11886252921986828,-0.039353885838757985,-0.07569225481350683,0.03400091510552905,-0.0831962891178919,-0.16906651847401846,-0.3047271886116675,-0.0831962891178919,-0.035781948826622445,-0.7065766919087813,-0.6776833205882233,-0.007816005283297955,-0.049173877458081106,0.17335432533934347,-0.04045589962573348,-0.049173877458081106,0.5425469234936335,-0.08278607778413491,1.1902110404253177,1.0948127393607867,0.02721749807001476,-0.4287852470327461,0.4287852470327461,0.098469925611961,206673257.75172523,0.9041199318075418,0.3888888888888889,0.07142857142857142,0.07142857142857142,0.046351997394460255,0.310698572068605,0.0718152673360517,-0.057014431900876406,-0.0521023262573761,0.9758959019189061,-0.48472031702484375,-0.2622932536902335,0.16911618325132804,-0.18965132525766892,-0.09849371423619413,0.5939872835418321,1.0871366377415648,0.028445010625902666,-0.07104023948132077,-0.1988730480075278,0.1988730480075278,0.098469925611961,0.49206349206349204,0.15873015873015872,186857411.70493233,19.045856385064607,0.42857142857142855,0.09523809523809523,0.07936507936507936,0.047395767457490905,-0.02641082179632326,-0.020209061356690095,0.15249033910578477,0.098469925611961,0.3333333333333333,-0.046028585969553705,-0.2622932536902335,0.17335432533934347,0.03585271067956364,0.098469925611961,-0.00326470122482303,0.6457453382909127,0.03248049271300789,-0.07276208483457769,0.07276208483457769,0.098469925611961,163136529.3307713,-0.015438503758155586,0.053746269797069715,-0.008233927300903776,0.06261721493239736,-0.008717977832347623,0.20666616295938112,0.2878523413442515,1.0,3.0,1.0,1.0,0.0,63.0,126.0,0.6100235315896461,,,,,,,,0,0,0,0,0,0
2026-08-31,BLK,1173.72998046875,-0.22469829794169272,0.06315404340255881,0.8456250264848637,0.8693131465098591,0.13882591159290492,0.06074965395333831,0.11632975441710425,-0.008649406362578604,0.11100918328813014,-0.009896180546606126,0.137383755570199,-0.09044704757406696,-0.09033640854227687,0.011157820606488622,0.3968355353448611,-0.00823012965360348,0.00823012965360348,-0.5223119027739123,-0.461412605640924,0.022597805331934673,0.8645005435439064,0.2273389377052344,0.06672834115766128,0.1080262820053377,0.12795144261805347,0.04406317775146662,0.10768034805452564,0.15044968005895476,0.10768034805452564,0.2273389377052344,-0.017567578931992123,0.361448968799577,0.46550633268000374,0.0195632650916453,0.12748757502359287,-0.07632337255792221,0.1362055528559405,0.12748757502359287,0.29314349158779457,0.4251496775239658,0.8672311889254268,1.0229296100129677,0.01382201325407364,-0.007701790280010168,0.007701790280010168,0.27895127866915703,802057760.623508,1.001061881236907,0.0873015873015873,0.007936507936507936,0.007936507936507936,0.024330273463464863,0.728546162009197,-0.00043649670478040914,0.06753079411627017,0.11453163279295242,0.9118239223750758,-0.13670150338121057,0.13398021695676188,0.09672594591376157,0.22065184018559125,0.09062335899510177,0.29986515752774234,0.8477916568613484,0.014556409988329787,0.11211704120370625,-0.007701790280010168,0.007701790280010168,0.23528421396125343,0.015873015873015872,0.5238095238095238,802909450.7104298,20.50375250305029,0.1111111111111111,0.015873015873015872,0.0,0.0232082423188518,0.0834223866221302,0.09939394001120894,0.30064660744150984,0.0764313362198048,0.5,0.022349972686320514,-0.09044704757406696,0.13398021695676188,0.013814121287407444,0.0764313362198048,0.06103721407609375,0.25422317873543393,0.013674338448554415,-0.007701790280010168,0.007701790280010168,0.13167683075744296,729825046.2286086,0.024666605965865784,0.020314354486377605,0.012234107890523482,0.06261721493239736,-0.008717977832347623,0.20666616295938112,0.2878523413442515,1.0,3.0,1.0,1.0,0.0,63.0,126.0,0.4873999195440354,,,,,,,,0,0,0,0,0,0
2026-08-31,BMY,63.83000183105469,0.12998890068779878,0.4178412420320503,1.0525912739528893,1.1070001499122861,0.3411954096546277,0.18467048547295306,0.04563272875386715,0.019733391262221067,0.029653457358117752,-0.07376010300443347,0.20266065257649757,-0.027577269885088573,-0.16103343420551397,0.08326782081819695,0.16890793242273272,-0.03126419149606763,0.03126419149606763,-0.7268954509177973,-0.6916921244504706,0.016074766862537615,0.6461693869647808,0.0752861861119849,0.01509493278854734,0.00931141502392352,0.09406428306849612,0.04205018516608239,0.06536612001608821,0.06209501162731342,0.04563272875386715,0.0752861861119849,-0.05627991728771875,-0.48365945831018564,-0.49536029775625257,0.052599746295030725,0.1289005495720641,0.007695007407193533,0.13761852740441172,0.1289005495720641,0.2701633256611079,0.43809831111886294,0.8005183562550594,1.089072511030173,0.013501176432516318,-0.03126419149606763,0.03126419149606763,0.195380262491905,705946812.280567,1.0282253312877072,0.0873015873015873,0.007936507936507936,0.0,0.023087642833034567,0.45766137815950225,-0.03126419149606763,0.0958063957321924,0.07554915286070152,1.2827574035018534,-0.3249080854879689,0.14625538308641306,0.07133214502348698,0.12027998677569451,0.11822147951712147,0.2942274514660052,0.7350459663129637,0.01505879454966314,0.10855206591267708,-0.03126419149606763,0.03126419149606763,0.195380262491905,0.12698412698412698,0.6190476190476191,725872394.928687,20.402884794157284,0.14285714285714285,0.0,0.0,0.025274463733626813,0.03320458537988302,0.09392698247804532,-0.10478113668858592,-0.02266108992289062,0.5,0.009457254736972029,-0.05627991728771875,0.14625538308641306,-0.08527830485528798,-0.02266108992289062,0.005695768527137712,0.21627070137863041,0.010840770871276698,-0.03126419149606763,0.03126419149606763,0.061004022489212995,780906853.0184065,-0.009604473505963274,0.029788946272746933,-0.004615887184329259,0.06261721493239736,-0.008717977832347623,0.20666616295938112,0.2878523413442515,1.0,3.0,1.0,1.0,0.0,63.0,126.0,0.45935549788358093,,,,,,,,0,0,0,0,0,0
2026-08-31,BNY,163.24000549316406,0.28491521048251234,0.5727675518267639,0.7902185382748064,0.8007282096846297,0.4743009812322554,0.3720838112700311,0.38153059624101315,-0.1618404982380124,0.005473482665293794,0.1753438669889178,8.286134405910417e-05,-0.003946262847049353,0.17486443328163204,-0.20610386790803625,1.794815521318817,0.0,-0.0,-0.7062647844334223,-0.6547357765703958,0.067186766720716,0.7352566651624347,0.38700407890630695,0.09505811738801977,0.1371774528441687,0.15556146852205033,0.011485351799449206,0.21969009800300077,0.3294082577167736,0.21969009800300077,0.38700407890630695,0.037657276802612216,-0.17645800350862184,-0.14005630105226163,0.06510221020892848,0.1754267283329769,0.037151300374071994,0.18414470616532452,0.1754267283329769,0.21257371117487736,0.7825484681455736,0.8856824562727613,1.0545689100773372,0.011009412237051236,0.0,-0.0,0.43502778781767937,501685530.20230854,1.0941357080401817,0.015873015873015872,0.007936507936507936,0.0,0.021927137162803815,0.44820747284137963,0.03324775097430177,0.07158272780599684,0.07754777747925168,0.911666705489415,-0.29823772484200284,0.08534841930088266,0.048734336962176474,0.1333223300294113,0.0660415789167541,0.2241736269047851,0.8398526144752452,0.011403848352920423,0.04561873476345668,0.0,-0.0,0.21381818148811305,0.0,0.9841269841269841,548912052.8014168,20.123448793201423,0.015873015873015872,0.015873015873015872,0.0,0.02146934821799682,0.04089687744827586,0.03904047643892139,0.23477310713554675,0.04420139180690974,0.8333333333333334,0.05626492971359933,-0.003946262847049353,0.1371774528441687,-0.018415823125487618,0.04420139180690974,0.030683332228925053,0.1882728066523819,0.008875845534085068,0.0,-0.0,0.07042626552894471,466905941.3549514,0.022576385467082627,0.017218289250081446,0.009936064584268767,0.06261721493239736,-0.008717977832347623,0.20666616295938112,0.2878523413442515,1.0,3.0,1.0,1.0,0.0,63.0,126.0,0.31715100445355804,,,,,,,,0,0,0,0,0,0
2026-08-31,BR,171.00999450683594,-0.605089293572634,-0.31723695222838244,1.0921318419197978,1.1123481933517325,-0.23781171867157802,-0.12173234056655668,-0.06862134686896104,0.1867457634166635,0.12825212301774724,-0.1684235247735527,0.28843915878654525,-0.121034728232298,-0.27528750982834216,0.18863698088195358,-0.2116530218573037,-0.336194030425363,0.336194030425363,-0.7540805223068553,-0.7245663402753686,-0.027903206444013784,0.7990553198302778,0.0596307761487862,0.095519712782013,-0.05231407125471765,0.1226853505308716,0.20114422434899815,0.11812441654770245,0.03637794860917587,-0.06862134686896104,0.11812441654770245,-0.0016885634520242832,-0.3718866916087654,-0.3022821984610501,0.02818613800886549,0.12001563401299253,-0.1030574668901506,0.12873361184534016,0.12001563401299253,0.32421623970587815,0.3436290818765207,1.2743121147676568,1.077241677463892,0.015999966012928923,-0.12070639359814817,0.12070639359814817,0.2626254535163486,233660240.08391848,0.9082625523515706,0.15873015873015872,0.007936507936507936,0.0,0.029975064038869077,0.3445121951219512,0.019194230278626323,0.07953863154626495,0.13799381524480125,1.3443375228336587,-0.41128143472597933,0.12413289798337734,0.10525071822413964,0.24870389425029438,0.1171410591338593,0.34925924592179547,1.1829398559548125,0.017727935964612654,0.13568858559121022,-0.013783157288201564,0.013783157288201564,0.2626254535163486,0.06349206349206349,0.5238095238095238,212224846.04170057,19.173156869851567,0.15873015873015872,0.015873015873015872,0.0,0.029796765955547578,0.0983159792181032,0.14989663992237756,0.26821848408552107,0.11081518607843366,0.3333333333333333,-0.007191124294563256,-0.121034728232298,0.12413289798337734,0.0481979711460363,0.11081518607843366,0.07269765147660334,0.41315268206161515,0.020280810930869836,-0.013783157288201564,0.013783157288201564,0.1865806293414285,194611336.51769727,0.019701112397805698,0.04070355120357213,-0.0018677655678569494,0.06261721493239736,-0.008717977832347623,0.20666616295938112,0.2878523413442515,1.0,3.0,1.0,1.0,0.0,63.0,126.0,0.38026764068223806,,,,,,,,0,0,0,0,0,0
2026-08-31,BRK-B,504.0299987792969,-0.2857648075058594,0.0020875338383921083,0.9886689135892901,0.9995321116854773,-0.019034271084189203,0.04890433492122792,-0.0018219891187114534,0.06607450660945258,0.05363748565408755,-0.06034260913773459,0.12262128707727848,-0.05099514680166484,-0.20848815207809257,0.06410066705825535,-0.01160337259132373,-0.047958114446858935,0.047958114446858935,-0.49870290927957683,-0.4674827892145693,0.0068568043561700875,0.9295643834233507,0.05181549653537609,0.03511291258501927,-0.011686156011816329,0.033263360086571714,0.0038404131836553557,0.06425251749074112,0.038082008302468585,-0.0018219891187114534,0.06425251749074112,0.0018581183941541735,0.005482511802629597,-0.009279155626438773,0.02453070967040305,0.06227867793954389,0.05460715533252669,0.07099665577189151,0.06227867793954389,0.15702237469077068,0.4015176441097713,1.10010679869829,0.987809524276446,0.007163771355622925,-0.047958114446858935,0.047958114446858935,0.08300387922094532,2350602396.2049694,1.0184423984306727,0.015873015873015872,0.0,0.0,0.013997615738194247,0.7533900077974934,-0.04633821753608103,0.02272176193829467,0.010024296311609726,1.3360364380689025,-0.13955559417016006,0.02228260670692661,0.03587254356355722,0.0072742940992072125,0.024921874406320876,0.15510819724404803,1.1136831258071742,0.007508359272357767,0.03834888369871248,-0.047958114446858935,0.047958114446858935,0.07174294503675838,0.06349206349206349,0.8253968253968254,2393953142.147876,21.59621187127071,0.015873015873015872,0.0,0.0,0.014301026040378155,0.0005075052775747046,0.042076709350868935,-0.08498934959154984,-0.014681177699056747,0.5,0.0002308999868449272,-0.05099514680166484,0.05460715533252669,-0.0772983926314541,-0.014681177699056747,-0.007656726604807873,0.17274138194506714,0.007633774828874322,-0.047958114446858935,0.047958114446858935,0.029914758561995436,2207537704.4112434,-0.023647993287336244,0.018427195321677664,-0.01815907436939901,0.06261721493239736,-0.008717977832347623,0.20666616295938112,0.2878523413442515,1.0,3.0,1.0,1.0,0.0,63.0,126.0,0.3560692633295241,,,,,,,,0,0,0,0,0,0
2026-08-31,BRO,70.54000091552734,-0.5532230868907426,-0.2653707455464911,1.151365227369326,1.169099089292788,-0.11633058026276255,-0.014236595738147728,-0.012662746713670181,0.19155829275120118,0.10008134014793724,-0.21449606264065235,0.47144361736009943,-0.09203570800813887,-0.2193289096730513,0.26961030143311726,-0.03813259263944184,-0.2653707455464911,0.2653707455464911,-0.555741284947831,-0.4415900944523725,0.0024869141145391627,0.7215127919911012,0.08741859343426706,0.0958113485146217,-0.07759546883583834,0.1053583140794212,0.17679788897241167,0.178895546037531,0.08455046425270929,-0.012662746713670181,0.178895546037531,-0.06209647203565116,-0.39909561665815774,-0.39650679814766476,0.0950712241410625,0.2569475547194471,0.14044447954915396,0.2656655325517947,0.2569475547194471,0.33207148628474503,0.7134733606755566,1.224484409709402,1.0845139451972985,0.0160938203923424,-0.055652529707796106,0.055652529707796106,0.3001710111312623,204140141.18712893,0.8921715695706298,0.15079365079365079,0.023809523809523808,0.007936507936507936,0.02891364879441583,0.501097297050729,0.004050988816321044,0.12186351300205223,0.07343056517489188,1.1915469333296271,-0.28271278911169795,0.09742790697508075,0.09753440318224998,0.10215584998609462,0.09823955157290754,0.3601361576781994,1.1290628535778207,0.017355954394763506,0.04762360726062287,-0.055652529707796106,0.055652529707796106,0.3001710111312623,0.19047619047619047,0.9841269841269841,182128030.1752908,19.020220465719543,0.1746031746031746,0.047619047619047616,0.015873015873015872,0.02944462079414802,0.011292660984460134,0.04427017071165751,0.010595254358733867,0.004308203737998451,0.5,0.0017421568971007957,-0.09203570800813887,0.14044447954915396,-0.05830901119439891,0.004308203737998451,0.00013606919640563042,0.4066163578646998,0.017955454475812493,-0.055652529707796106,0.055652529707796106,0.07549891982711654,188129994.95915005,-0.00872141740044885,0.03490982813405818,-0.0090459392831439,0.06261721493239736,-0.008717977832347623,0.20666616295938112,0.2878523413442515,1.0,3.0,1.0,1.0,0.0,63.0,126.0,0.4076780266216683,,,,,,,,0,0,0,0,0,0
2026-08-31,BSX,51.83000183105469,-0.7965727031352023,-0.5087203617909508,0.8380980902193309,0.8602338273384028,-0.48976175529847843,-0.4458462257295849,-0.3255692536089221,0.22523947200745642,0.1515453784066063,-0.37137277381262146,0.4442355425499819,-0.1834742843732028,-0.5322354165683032,0.3984320223462825,-0.8228123658245042,-0.5207138697652328,0.5207138697652328,-0.5633407635709131,-0.5315245626099482,-0.09012159939923259,1.3546535899954428,-0.17402387520231577,0.11484020847700374,-0.08191234087089139,-0.012720498660044433,0.2632000906586699,-0.10032978160146566,-0.19997430347090117,-0.3255692536089221,-0.10032978160146566,-0.16143029228486927,-0.12910405041756057,-0.034056513937732014,-0.05320783429523879,0.07286276873736042,-0.11653903763347595,0.08158074656970804,0.07286276873736042,0.3956786104966755,0.18165790896438772,0.6398926729520766,1.013698456989129,0.017229671162042416,-0.3255692536089221,0.3255692536089221,0.21581047460541858,1015932266.6121256,0.9718056353090169,0.12698412698412698,0.015873015873015872,0.031746031746031744,0.029610273895422857,0.585515253207013,0.08826587740679803,0.019272455766984775,0.12157990365083582,1.0224067446488398,-0.3735532143878765,0.09489220262656395,0.12785829680170407,0.21438616355326712,0.06960747306084891,0.4010987969240825,0.6312455824907495,0.016466063760490344,0.12576762040018563,-0.10297675794299488,0.10297675794299488,0.21581047460541858,0.9047619047619048,0.36507936507936506,987288701.7859262,20.710473059981954,0.12698412698412698,0.015873015873015872,0.015873015873015872,0.03118205779891423,0.11702589847020484,0.167857598434632,0.4310472542337612,0.10913764902156231,0.3333333333333333,-0.05655435058571886,-0.1834742843732028,0.10913764902156231,0.04652043408916495,0.10913764902156231,0.09281440828238763,0.2531918437006813,0.013590649739389008,0.0,-0.0,0.2061903737178108,945304374.16796,0.03564724305381106,0.036258648388700805,0.009977056213881674,0.06261721493239736,-0.008717977832347623,0.20666616295938112,0.2878523413442515,1.0,3.0,1.0,1.0,0.0,63.0,126.0,0.6454487200025633,,,,,,,,0,0,0,0,0,0
2026-08-31,BX,143.92999267578125,-0.4140570225606549,-0.12620468121640338,1.0828121493664908,1.1256778889849428,0.013870946210085222,0.04234651942131773,0.29439400334940347,-0.12585244482257463,-0.018235679069948496,0.04131459142164129,0.20172378911449318,0.014289511515152231,0.08772784039002235,-0.051355622813269,0.7152739516301427,-0.20622999395958308,0.20622999395958308,-0.5468528469136097,-0.43672069668293356,0.0423426026000735,0.9001988628406576,0.27615832427945497,0.06801071745200281,0.09209494088365822,0.1861637313462301,0.05712179979841514,0.16854155852682884,0.24636462871856243,0.16854155852682884,0.29439400334940347,-0.059931232354365815,-0.22346311684599518,-0.11618734213202153,0.05516070920614635,0.24303838053613447,0.005984379848105181,0.2517563583684821,0.24303838053613447,0.41158216747368725,0.6029475737240586,1.0301222331798956,0.9793518788503236,0.02031936735094278,-0.03609706927440848,0.03609706927440848,0.4369902744970071,799908517.7705795,0.7941060840276667,0.2222222222222222,0.031746031746031744,0.031746031746031744,0.035326025634363184,0.5390802724173854,0.00983272951244385,0.08914802032790425,0.14876768648386918,1.1366747506903014,-0.28996446773159756,0.08566333715408558,0.07213474005263744,0.2356438185688554,0.11476031581439528,0.40308376901664417,1.0518407688043363,0.020194839619522082,0.15221058889080163,-0.03609706927440848,0.03609706927440848,0.3184458445756517,0.015873015873015872,0.7936507936507936,635212220.6271701,20.269469708309032,0.1746031746031746,0.047619047619047616,0.015873015873015872,0.03346136545696331,0.10826519911798149,0.17613789381336198,0.3258323950552462,0.13814639979270438,0.8333333333333334,0.04604122280655663,-0.059931232354365815,0.13814639979270438,0.07552918486030702,0.13814639979270438,0.07776921855482777,0.4239799414950165,0.02204519196165117,-0.03609706927440848,0.03609706927440848,0.1838316535101523,702090183.3595276,0.022971137563019273,0.034534055267350865,-0.012134747282185887,0.06261721493239736,-0.008717977832347623,0.20666616295938112,0.2878523413442515,1.0,3.0,1.0,1.0,0.0,63.0,126.0,0.6895640425918212,,,,,,,,0,0,0,0,0,0
2026-08-31,BXP,68.44999694824219,-0.3017954761267154,-0.013943134782463895,1.157144312912923,1.1766666602739042,-0.021075958206401735,0.08426052746753143,0.21776869762535944,-0.03453341246797659,0.11502380654784417,0.05647323037356222,0.09620027105984752,-0.08630286123885356,0.011102534665978325,-0.0650951961919497,0.7617033236646578,-0.09414689982907498,0.09414689982907498,-0.5317622440336804,-0.46027474632697996,0.05598430836746782,0.39253546279038937,0.3327925041732036,0.07830537913535002,0.12639685520866473,0.10662187755582941,-0.05025022334449247,0.18323528515738285,0.2445988289853153,0.18323528515738285,0.3327925041732036,0.02651382519505119,-0.48765196532737287,-0.4998542493427285,0.068155456955455,0.15267350143340974,0.11663667602059635,0.16139147926575736,0.15267350143340974,0.2858970032815989,0.5519886039114282,0.9620819843006466,0.9674398022530275,0.014377406729012094,-0.06194332186989904,0.06194332186989904,0.36338950046641116,114091402.58494785,0.8241103280714147,0.07936507936507936,0.0,0.007936507936507936,0.027604356025286672,0.5244224545217812,-0.02288619666167735,0.04883940384264185,0.01656753988063575,1.2725717129326155,-0.25317863954227593,0.05745747742822083,0.08217072017321192,0.03227265070787344,0.039319740822705285,0.2765881403194832,0.9944618590842517,0.013873007794296578,0.011453500557973895,-0.06194332186989904,0.06194332186989904,0.18242618252957365,0.19047619047619047,0.9841269841269841,94023903.21440923,18.359059608058764,0.07936507936507936,0.0,0.0,0.025224673878860713,-0.007189277887914569,-0.0005862537844240068,-0.08658733422710044,-0.02381639664754931,0.6666666666666666,0.03614759599435504,-0.08630286123885356,0.12639685520866473,-0.08643361157994667,-0.02381639664754931,-0.011609477650483813,0.27505635622276914,0.013960181760815815,-0.06194332186989904,0.06194332186989904,0.015427877609171192,102898296.53661819,-0.008804229445231737,0.03106542624472984,0.0037539700676316734,0.06261721493239736,-0.008717977832347623,0.20666616295938112,0.2878523413442515,1.0,3.0,1.0,1.0,0.0,63.0,126.0,0.17333098373436717,,,,,,,,0,0,0,0,0,0
2026-08-31,C,139.3300018310547,0.185457273512873,0.4733096148571245,0.8562093512326104,0.8690162868031406,0.36519505256583384,0.22231627552147648,0.27689276079594105,-0.17749580707271284,-0.036254260290745854,0.14797661687844532,-0.035678036905586685,0.029222259567136533,0.07022659783655993,-0.16459418082308241,0.900783816073025,-0.03866003069800539,0.03866003069800539,-0.6058052488499743,-0.5615377380630721,0.04190052539983502,0.9134438654778271,0.2406385005051952,0.09378015733173109,0.1284718374956717,0.0721255795516027,0.010603039837184802,0.09939695372322821,0.20564273834145483,0.09939695372322821,0.27689276079594105,-0.011599067446391276,-0.2889358556570084,-0.2481972268095739,0.02536238469884644,0.11229857997285864,0.11167598918511934,0.12101655780520626,0.11229857997285864,0.3073909142851361,0.38267531090651036,0.9326959277187377,0.9546689424268344,0.014567647594882755,-0.03866003069800539,0.03866003069800539,0.3336571396480823,1608720497.9602692,1.0024669003990745,0.1111111111111111,0.015873015873015872,0.015873015873015872,0.02595616794226387,0.47497574596374587,0.05209301375598696,-0.027843185629949696,0.02074710551194414,0.9210266261410882,-0.4685499517549775,-0.05365822121801178,0.07033898616876995,0.0005600469865285618,-0.0453227758726521,0.2934565590522086,0.9769836288459957,0.014166792700755769,-0.009015268931395481,-0.03866003069800539,0.03866003069800539,0.16727839989405036,0.6031746031746031,0.9523809523809523,1612689051.1986868,21.20116884143554,0.1111111111111111,0.0,0.015873015873015872,0.024354762929137522,0.03524259832663468,0.012843232186273923,0.19983268363106513,0.057292480814197244,0.6666666666666666,0.043567546399620294,-0.05365822121801178,0.1284718374956717,-0.005324734118200114,0.057292480814197244,0.04280092195024032,0.28670225397148597,0.012872405731265742,0.0,-0.0,0.10153694227575638,1334124824.3989491,0.021833039218768002,0.023040892987485233,0.014593018366814592,0.06261721493239736,-0.008717977832347623,0.20666616295938112,0.2878523413442515,1.0,3.0,1.0,1.0,0.0,63.0,126.0,0.5995003542198442,,,,,,,,0,0,0,0,0,0
2026-08-31,CAH,235.1699981689453,0.3092426683986689,0.5970950097429204,1.0188701749874793,1.0200382906522532,0.1158116908526845,0.09946591503221569,0.0306383529635037,0.1912712496275113,0.08740270858819965,-0.13939252251764878,0.33696328494997896,-0.0781748645858279,-0.17602780999587742,0.16693240946882648,0.12350137603757387,-0.02118536774438251,0.02118536774438251,-0.4612290502793296,-0.3547836629666261,0.013032425417830451,0.7296002980124148,0.11804106155170335,0.09575367549103851,-0.08500509433681669,0.09161391633280669,0.12064057111803328,0.221909602591015,0.12352967236874068,0.0306383529635037,0.221909602591015,0.020323508991862305,-0.028829554609276054,-0.007128839384987762,0.07423911532304794,0.19757076243233018,0.20711381276773633,0.2062887402646778,0.19757076243233018,0.24808106554361253,0.8627767171041061,1.005765401575852,0.9230615067163158,0.012312152678824411,-0.02118536774438251,0.02118536774438251,0.2914077953696814,450337455.5573721,1.1425869651849956,0.047619047619047616,0.0,0.0,0.023654741248117818,0.7054569774489519,0.019196792630444826,0.02681271892425041,0.026679609655186676,1.2807553444064654,-0.005734147634664066,-0.02958941197940257,0.1072188750806175,-0.007905675698901438,-0.0036030603359246127,0.22899408214847608,1.0895973824688516,0.011916959673932638,0.008601376807867878,-0.02118536774438251,0.02118536774438251,0.2093694127746457,0.047619047619047616,0.8095238095238095,514549706.65443057,20.058802722088465,0.031746031746031744,0.0,0.0,0.023459588886170408,0.012816859702126537,0.021487459816722954,0.0895546786698574,0.022344908998499946,0.5,0.009502143309341904,-0.08500509433681669,0.20711381276773633,-0.04027230593389741,0.022344908998499946,0.014555898444646997,0.24951135250983672,0.013232517936655416,-0.02118536774438251,0.02118536774438251,0.0663371965547821,478758873.26311386,-0.003706926759771134,0.029565223734629907,-0.001833603850715737,0.06261721493239736,-0.008717977832347623,0.20666616295938112,0.2878523413442515,1.0,3.0,1.0,1.0,0.0,63.0,126.0,0.31557659514629816,,,,,,,,0,0,0,0,0,0
2026-08-31,CARR,62.77999877929688,-0.3101594977963743,-0.02230715645212278,0.9250042451355652,0.9444591282008908,0.15709546216849635,0.06126504464788374,-0.018165085410163595,-0.04048943129100535,0.14105927500893767,-0.004697384499985469,-0.008833877952703184,-0.12562116387772937,-0.2248312483695447,0.004633822957474942,-0.04274149447604285,-0.17097690770668972,0.17097690770668972,-0.6965466144505278,-0.7006527218525547,0.0178163766462196,0.8112688256168097,0.12289418959877407,0.09530393999506624,0.1928608672596246,-0.031152259053206843,-0.11162486269039495,-0.058654516701168946,0.015358195829147178,-0.058654516701168946,0.12289418959877407,-0.04574220401618778,-0.6359281022361267,-0.6302146450514583,0.0016321273277457582,-0.013531262452688653,0.14842645966491697,-0.0048132846203410296,-0.013531262452688653,0.4249988362092803,-0.033760678329963885,1.0314992889322236,0.9430601917217049,0.019362371225208116,-0.17097690770668972,0.17097690770668972,0.16553320839053054,414134643.44960773,1.0335867526392537,0.1984126984126984,0.03968253968253968,0.031746031746031744,0.03222589377056722,0.3764218617586326,0.012809019826050982,-0.054712029868459244,-0.07547390728660397,0.9483006642543234,-0.4569047168024247,-0.15429755392715538,0.14211916107446596,-0.14102576682608037,-0.08274196184506699,0.4007994839570253,1.0937788467659306,0.019036801165830647,-0.07383015280317762,-0.17097690770668972,0.17097690770668972,0.047730318720767606,0.5396825396825397,0.19047619047619047,428044081.2784952,19.87473674422014,0.1746031746031746,0.015873015873015872,0.031746031746031744,0.031266577420345824,-0.04982658269917406,-0.07800116117990186,0.035797701792319815,0.01569321120295286,0.5,0.0052199360510703134,-0.15429755392715538,0.1928608672596246,-0.0469240037294445,0.01569321120295286,-0.030764433477618147,0.43838599734689526,0.01826228550884275,-0.0944757374696028,0.0944757374696028,0.047730318720767606,443433369.07978964,-0.01680423943564291,0.035033905720223114,-0.0074936060066953525,0.06261721493239736,-0.008717977832347623,0.20666616295938112,0.2878523413442515,1.0,3.0,1.0,1.0,0.0,63.0,126.0,0.6453449460482237,,,,,,,,0,0,0,0,0,0
2026-08-31,CASY,846.4500122070312,0.42976729501780864,0.7176196363620602,0.9837798302116058,1.0153421393994884,0.48733210020294426,0.39764623384717224,0.23641306189056355,-0.20536957792123878,-0.07180389504131757,0.11972496252844467,-0.0155135684208898,0.061654928610580084,0.02974689893118243,-0.13220166778300868,0.5782313054544009,-0.07551761429491455,0.07551761429491455,-0.7713397399660825,-0.747510735490952,0.0487337169115305,0.6429401510749564,0.16460916684924598,0.10422112271658435,0.12954418019860658,0.043558878835303405,0.060936056171169595,0.03104348396932477,0.1440219042363781,0.03104348396932477,0.23641306189056355,-0.06626259294975478,0.10923217550274233,0.0779673805909622,0.012955799579858818,0.10421139410755487,0.03604295235665633,0.11292937193990249,0.10421139410755487,0.4088555214159137,0.20219997527288136,0.6389265644924736,1.2605620856394115,0.01597760125986639,-0.07551761429491455,0.07551761429491455,0.28888278597643646,422188222.3796057,0.9885904187462249,0.10317460317460317,0.023809523809523808,0.0,0.03012344829758787,0.45999305051015577,-0.026813197420479495,0.03257499970284461,0.014005863602935875,0.9310195486985191,-0.34197921373700857,0.09670873577341421,0.0743523157294807,0.06579692627206013,0.04788049549022366,0.5153877688012333,0.506858465577586,0.01846200865099653,0.027557375973342957,-0.07551761429491455,0.07551761429491455,0.1361419350293247,0.6984126984126984,0.8253968253968254,417371231.5519787,19.849486629657203,0.12698412698412698,0.031746031746031744,0.0,0.03469936551153958,0.0008814264990757437,0.015654176455615065,-0.10789773135603327,-0.028185979096404967,0.6666666666666666,0.038250370815516244,-0.06626259294975478,0.12954418019860658,-0.09080319402880233,-0.028185979096404967,-0.008974944126897144,0.2612286536720487,0.012807030298186053,-0.03217968489989531,0.03217968489989531,0.019929919627101,246980014.56008184,0.001255056240794472,0.0284738822929996,0.002040897280930265,0.06261721493239736,-0.008717977832347623,0.20666616295938112,0.2878523413442515,1.0,3.0,1.0,1.0,0.0,63.0,126.0,0.5472602252055009,,,,,,,,0,0,0,0,0,0
2026-08-31,CAT,856.5700073242188,0.7746726612203023,1.0625250025645538,0.8636257002099915,0.8881466254601121,0.4968119517625722,0.307948273106293,0.15745572316554668,-0.19335122813313588,0.05615240212090522,0.18134365896579663,-0.20156464683749054,-0.04626897344449732,-0.04921043979383444,-0.1776767110372406,0.36445736035258003,-0.19414125143496852,0.19414125143496852,-0.6355622281248797,-0.6429315198899537,0.03499985423052121,0.8636349440247126,0.2136081252864519,0.1308878980874378,0.25879314072242066,-0.013546956655587916,-0.1390561847735794,-0.0358955049675892,0.11172278116146979,-0.0358955049675892,0.2136081252864519,-0.015998012717017285,-0.21876547285030534,-0.17872624704212092,-0.017561851662043826,-0.020220987871693907,0.21581978711898242,-0.011503010039346284,-0.020220987871693907,0.43202783176946213,-0.04363550524619746,0.9461651011830031,1.072631716126048,0.020509703174754708,-0.19414125143496852,0.19414125143496852,0.28821412524204426,2465530130.026584,1.2019651515282574,0.2777777777777778,0.047619047619047616,0.031746031746031744,0.032778347723751204,0.540832357393813,0.03928770435812401,-0.07731134643679527,-0.06023929617177248,1.1108051556073912,-0.25304753764218557,-0.23342895579309253,0.18123742571773915,-0.19414125143496852,-0.12087064655694857,0.46340675460509373,0.8820968902543775,0.02266399957274426,-0.0884213808295502,-0.19414125143496852,0.19414125143496852,0.0943644303485649,0.5079365079365079,0.19047619047619047,2963481296.3348875,21.809630528166647,0.31746031746031744,0.047619047619047616,0.06349206349206349,0.035443255672028676,-0.024424263838637383,-0.07661395557571582,0.12537922808109803,0.05125122407769922,0.5,0.03836136832741586,-0.23342895579309253,0.25879314072242066,-0.011365990854698138,0.05125122407769922,0.00346998701002299,0.4087696571600266,0.017708745260286658,-0.04244636532271828,0.04244636532271828,0.0943644303485649,2626430960.7302713,0.004830776819878091,0.04402858616213243,0.008270334711389493,0.06261721493239736,-0.008717977832347623,0.20666616295938112,0.2878523413442515,1.0,3.0,1.0,1.0,0.0,63.0,126.0,0.8291837991591284,,,,,,,,0,0,0,0,0,0
2026-08-31,CB,343.6400146484375,-0.03097298267396975,0.2568793586702818,1.0102287433900128,1.02646983648224,0.16729628649046147,0.11684262435694537,0.014286890415650344,0.039878846321051986,0.0433396105557633,-0.082760467549996,0.18856419114924683,-0.040978181348478526,-0.19237927254373077,0.09151683318360049,0.0684483571980933,-0.05463544800980058,0.05463544800980058,-0.38713414941312785,-0.3222906603542146,0.01413005013875046,0.9071298699006161,0.05762650097141364,0.024085338265258556,0.0032829413005062147,0.030342827454864052,0.03320958861346046,0.05416573673670233,0.04202637604125544,0.014286890415650344,0.05762650097141364,-0.04669724451141599,0.7857038015558491,0.7498554047586012,0.039877597168809675,0.10580372359925083,0.09647169688845048,0.11452170143159845,0.10580372359925083,0.20872510313583278,0.43386468376862675,1.1599175291809056,1.1683473224945724,0.010208423194620689,-0.05463544800980058,0.05463544800980058,0.11276454157195492,579446627.4722872,1.058020414676078,0.03968253968253968,0.0,0.0,0.018588168478710285,1.078904777740827,-0.019367202276048823,0.04279276140637478,0.0008746145446090203,0.9109818715420281,0.420487273293376,0.02917181054847462,0.05358485460746591,0.008510959961194331,0.02438039908705325,0.2438634153861537,0.9927848567362075,0.01202426388754504,-0.008424926919911258,-0.05463544800980058,0.05463544800980058,0.11276454157195492,0.20634920634920634,0.8253968253968254,613066361.0808842,20.233983745921748,0.07936507936507936,0.0,0.0,0.019517761909813365,-0.020946299854056605,-0.0017861973322463864,-0.08291985209996129,-0.020075220070659983,0.5,0.0035293004678128015,-0.04669724451141599,0.09647169688845048,-0.08269243500305734,-0.020075220070659983,-0.02221522263317799,0.24210390590734487,0.010755168758285765,-0.05463544800980058,0.05463544800980058,0.0011945449086201432,677234221.8620664,-0.012599627473780517,0.017753213500281376,-0.0050033142121017615,0.06261721493239736,-0.008717977832347623,0.20666616295938112,0.2878523413442515,1.0,3.0,1.0,1.0,0.0,63.0,126.0,0.3010306195465274,,,,,,,,0,0,0,0,0,0
2026-08-31,CBOE,296.1400146484375,-0.02701951533464597,0.26083282600960556,0.7319141104023205,0.7377767557607217,0.15231630168813903,0.12236290433577723,-0.009873495551279476,-0.0012208098149253388,0.06569843773827044,0.11523798902586657,-0.22742165368602396,-0.06222474494889796,-0.2165396585106606,-0.10231016910887791,-0.024282351541994044,-0.19072616192972447,0.19072616192972447,-0.8591078644700031,-0.8749136605555538,-0.003158075473313815,1.2156453368278435,0.05582494218699097,0.03828829410089442,0.06766999918832184,0.0010855667164249017,-0.10225910613996791,-0.011094305366204815,0.011619047089835558,-0.011094305366204815,0.05582494218699097,0.11386291879305999,-0.7780226507499235,-0.7783071027447392,-0.08405286594085082,-0.11218366466015739,-0.27248471056150103,-0.10346568682780977,-0.11218366466015739,0.40661200107428613,-0.23601957068392682,0.7438505254680507,1.1689647470771931,0.018468440982437773,-0.19072616192972447,0.19072616192972447,0.27916730022510183,334440095.0371636,1.2034249340289014,0.18253968253968253,0.015873015873015872,0.023809523809523808,0.03302100317576859,0.2638274135066636,-0.0010383713706726416,0.033026606984620344,0.07343621818137946,0.9165137184847,-0.7349996345830593,0.22190625644310824,0.1697937846959393,0.2203404495114667,0.11670900270555329,0.47531509499435426,0.6363327271655783,0.02195802523991502,0.13400635058375165,-0.19072616192972447,0.19072616192972447,0.27916730022510183,0.9682539682539683,0.47619047619047616,402473549.3067181,19.813139939139983,0.25396825396825395,0.015873015873015872,0.047619047619047616,0.040643766024980564,0.06296277649551252,0.08325163623272713,-0.004236765783682351,-0.0012814460384215076,0.5,0.011241378812611594,-0.27248471056150103,0.22190625644310824,-0.06389866097081887,-0.0012814460384215076,0.02793378631771737,0.30245855066072336,0.015459015150616661,-0.03791294305811077,0.03791294305811077,0.08313525723959514,276558119.3113781,0.023038620105467755,0.03250876096972455,0.022618226291691634,0.06261721493239736,-0.008717977832347623,0.20666616295938112,0.2878523413442515,1.0,3.0,1.0,1.0,0.0,63.0,126.0,0.5678950441261805,,,,,,,,0,0,0,0,0,0
2026-08-31,CBRE,152.86000061035156,-0.3449704932424329,-0.05711815189818137,0.9209580677264048,0.9636854079469858,-0.05542854303411249,-0.1025656140016431,0.035216015300536974,0.03575718715194487,0.09323513658253102,-0.15318977506152187,0.37567857457471465,-0.08262221756515364,-0.17145014765884414,0.1872727842126558,0.11006714648314943,-0.10925936678115133,0.10925936678115133,-0.8495576621773466,-0.8160859270392262,0.00987179579968589,0.7369752801157584,0.128451151883068,0.047037364221307165,0.053668896008755684,0.0965377936952374,0.185513304874513,0.07097320245248184,0.07821345654536227,0.035216015300536974,0.128451151883068,-0.12394027423486087,-0.4809151968546934,-0.45952384275500535,0.035375253066668444,0.22248879951319278,0.07717531554080925,0.2312067773455404,0.22248879951319278,0.3199502887623994,0.7098281200280974,0.9198954474805059,0.9796533912121572,0.015711290757753155,-0.004299137856575541,0.004299137856575541,0.22641207765479865,306568952.7172694,0.959492326422231,0.1111111111111111,0.015873015873015872,0.007936507936507936,0.030084309852783767,0.3395040417147823,0.0177305569131061,0.06095066747636646,0.0923877298277942,1.1096070072879733,-0.41369243421052626,0.08998437075877264,0.08978474743842335,0.13490235236167392,0.062205857798566244,0.31344038540539354,0.9390009320973095,0.01585724897945899,0.06214663839246204,0.0,-0.0,0.22641207765479865,0.0,0.8253968253968254,294150557.6515198,19.49960229847919,0.1111111111111111,0.015873015873015872,0.0,0.02942716594096459,0.06255589767757663,0.0686413916847044,0.14001642548769505,0.04120974833027424,0.6666666666666666,0.009245973139766217,-0.12394027423486087,0.08998437075877264,-0.021407466602123115,0.04120974833027424,0.04921768666978332,0.29432081405260446,0.015417063515930576,0.0,-0.0,0.12770193411197628,249331485.21278018,0.026029999761462808,0.03155548424779804,0.027906663862330205,0.06261721493239736,-0.008717977832347623,0.20666616295938112,0.2878523413442515,1.0,3.0,1.0,1.0,0.0,63.0,126.0,0.4199797792088972,,,,,,,,0,0,0,0,0,0
2026-08-31,CCI,75.9800033569336,-0.4845935898346405,-0.196741248490389,0.896842206707214,0.9155078137084618,-0.13729573379903948,-0.10347473330022294,-0.1308091189341304,-0.003380989820139235,0.07616153970474226,0.03466211237229122,-0.19458990843996227,-0.08056417694753293,-0.3374752818935115,-0.02911867713354066,-0.39117155062025694,-0.2327289195106803,0.2327289195106803,-0.5811718063321676,-0.6481540762764677,-0.024413641265429664,1.1668683696943927,-0.05464757922938812,0.04497967175213258,0.09187066390571652,-0.08576940470457983,-0.1742049440707678,-0.13419010875426962,-0.10654893563926271,-0.13419010875426962,-0.05464757922938812,0.03063747043757048,-0.55277766683973,-0.554653302546229,-0.06601198239755801,-0.15992779606767105,-0.16269191875395828,-0.15120981823532342,-0.15992779606767105,0.3344034573238118,-0.44743110696319427,1.0771889108866906,1.0688752450960555,0.01644342207721386,-0.18651067652300357,0.18651067652300357,0.03219674944886153,312465176.1698708,1.1262763968572753,0.18253968253968253,0.007936507936507936,0.0,0.029355777979177093,0.5261435093461969,-0.003426116395816692,-0.0802088256388539,-0.050983117963503743,1.1177859582962242,-0.49777246225145755,0.007526735369833171,0.08957079921883775,0.0033012014910613896,-0.0470016192208057,0.3574355774079577,1.007777957089733,0.017103396662964964,-0.035157311617111664,-0.18651067652300357,0.18651067652300357,0.03219674944886153,0.7619047619047619,0.06349206349206349,351922152.75997585,19.67892055501322,0.20634920634920634,0.015873015873015872,0.0,0.03057870690873306,-0.0074244611620728485,-0.06003780525966507,-0.011642932403258345,-0.004193966999020304,0.5,-0.01956919883123189,-0.16269191875395828,0.09187066390571652,-0.06681118193141766,-0.004193966999020304,0.003162158678512883,0.36021569599138076,0.017285450600680236,-0.04029297569521739,0.04029297569521739,0.03219674944886153,325718993.1596302,0.010802513384503332,0.03736885481496381,0.01868985788700739,0.06261721493239736,-0.008717977832347623,0.20666616295938112,0.2878523413442515,1.0,3.0,1.0,1.0,0.0,63.0,126.0,0.47666794826610276,,,,,,,,0,0,0,0,0,0
2026-08-31,CCL,28.1200008392334,-0.3919012039623493,-0.10404886261809776,1.1910898914200914,1.2222726942055966,0.10829633494156687,-0.04823855128053833,-0.09856055635823568,0.17137892546824118,0.1974946565935718,-0.10517061216403856,0.11255755753670726,-0.17971474044829294,-0.3052267193176168,0.10594750173090439,-0.18896840956733682,-0.15940345669664413,0.15940345669664413,-0.5929352943086263,-0.5899283295645427,0.004926106204069303,0.6614513172313294,0.09893410023533611,0.10728226545727583,0.02434310585770061,0.040826463108197375,-0.051384332893857576,0.0728183691100055,0.024397304329035308,-0.09856055635823568,0.09893410023533611,0.06495162959763334,-0.12905858721512464,-0.11473777045912292,0.022699648525526195,0.007386945372668707,0.018175287081431346,0.01610492320501633,0.007386945372668707,0.5215716033378305,0.015978446110806555,0.73397667518031,0.8863727717743021,0.025174213201041587,-0.13026263238839786,0.13026263238839786,0.18898050683723233,681565977.2063816,0.9084055649872681,0.35714285714285715,0.05555555555555555,0.047619047619047616,0.038476571798119814,0.5780366363412835,0.014798624877544797,-0.02423140506695931,0.012457569551425518,0.8037935912743249,-0.09988513448836989,-0.026601274489769677,0.08635428898178395,-0.010595760715904845,-0.009400176433039253,0.4623068677293196,0.82806771434446,0.02225696826573176,0.06908140813589236,-0.08520136271249878,0.08520136271249878,0.1832264431221846,0.6507936507936508,0.9523809523809523,619138326.6002625,20.243839275150595,0.30158730158730157,0.031746031746031744,0.015873015873015872,0.03624382830162797,0.03247713041456901,0.05271472758114992,0.042951926611584576,0.01644291630387662,0.6666666666666666,-0.013733846016236784,-0.17971474044829294,0.06495162959763334,-0.04617429862852074,0.01644291630387662,0.01865265317004905,0.3828213912863643,0.018620086771031722,-0.04727747664588977,0.04727747664588977,0.11861009292299607,504244734.7092946,-0.012853611064036596,0.033704104083108144,0.006514450988834408,0.06261721493239736,-0.008717977832347623,0.20666616295938112,0.2878523413442515,1.0,3.0,1.0,1.0,0.0,63.0,126.0,0.7755057867774539,,,,,,,,0,0,0,0,0,0
2026-08-31,CDNS,324.82000732421875,-0.36093394362381703,-0.0730816022795655,1.097582072207404,1.1235001176859816,0.04162394541675085,0.09603193203999871,0.07770409390180011,-0.09217658720157174,0.09125985698188854,0.2439615138298601,-0.37761309233906437,-0.07806900881152057,-0.128962069057581,-0.2113556724110044,0.1750211192700681,-0.21991403276452792,0.21991403276452792,-0.19361221028829845,-0.3013872112738156,0.024616050366114584,1.1982376763905587,0.16896395088368865,0.09171860387361938,0.18613021243582262,-0.05949049213653579,-0.20204891862119145,-0.014472493299771627,0.07739851716190571,-0.014472493299771627,0.16896395088368865,0.1375648437199799,0.22927039448487174,0.17431807376467545,-0.03757429535088386,-0.13365157850920428,0.0010402332596921582,-0.12493360067685666,-0.13365157850920428,0.4439698147621718,-0.30050769971048236,1.0161660808349096,1.0017631327648968,0.01985113584037262,-0.21991403276452792,0.21991403276452792,0.22269066794621617,825146153.4336877,1.0579580353727358,0.20634920634920634,0.031746031746031744,0.047619047619047616,0.03600756920559273,1.046602627681689,-0.03650419355585799,-0.09328268405083395,-0.10086667154395113,0.8901114817749648,0.017004871737322347,-0.09405312166066637,0.11710508134603351,-0.13455184646305263,-0.11451951910677982,0.4447525924892041,1.014377598455096,0.018773330593662912,-0.11514186705271234,-0.21991403276452792,0.21991403276452792,0.005230100627823697,0.8095238095238095,0.031746031746031744,872970003.3820742,20.587411753971974,0.15873015873015872,0.015873015873015872,0.031746031746031744,0.03727582278415002,-0.062285266211956514,-0.13006656059145616,-0.09908786656252488,-0.0447032003428538,0.5,0.017984993100075657,-0.09405312166066637,0.18613021243582262,-0.10732041527525116,-0.0447032003428538,-0.027466080742128862,0.45114706667587684,0.019126498849416147,-0.057727993229332863,0.057727993229332863,0.005230100627823697,858099466.9628325,-0.022409735073060544,0.03698092342038782,-0.004328187930776384,0.06261721493239736,-0.008717977832347623,0.20666616295938112,0.2878523413442515,1.0,3.0,1.0,1.0,0.0,63.0,126.0,0.7278212097586676,,,,,,,,0,0,0,0,0,0
2026-08-31,CDW,139.4199981689453,-0.4285261423613512,-0.1406738010170997,1.060025570696419,1.0518231997173917,-0.02264541673285214,0.11523133622891413,0.14356394069105982,-0.11919268201106292,0.015307993585877533,0.02897787085015091,0.08238124880344944,-0.01320939193805637,-0.0631022222683213,-0.032204821037459475,0.2769092319995673,-0.1709165113671277,0.1709165113671277,-0.7557826676400041,-0.7285868405042444,0.03161200884778248,0.9302657467404706,0.15887193427693735,0.07363384847637333,0.1313007119803984,0.07961491280355126,0.01938078221931605,0.0243712586799969,0.10893571121599803,0.0243712586799969,0.15887193427693735,-0.07827160405244771,0.052399784289052675,-0.007336591420926797,0.08715738654954608,0.11135911965360035,0.12108411965664123,0.12007709748594797,0.11135911965360035,0.5184512616440472,0.20965823729242067,0.956997511436868,1.0244857527932572,0.020734273904510065,-0.09467533656529015,0.09467533656529015,0.4123531898143644,245684563.19729033,1.095041036836346,0.21428571428571427,0.03968253968253968,0.023809523809523808,0.038735409131783194,0.5998155832180728,-0.09393168721622835,0.034084073191770425,0.02371986122749936,1.460632189764048,-0.20753056896629518,0.05098121587074633,0.08945687730637214,-0.008674638978937055,0.03310146978991191,0.5311459310720156,0.9341247634021433,0.024706941881615957,0.02283660672125265,-0.09467533656529015,0.09467533656529015,0.3740244487453064,0.12698412698412698,0.9841269841269841,269034678.81824553,19.4103508505139,0.31746031746031744,0.06349206349206349,0.031746031746031744,0.04184038485610187,0.004380015123802261,-0.004889467698620531,-0.11440351687729235,-0.056762056208833456,0.5,0.02585383255140807,-0.07827160405244771,0.1313007119803984,-0.11937927114123081,-0.056762056208833456,0.0007034034376576237,0.49615656719465767,0.022367946999281543,-0.09467533656529015,0.09467533656529015,0.07477641733705198,269805835.7118879,-0.010868953575421836,0.057144895942496346,0.010377719504775174,0.06261721493239736,-0.008717977832347623,0.20666616295938112,0.2878523413442515,1.0,3.0,1.0,1.0,0.0,63.0,126.0,0.6010290175472323,,,,,,,,0,0,0,0,0,0
2026-08-31,CEG,282.5,-0.3668732279713024,-0.07902088662705087,0.8426238255864922,0.8627780102904091,-0.2224226816680296,0.009398888751374512,-0.1411480998480651,0.0451062564724557,0.1543581968800155,-0.12518713533196713,0.1069421309879185,-0.1523456954605812,-0.3478142628074462,0.12290309550401646,-0.3020134693064283,-0.2978259970864622,0.2978259970864622,-0.1893063583815029,-0.20409746739452495,-0.03252805290124938,1.068167694014029,0.013210097031950419,0.07936940405452803,0.1208595105945327,0.024256503740452295,0.06772078918472724,-0.09604184337560939,-0.07465994873057469,-0.1411480998480651,0.013210097031950419,-0.0792426209958641,0.0900259067357514,0.17195934787002765,-0.02872097486137115,-0.018245004344048632,-0.13685492574391833,-0.009527026511701009,-0.018245004344048632,0.4673569697808865,-0.04308236917528445,0.7546456291276418,0.9061407665694171,0.022506485162261693,-0.1468122465460585,0.1468122465460585,0.19450317124735728,946715060.4783436,0.9828971416208877,0.24603174603174602,0.03968253968253968,0.03968253968253968,0.039409861747764736,0.5887045449024704,0.12147754284580303,0.025942393085341964,0.08197543465906443,0.9233181453002183,-0.3253532575411716,0.05789751244319041,0.11801798825341363,0.13741597436803543,0.049360814665522,0.42349120285881237,0.8328128001399553,0.020635746844887178,0.09230148843567298,-0.06323575574847051,0.06323575574847051,0.19450317124735728,0.8888888888888888,0.49206349206349204,930523526.8736098,20.65125791892155,0.20634920634920634,0.015873015873015872,0.015873015873015872,0.03480392232643856,0.0743044712607197,0.08887955524237068,0.2131241138079068,0.07516650808753567,0.5,-0.019086618512517473,-0.1523456954605812,0.1208595105945327,0.012549293155138308,0.07516650808753567,0.05012145761572029,0.35268889448748536,0.016707542193405662,0.0,-0.0,0.11929949951727958,743115966.8259394,0.03643861626863876,0.037097083090530183,0.017204265344807457,0.06261721493239736,-0.008717977832347623,0.20666616295938112,0.2878523413442515,2.0,7.0,2.0,1.0,1.0,63.0,126.0,0.7692846895147366,,,,,,,,0,0,0,0,0,0
2026-08-31,CELH,29.09000015258789,-0.8252251203129426,-0.5373727789686911,0.9234715593970125,0.9681973513016339,-0.28944794508102956,-0.44569358981842166,-0.4573773583026056,0.3239248833856324,0.2772759075671959,-0.3794068256111983,0.2537681046114105,-0.33818319085440396,-0.6640435212619867,0.33173863730281783,-0.7007972853789683,-0.5514955306993141,0.5514955306993141,0.34379813760273503,0.17496505831243048,-0.1060994191211514,1.3752786899649645,-0.18010145073540973,0.17511205266843513,-0.05383314182793031,-0.06225721866679612,0.19882827478166054,-0.1334524749169732,-0.25697709465166285,-0.4573773583026056,-0.1334524749169732,-0.00893652784592669,1.4939503485927181,1.483704837213574,-0.034582857201974404,-0.1256387209997878,-0.11992785440996545,-0.11692074316744017,-0.1256387209997878,0.6526528681618263,-0.1744432875511788,1.5416110683940172,1.1035372387084392,0.03019709149856671,-0.4624907478435013,0.4624907478435013,0.2238115099861775,292500517.6436954,1.0013889315873281,0.4444444444444444,0.06349206349206349,0.07936507936507936,0.05103995547414236,1.7465195629944568,0.02176348228305669,-0.024435605166512664,-0.0014828428952569084,1.0856809920794563,0.619746766703535,-0.0023907650454659812,0.13068752341712522,-0.006489089125748415,-0.06708816750743252,0.7202267439664449,1.3969724032134083,0.03007205685693139,-0.09855380822398263,-0.1256387209997878,0.1256387209997878,0.2238115099861775,0.8412698412698413,0.09523809523809523,292906780.85196054,19.495364965684775,0.38095238095238093,0.07936507936507936,0.06349206349206349,0.05165769160200638,0.002250960084238418,-0.06613158342402181,-0.00408308824684657,-0.0041081456914031644,0.0,-0.0878966042791826,-0.33818319085440396,-0.0023907650454659812,-0.06672536062380052,-0.0041081456914031644,0.029497637691371592,1.0061368853773727,0.040567302506853364,-0.015233606939494604,0.015233606939494604,0.2238115099861775,344496438.8108208,0.04171888823261516,0.06406226984171325,0.03309894038716621,0.06261721493239736,-0.008717977832347623,0.20666616295938112,0.2878523413442515,1.0,4.0,1.0,0.0,1.0,63.0,126.0,0.6913458218078383,,,,,,,,0,0,0,0,0,0
2026-08-31,CF,118.3000030517578,0.1059871859852477,0.39383952732949923,0.9410050162987889,0.9474820194136374,0.5251892295549847,0.28748661412537,0.19946745062291638,-0.23815499635337067,-0.2799126565288689,0.13329994650061727,-0.07491513467157773,0.30440019270916974,-0.007198712336464741,-0.14108263879387684,0.38792580176824765,-0.13230379236825773,0.13230379236825773,-0.7191149625002748,-0.7027155424402608,0.015459802513748455,0.7830390327852257,-0.0804452059059525,0.15100364220577314,-0.043438176619929325,-0.0006492665734244563,0.11016735783880238,-0.0386875457304543,0.026778232995503193,-0.0804452059059525,0.19946745062291638,-0.09171745141706922,-0.457545767319373,-0.4847593399489899,0.0024351644313991283,0.05838481182903954,-0.036404059560201874,0.06710278966138716,0.05838481182903954,0.51418969739497,0.15958491733524033,0.870424529962183,0.7115160010585788,0.024713770198013005,-0.13230379236825773,0.13230379236825773,0.2730035115966922,433026017.8006187,0.6929064537910994,0.2857142857142857,0.047619047619047616,0.05555555555555555,0.04115871323926331,0.3472377681003113,-0.03404156863056118,0.08528583274867718,0.034310816465872085,0.9279449918126347,-0.4339179385647376,0.15638276877759338,0.15603296885518955,0.098369936413367,0.09586768208863661,0.3658541972759898,1.2233379553898767,0.01852542267787109,0.013943542875208825,-0.07000208721186896,0.07000208721186896,0.16383998445993408,0.9523809523809523,0.5873015873015873,300046522.3935082,19.519448098575488,0.1746031746031746,0.015873015873015872,0.015873015873015872,0.03427142106795793,-0.009150398350689648,0.002930946206037399,-0.11209028300600657,-0.050167499837057816,0.3333333333333333,0.03984262900875082,-0.09171745141706922,0.30440019270916974,-0.11278471476945517,-0.050167499837057816,-0.019755363253919023,0.4475633256664139,0.022007484977113558,-0.06627771753347034,0.06627771753347034,0.039873507620485915,277026063.86609757,0.008178211901287424,0.03994857463563406,-0.001179132631196067,0.06261721493239736,-0.008717977832347623,0.20666616295938112,0.2878523413442515,1.0,3.0,1.0,1.0,0.0,63.0,126.0,0.6419004695637933,,,,,,,,0,0,0,0,0,0
2026-08-31,CFG,74.7300033569336,0.18456751445948139,0.4724198558037329,0.9109467941961631,0.9277871648950559,0.41013413822941347,0.2113092253182265,0.25861955866898456,-0.10235224271478005,0.0046172165819713396,0.041832702214608775,0.16624951289877266,-0.0036550682124134592,0.051953395709603445,-0.05053734355560313,0.9847482953685233,0.0,-0.0,-0.7766759776536313,-0.7302062203957687,0.04693896057759139,0.664405604179604,0.2632367752509559,0.060470055261467266,0.09251274149220023,0.13107231984168233,0.05120401317049761,0.1562673159542045,0.226041216624715,0.1562673159542045,0.2632367752509559,-0.04289020938389854,-0.3001677729958422,-0.2700842489944455,0.06606325925752099,0.20808221511338143,0.12544171419951966,0.21680019294572905,0.20808221511338143,0.2626250381801383,0.8474742616367774,0.7879177310186279,0.9349154065800981,0.012770819562564055,0.0,-0.0,0.3615440211569385,297046111.4472889,1.0155615031096923,0.05555555555555555,0.0,0.007936507936507936,0.02306446453459799,0.40826111008666793,0.030709730183692607,0.054861023914899665,0.06707195528286114,0.9051532137082272,-0.3868603808955732,0.02918793157676136,0.06157614349092498,0.07342939209663157,0.038491481253079884,0.24553219434829782,0.842769009338305,0.011880743374560514,0.040040937412881394,0.0,-0.0,0.23749912509731308,0.0,0.8253968253968254,301668595.43429786,19.5248396099954,0.047619047619047616,0.0,0.0,0.02129998479791178,0.04042963021292367,0.04000096659657193,0.20773887163600527,0.04298676574266702,0.6666666666666666,0.04059731256913938,-0.04289020938389854,0.12544171419951966,-0.019630449189730337,0.04298676574266702,0.032088969277822565,0.20692692419157513,0.01007086218964936,0.0,-0.0,0.057879040766692036,266332937.98086983,0.018827844613814815,0.01862107320688064,0.014223319319430106,0.06261721493239736,-0.008717977832347623,0.20666616295938112,0.2878523413442515,1.0,3.0,1.0,1.0,0.0,63.0,126.0,0.25105874353415286,,,,,,,,0,0,0,0,0,0
2026-08-31,CHD,101.3000030517578,-0.18639331562027417,0.10145902572397736,0.885587743339168,0.8981110906079507,0.20074626157046804,0.06239535149814479,-0.02784085916953205,0.07812538122958257,0.12021773100606303,-0.08504478014092987,0.14756578633859807,-0.11005151619875486,-0.23450702212891317,0.09036186536720026,-0.1220133015698785,-0.03153522189010327,0.03153522189010327,-0.5721740695198392,-0.545425961868766,2.668420611073863e-05,0.761679200196256,0.09237687183653098,0.061002245792292104,0.040077092342482246,0.0532824001328307,0.05743728039962093,0.05028452206005052,0.03827351157568315,-0.02784085916953205,0.09237687183653098,-0.011516463266365906,-0.4631162965750847,-0.447908577707552,0.02221069546256982,0.0625210061976682,0.013071216531725494,0.07123898403001583,0.0625210061976682,0.2281788855093578,0.26802190175260027,0.8912626829334436,1.0223043760800987,0.01164224812523587,-0.03153522189010327,0.03153522189010327,0.1236840020690364,192865977.10403565,0.9695675399664594,0.031746031746031744,0.0,0.0,0.02180256069534225,0.5856191799005152,-0.008389972901481135,0.022375518889420354,0.03312740197891584,1.1078483968671915,-0.319342165953589,0.01992155551802588,0.05504979748256036,0.048811760574182905,0.030508559206061214,0.2332682731852963,0.8718173410847379,0.01208632151285609,0.05294989200638134,-0.019597789471718086,0.019597789471718086,0.09386250062405943,0.1111111111111111,0.7936507936507936,186996590.96398732,19.046600949861276,0.015873015873015872,0.0,0.0,0.02155070245344738,0.024806905054116646,0.0516475610996161,0.13928446368564595,0.02832590888961395,0.6666666666666666,-0.0033620343638788666,-0.11005151619875486,0.040077092342482246,-0.03429130604278341,0.02832590888961395,0.014577679767707963,0.20336732568783328,0.00986900966934903,-0.019597789471718086,0.019597789471718086,0.061189372468478664,185385818.26004755,-0.007239923113547708,0.024880802265813337,-0.004320382813399526,0.06261721493239736,-0.008717977832347623,0.20666616295938112,0.2878523413442515,1.0,3.0,1.0,1.0,0.0,63.0,126.0,0.1294917390236348,,,,,,,,0,0,0,0,0,0
2026-08-31,CHRW,148.57000732421875,-0.11520808001156913,0.1726442613326824,0.9588589363278044,1.000791679994149,-0.054652233843732856,-0.23268149992347842,-0.19250341519857916,0.012473781786157434,0.09018992352911659,-0.03232886023594228,-0.13319695569537848,-0.10046928709761527,-0.3991695781579603,0.0269775992672584,-0.4113862520858041,-0.2905643748293659,0.2905643748293659,-0.6841118747473263,-0.7363995144227904,-0.010648064542491342,0.9531253564069617,-0.10231349166946258,0.04886992296844125,0.09477920777355142,-0.15773909105475792,-0.21784070865989902,-0.18002963341242173,-0.15828218009348782,-0.19250341519857916,-0.10231349166946258,-0.01738078631789919,-0.7944075013156007,-0.7932384761475246,-0.009745479494262854,-0.16552581593132076,0.05785055545285367,-0.15680783809897314,-0.16552581593132076,0.4679383771882297,-0.3277453466183842,1.5335935126173588,1.0792959279491867,0.02046578276055566,-0.2905643748293659,0.2905643748293659,0.023914549102276306,335508485.0103227,0.9654852240119681,0.1984126984126984,0.015873015873015872,0.03968253968253968,0.03469497315145239,0.36927505513705494,0.004011133626321772,-0.06715941795100822,-0.17501439615674008,1.1849996947507428,-0.5886116340661796,-0.21562069342666534,0.11325843434648614,-0.21116061265246444,-0.12326564502113468,0.5050439850304069,1.4209203174993914,0.02132741099304321,-0.2342334345711342,-0.2905643748293659,0.2905643748293659,0.023914549102276306,0.2857142857142857,0.047619047619047616,323928484.80810744,19.596033326579256,0.19047619047619047,0.015873015873015872,0.047619047619047616,0.033212649347649496,-0.15581226254173408,-0.2566827052032107,0.00792351107178484,0.00568612753654274,0.5,-0.029192479346538663,-0.21562069342666534,0.09477920777355142,-0.05693108739585462,0.00568612753654274,-0.10396358151278562,0.7176272595605637,0.02983740641460343,-0.2905643748293659,0.2905643748293659,0.023914549102276306,405093605.0030663,-0.0024640971212066543,0.05033221342531576,0.006558213020722903,0.06261721493239736,-0.008717977832347623,0.20666616295938112,0.2878523413442515,1.0,3.0,1.0,1.0,0.0,63.0,126.0,0.5625550464757796,,,,,,,,0,0,0,0,0,0
2026-08-31,CHTR,154.27000427246094,-0.7069727115816251,-0.4191203702373736,0.8173589415466791,0.8646225575267049,-0.22911249232180642,-0.25155245523486336,-0.34249669240082015,0.27650411495140204,0.057106664529569584,-0.3860546389891415,0.45700223360342984,-0.079913052933553,-0.5491628553602013,0.4134442870151085,-0.5743596098854964,-0.45437501025383753,0.45437501025383753,-0.6959778665205022,-0.6744082274406277,-0.09707332506292332,0.835439729022625,-0.28539002787125056,0.1459742773975101,-0.23489904375995552,-0.05782866319594049,0.38960780854090304,-0.06599257744941811,-0.23129309924049626,-0.34249669240082015,-0.06599257744941811,-0.12786822880257442,-0.656117146905999,-0.6264027519997353,-0.023986107690545433,0.07094759461428835,-0.012773316896282916,0.07966557244663597,0.07094759461428835,0.5963105457034137,0.13683297596489635,0.9047784193492366,0.8695096644899768,0.02497209123773993,-0.3784197479554735,0.3784197479554735,0.2510745870314024,461307310.6875586,0.9857378495078432,0.2857142857142857,0.03968253968253968,0.047619047619047616,0.046946245411859266,0.27817337276457876,0.15802421421968305,0.03552054884500455,0.11436008161596334,0.8881563727990605,-0.629359355112431,-0.0014767365442133196,0.11195054725454613,0.08480414168644956,0.05741936457263863,0.5184977825264102,1.0405616594036906,0.02538195663859202,0.11942699221128139,-0.02168811031768547,0.02168811031768547,0.2510745870314024,0.047619047619047616,0.2222222222222222,454728076.3994005,19.935210166172755,0.2857142857142857,0.06349206349206349,0.047619047619047616,0.049073992390626854,0.09757748482266804,0.15567133178888382,0.1601554220964071,0.08640848079197849,0.16666666666666666,-0.06175364969076678,-0.23489904375995552,0.08640848079197849,0.023791265859581134,0.08640848079197849,0.07653768259466975,0.5395289129828154,0.02902878048964975,-0.02168811031768547,0.02168811031768547,0.2510745870314024,397281079.91209483,0.0067543454289269445,0.048551247333096105,-0.0008419412405380466,0.06261721493239736,-0.008717977832347623,0.20666616295938112,0.2878523413442515,1.0,3.0,1.0,1.0,0.0,63.0,126.0,0.7248867030498507,,,,,,,,0,0,0,0,0,0
2026-08-31,CI,282.5599975585937,-0.3279033427359245,-0.04005100139167295,0.8593552465745159,0.8756531031339354,0.036383635820453675,0.042512887111582076,-0.013997639496382108,-0.007966667778079417,0.07940575136846473,-0.03758148375212944,0.06208625361845799,-0.07453083047109221,-0.22066380245576322,0.038502409362710655,-0.04956683245271935,-0.075985643981479,0.075985643981479,-0.6267655514353568,-0.6176195271670943,0.007476687334314391,0.7746384037774766,0.06540811187208262,0.04830921370607633,0.08933459156593693,0.004804117683069098,0.005464016887391732,-0.021964307274461525,0.009815388367079661,-0.021964307274461525,0.06540811187208262,-0.04535759960088137,-0.5909402255810767,-0.5857948972680722,-0.0003532277393653027,0.024504769866328546,-0.0004407209322525585,0.03322274769867617,0.024504769866328546,0.28239931429417303,0.08120595272240111,1.1865961587107199,1.0685605203559168,0.014546244732515467,-0.07205255317374815,0.07205255317374815,0.10119974524368636,475601394.92158437,1.035604175122894,0.0873015873015873,0.0,0.0,0.02522843503748847,0.4946256349849076,0.011527125667077032,-0.002026289492119804,-0.009708650555311893,1.1724617096597585,-0.4086217899346434,0.012224300662800891,0.05638134542554032,0.02495648964596353,-0.013113315690740812,0.3017607582303356,1.1104622865118465,0.015478641424630565,-0.04058840224180671,-0.07205255317374815,0.07205255317374815,0.04974545255002627,0.3492063492063492,0.7619047619047619,492534790.2750651,20.015075658264248,0.1111111111111111,0.0,0.0,0.025369027992215503,-0.010759720276925178,-0.06245449009863224,0.03753701561079597,0.012578426515571284,0.5,-0.0010319720433195068,-0.07453083047109221,0.08933459156593693,-0.050038788416826074,0.012578426515571284,-0.0006560709171811174,0.335093941564007,0.017846577582617755,-0.061449545439524744,0.061449545439524744,0.04458409448648326,574766070.6740606,0.0183883760206347,0.03103008769205906,0.01623472924717717,0.06261721493239736,-0.008717977832347623,0.20666616295938112,0.2878523413442515,1.0,3.0,1.0,1.0,0.0,63.0,126.0,0.3756129427303052,,,,,,,,0,0,0,0,0,0
2026-08-31,CIEN,428.7699890136719,3.274986686471009,3.5628390278152606,0.7904858583684963,0.8054547489202386,1.0996521958615442,0.7027520478566436,0.22962424434645912,-0.4169134230026422,-0.1252016678322201,0.6639803847332648,-0.9250147961794266,0.1133639156738171,0.022958081387078,-0.4906586557926209,0.2898217250344405,-0.3161563173625648,0.3161563173625648,-0.3481581195474902,-0.5183112811673705,0.01997514709020498,0.9385366383553645,0.10442257651423903,0.21392678187188172,0.35893671833737484,-0.08962649564756253,-0.2793694622673315,-0.1872891786561831,0.04891921406817168,-0.1872891786561831,0.22962424434645912,0.0997952190633109,0.29234243481831257,0.4696132330422076,-0.14957308920095336,-0.2610344114461618,-0.15454214006266032,-0.2523164336138142,-0.2610344114461618,0.7922947954269891,-0.3232127369350559,1.0872265321587506,1.0193480420985772,0.03920106260206335,-0.3161563173625648,0.3161563173625648,0.4575584506984538,1210612759.403023,1.0568914260999684,0.5317460317460317,0.1746031746031746,0.15873015873015872,0.06634308890671697,0.9177889960088207,0.08248804022440681,-0.11389547209129602,0.0016319461620095677,0.9646007071107068,0.09289775604392436,-0.23138863814933675,0.21469111624455728,-0.125958106760512,-0.1210525338340338,0.8076241484833941,1.0665901019640247,0.03988729659572634,-0.05373748107900922,-0.3161563173625648,0.3161563173625648,0.29784785346980547,0.8095238095238095,0.19047619047619047,1279486245.740279,20.96972446457339,0.5555555555555556,0.12698412698412698,0.20634920634920634,0.06567375081546878,0.05548145267984195,-0.0377344468359081,0.1592402131238644,0.13717014426506635,0.6666666666666666,0.05388920318792869,-0.23138863814933675,0.35893671833737484,0.074552929332669,0.13717014426506635,0.08602565750191271,0.8614039228795121,0.04216385462810183,-0.03166290851350062,0.03166290851350062,0.29784785346980547,866027110.1947603,0.04432604036575927,0.07662948008554588,0.031272223376975106,0.06261721493239736,-0.008717977832347623,0.20666616295938112,0.2878523413442515,1.0,3.0,1.0,1.0,0.0,63.0,126.0,0.9188218897183686,,,,,,,,0,0,0,0,0,0
2026-08-31,CINF,173.1699981689453,-0.13518871713257163,0.1526636242116799,0.9097255533845866,0.909614517581869,0.050554576843043764,0.08861217371953023,0.06809858845410588,-0.0038013117605346647,0.038473025126119165,-0.0343384154481835,0.14041802505575907,-0.03476776799076087,-0.13856757450527524,0.037981021153469685,0.28957819680785896,-0.09821382455992023,0.09821382455992023,-0.6625194401244168,-0.6267196340826688,0.019207660194719534,0.899980175620678,0.10657161358022504,0.02338711608508011,0.03972042192759018,0.02809182595691051,-0.029789220015137174,0.06429727669357121,0.07965582624263405,0.06429727669357121,0.10657161358022504,-0.03777515881413651,-0.7068786367414797,-0.7094956379561308,0.036747970874136504,0.10607960960757556,0.18253496802526592,0.11479758743992319,0.10607960960757556,0.2351647644911978,0.4060472902752191,1.1655557379501578,1.1109206655355754,0.011442097907469799,-0.09821382455992023,0.09821382455992023,0.13299751334674292,133649866.03893703,1.043064677345667,0.05555555555555555,0.0,0.0,0.020727406699621743,0.3892645232510004,-0.008123718005053293,0.03898904321484764,-0.012272474699436042,1.226148564546304,-0.5613662278428527,-0.056227739529156606,0.0889742849280212,-0.06465378232777719,-0.008763067927788915,0.2612493966790783,1.0491799946742757,0.012692010225514862,-0.049574172089903557,-0.09821382455992023,0.09821382455992023,0.11024066742385785,0.42857142857142855,0.7777777777777778,139405454.3971955,18.752897190368532,0.07936507936507936,0.0,0.0,0.021232562838971507,-0.03678680863586403,-0.04694881100639958,-0.03257250468073958,-0.00892804668195779,0.3333333333333333,0.014092779489474053,-0.056227739529156606,0.18253496802526592,-0.07154526161435515,-0.00892804668195779,-0.024806421754342556,0.2740976406164131,0.013118838587898904,-0.06003364172547965,0.06003364172547965,0.004291628629570887,134288965.99971226,-0.014130216268222417,0.025845785035621495,0.0005430977827800554,0.06261721493239736,-0.008717977832347623,0.20666616295938112,0.2878523413442515,1.0,3.0,1.0,1.0,0.0,63.0,126.0,0.1272409300139908,,,,,,,,0,0,0,0,0,0
