sample_source,month,ticker,adj_close,rel_mom_12m_vs_qqq,mom_12m,up_day_volume_ratio_3m,up_day_dollar_volume_ratio_3m,mom_9m,mom_7m,mom_6m,mom_4m_vs_6m,mom_5m_vs_6m,mom_6m_first3m,mom_6m_acceleration,ret_lag_6m,rel_mom_6m_vs_qqq,mom_3m_vs_6m,return_vol_ratio_6m,drawdown_12m,drawdown_12m_abs,ma100_slope_1m,mom_5m,core_mom_456_std,ret_lag_5m,volume_ma3_to_12m,price_ma100_ratio,volume_change_3m,dollar_volume_change_3m,drawdown_change_3m,mom_4m,core_mom_456_avg,core_mom_456_min,core_mom_456_max,ret_lag_4m,ma50_slope_1m,mom_6m_last3m,ret_lag_3m,rel_mom_3m_vs_qqq,mom_3m,volatility_6m,return_vol_ratio_3m,volatility_1m_to_6m,volatility_3m_to_6m,avg_abs_daily_return_6m,drawdown_6m,drawdown_6m_abs,recovery_from_6m_low,avg_dollar_volume_6m,dollar_volume_3m_to_6m,large_move_freq_6m,up_big_move_freq_6m,down_big_move_freq_6m,intraday_range_mean_6m,volume_change_1m,dollar_volume_change_1m,drawdown_change_1m,ma30_slope_1m,price_ma50_ratio,atr_14_to_100d,volume_ma1_to_6m,ret_lag_2m,ret_lag_6m_std,mom_2m,ma20_slope_1m,volatility_3m,volatility_1m_to_3m,volume_ratio_3m,avg_abs_daily_return_3m,ma10_slope_1m,drawdown_3m,drawdown_3m_abs,recovery_from_3m_low,days_since_3m_high_norm,days_since_3m_low_norm,avg_dollar_volume_3m,log_avg_dollar_volume_3m,large_move_freq_3m,up_big_move_freq_3m,down_big_move_freq_3m,intraday_range_mean_3m,price_ma30_ratio,ma5_slope_1m,return_vol_ratio_1m,ret_lag_1m,positive_month_ratio_6m,ret_lag_6m_mean,ret_lag_6m_min,ret_lag_6m_max,rel_mom_1m_vs_qqq,mom_1m,price_ma20_ratio,volatility_1m,avg_abs_daily_return_1m,drawdown_1m,drawdown_1m_abs,recovery_from_1m_low,avg_dollar_volume_1m,price_ma10_ratio,atr_14_to_price,price_ma5_ratio,qqq_mom_1m,qqq_mom_3m,qqq_mom_6m,qqq_mom_12m,source_count,source_weight_sum,theme_count,in_core_growth,in_large_cap_core,in_manual_core,trading_day_count_3m,trading_day_count_6m,liquid_vol_score,future_return_1m,future_return_2m,future_return_3m,future_max_return_1_3m,future_max_return_1_3m_pct_rank,monthly_top10_threshold_1_3m,monthly_top5_threshold_1_3m,label_top10_1_3m,label_top5_1_3m,label_boom30_top10_1_3m,label_boom40_top10_1_3m,label_boom50_top5_1_3m,label_mega100_1_3m
historical_mega100_examples,2016-01-31,FCX,4.152979373931885,-0.7622627260995729,-0.7218642271208269,1.0196245552559053,0.9923874890927825,-0.7996266461485624,-0.7495871799091692,-0.606992144832754,0.08354977241603256,0.04099999017590328,0.005587485087510169,-0.6147633539249739,-0.09446831575933057,-0.542250429848812,-0.002183724004709786,-0.6458528121924073,-0.8029295013377689,0.8029295013377689,-0.1059611173300099,-0.5659921546568507,0.04177728177266807,-0.08928570182772633,1.1824812713666863,-0.47576769267808117,0.927503747198196,-0.24668502268873238,-0.5052137062072526,-0.5234423724167214,-0.5654755573021087,-0.606992144832754,-0.5234423724167214,0.21936592340324945,-0.291609995536667,-0.6091758688374638,-0.30501273111179295,-0.5308033976014352,-0.6091758688374638,0.9398304588506208,-0.6442887906635286,1.317197275969355,1.0060338644830373,0.04302327505798423,-0.6576839697868022,0.6576839697868022,0.2299464281553334,346341662.118825,0.8436337174665492,0.5396825396825397,0.11904761904761904,0.20634920634920634,0.07318008564079877,0.7202501973843001,0.1688552376858643,-0.1331311296083315,-0.2700987819553873,-0.27609215863549275,1.0468874786845723,1.1320343290332306,-0.17237155028878837,0.1968002535795275,-0.4376528194714274,-0.31600318220485835,0.9455012684763562,1.309297154371849,0.25398228065275097,0.04721531489923711,-0.3666468358612477,-0.6293311725598221,0.6293311725598221,0.2299464281553334,0.9365079365079365,0.1746031746031746,292185503.9268479,19.49289944936612,0.6031746031746031,0.09523809523809523,0.2857142857142857,0.0804001227050565,-0.1550847891137208,-0.3814520881515494,-0.2589231224776098,-0.32053183922713735,0.16666666666666666,-0.12705070246858768,-0.32053183922713735,0.21936592340324945,-0.2514278199408315,-0.32053183922713735,-0.042065775954907014,1.2379421202710668,0.06312734695719345,-0.32053183922713735,0.32053183922713735,0.2299464281553334,282279225.432841,0.08337265844154196,0.14363353488767455,0.054562167936437866,-0.06910401928630583,-0.07837247123602853,-0.06474171498394199,0.040398498978746034,1.0,3.0,1.0,0.0,1.0,0.0,63.0,126.0,0.9355196743918276,0.6586958800628608,1.24782635003971,2.0434775919293906,2.0434775919293906,0.9974226804123711,0.2597105012479103,0.28953735508547024,1,1,1,1,1,1
historical_mega100_examples,2016-01-31,LEU,1.3700000047683716,-0.7004481432854586,-0.6600496443067125,,,-0.7375478812580426,-0.6682808797079587,-0.6522842677990056,0.10146460425374626,0.013761845254849026,-0.3147208100325568,-0.17787178975510942,-0.03807108964187478,-0.5875425528150636,0.15969166801133938,-0.7965876857464621,-0.7566607501029476,0.7566607501029476,-0.19794164284476556,-0.6385224225441566,0.05503972540690709,-0.195250664112128,1.0986706609249204,-0.3699121522548703,3.1711711711711708,1.1164831198045997,-0.1870973700516717,-0.5508196635452594,-0.6138754512961405,-0.6522842677990056,-0.5508196635452594,-0.11475406888671102,-0.3114052494366252,-0.49259259978766623,-0.3777778081933162,-0.4142201285516377,-0.49259259978766623,0.818848043310846,-0.5330736242502262,1.1331762593761696,1.1284891108797082,0.03753176348947247,-0.6522842677990056,0.6522842677990056,0.3173077452112254,84978.92850533365,0.8755218018444355,0.46825396825396826,0.10317460317460317,0.1746031746031746,0.08637090804220866,1.392764857881137,1.4833998003388227,0.09818179824135487,-0.16824643971645525,-0.009972536757208328,0.8180466504364898,2.664748201438849,-0.21428565853306858,0.1463768616670471,-0.18452378122511814,-0.20257888729369222,0.9240611003414454,1.0041534725069767,0.8936605316973416,0.044795624734714656,-0.2579155577850244,-0.5018181800842285,0.5018181800842285,0.3173077452112254,0.9523809523809523,0.14285714285714285,74400.90460379918,11.217236820006951,0.5873015873015873,0.14285714285714285,0.23809523809523808,0.11301476931572967,0.06449106451505449,-0.21715814798299393,0.04082205456323748,0.03787875024959453,0.16666666666666666,-0.15037675651958402,-0.3777778081933162,0.03787875024959453,0.10698276953590036,0.03787875024959453,0.1659574449521053,0.9278991627164802,0.045666570332735086,-0.007246369925949403,0.007246369925949403,0.3173077452112254,55745.33319984163,0.21777776911229285,0.12043796523243058,0.1729451789151759,-0.06910401928630583,-0.07837247123602853,-0.06474171498394199,0.040398498978746034,1.0,3.0,1.0,0.0,0.0,1.0,63.0,126.0,0.6439072311255707,-0.036496315432303805,2.2919709585288284,1.3284671869470528,2.2919709585288284,1.0,0.2597105012479103,0.28953735508547024,1,1,1,1,1,1
yearly_top_future_return_examples,2016-01-31,TRGP,14.194704055786133,-0.7619241634304241,-0.7215256644516781,1.1904545480883166,1.0883311116670975,-0.7714409797828151,-0.731093430786697,-0.7313580787217893,0.19256486789002702,0.09105195208072903,-0.3430177480019654,-0.24807939280935987,-0.2531373449051436,-0.6666163637378473,0.140260937910464,-0.8869384389872863,-0.7744831190359539,0.7744831190359539,-0.18590853374215244,-0.6403061266410602,0.09632977940329127,-0.220102821973569,1.8997812078126766,-0.44280455124647367,3.131095123900879,0.689216607743462,-0.29413865452521426,-0.5387932108317622,-0.6368191387315373,-0.7313580787217893,-0.5387932108317622,0.12791284972509587,-0.3121234756261625,-0.5910971408113253,-0.3123361624966936,-0.5127246695752967,-0.5910971408113253,0.8245871940750026,-0.5798393360934331,1.5705192636114973,1.2362736089670066,0.03750633672869313,-0.7313580787217893,0.7313580787217893,0.4587264308120993,35523097.68330105,1.039325249562691,0.4365079365079365,0.09523809523809523,0.15079365079365079,0.0672843371059247,0.5532846715328468,0.34140439468128725,-0.01906243661927509,-0.3017955784064478,-0.16994676225106176,0.9138201248976277,2.114751702569199,-0.3114503015352499,0.16634385200720034,-0.40537390962236153,-0.2671943076780705,1.019415386327081,1.2703654370845756,0.5196169033016886,0.046633336437616114,-0.2538642461820555,-0.5985432011016645,0.5985432011016645,0.4587264308120993,0.9523809523809523,0.12698412698412698,36920052.36493671,17.424265413018702,0.5079365079365079,0.12698412698412698,0.19047619047619047,0.08529118875083815,0.007683012706023673,-0.16431204472509175,-0.10533182809095472,-0.13640788500311862,0.16666666666666666,-0.18425361103144647,-0.3123361624966936,0.12791284972509587,-0.0673038657168128,-0.13640788500311862,0.090779760147226,1.2950300728221438,0.05868511214181819,-0.13640788500311862,0.13640788500311862,0.4587264308120993,38021187.810034975,0.16240241940346634,0.10819062973039593,0.03807074315405057,-0.06910401928630583,-0.07837247123602853,-0.06474171498394199,0.040398498978746034,1.0,3.0,1.0,0.0,1.0,0.0,63.0,126.0,0.6931283554912908,0.19626173373072953,0.32888280519255764,0.8439707916286678,0.8439707916286678,0.9948453608247423,0.2597105012479103,0.28953735508547024,1,1,1,1,1,0
historical_mega100_examples,2016-02-29,AMD,2.140000104904175,-0.2670428912257444,-0.31189704916750904,0.9172317478421791,0.9725019419251024,-0.061403450983492314,0.10880837464429449,0.18232053732436393,-0.17288647108628097,0.06186554948245315,0.30386738657663837,-0.39708764080157233,-0.04972371105774864,0.19427351229248258,-0.2755407915492979,0.29106414278326764,-0.3333333085754334,0.3333333085754334,0.01762032754287368,0.24418608680681708,0.1216727778774808,0.23255805249727524,1.200324059127738,-0.02487919931562277,0.1487142799564709,0.04163084274711659,-0.2782631785963421,0.009434066238082961,0.14531356345642132,0.009434066238082961,0.24418608680681708,0.11320755777939628,-0.05237329307153116,-0.09322025422493396,0.21610170048018107,0.005069068057246717,-0.09322025422493396,0.6263929853431777,-0.12780971399622348,0.8495111664584402,1.1643928616927066,0.02997867830211506,-0.2866666316986084,0.2866666316986084,0.28915671562314604,23431669.21293641,1.2868624849184709,0.40476190476190477,0.07936507936507936,0.07936507936507936,0.05376393069889252,-0.0498245555546295,-0.0757384060371652,-0.019999980926513672,-0.17638163165960918,-0.04464280726007941,0.8379563255797415,1.2426410878273428,-0.23344943017126596,0.17932014320416942,-0.254355334412392,-0.13892529080348615,0.7293675207479803,0.7295743510686632,-0.008223984688773278,0.03492486967439081,-0.034634136974917795,-0.2866666316986084,0.2866666316986084,0.1888889786637884,0.6666666666666666,0.42857142857142855,30153336.06914698,17.22180615723974,0.4603174603174603,0.09523809523809523,0.12698412698412698,0.06214207136424162,0.07160746850918276,-0.018234147961428526,-0.051252159435510126,-0.027272700672307915,0.5,0.04190357814258835,-0.23344943017126596,0.23255805249727524,-0.011619310628404822,-0.027272700672307915,0.08574333192994787,0.5321278356402674,0.026502384089936173,-0.027272700672307915,0.027272700672307915,0.16939893700492736,19284413.68097521,0.08135427439576248,0.04839785507961349,0.04594335333050714,-0.015653390043903093,-0.09828932228218068,-0.011952974968118646,-0.044854157941764616,3.0,12.0,3.0,1.0,1.0,1.0,63.0,126.0,0.6665374677002585,0.33177559108586396,0.6588784010715021,1.1355139942229178,1.1355139942229178,0.9974226804123711,0.2719524300936577,0.3411506160497519,1,1,1,1,1,1
historical_mega100_examples,2016-02-29,LEU,1.3200000524520874,-0.6385990726813803,-0.6834532306231449,1.2674367211773785,1.3560958507117105,-0.725,-0.6649746108421877,-0.65171502223269,0.14060392191418924,0.08450193144219009,-0.5567282415679715,0.34244258303490294,-0.195250664112128,-0.6397620472645713,0.4374293636996214,-0.7674436586731228,-0.7655417361242507,0.7655417361242507,-0.18131717989614993,-0.5672130907904999,0.07077837783065333,-0.11475406888671102,1.4181240063593006,-0.265646700929992,3.5064935064935066,2.5408165777795477,0.2922343900997455,-0.5111111003185007,-0.5766797377805635,-0.65171502223269,-0.5111111003185007,-0.3777778081933162,-0.0751072927521047,-0.21428565853306858,-0.21428565853306858,-0.1159963362508879,-0.21428565853306858,0.849202433126462,-0.24063249294512998,1.1075157937794633,1.048642864067242,0.03974201209600528,-0.65171502223269,0.65171502223269,0.26923086622057957,81496.63483888384,0.7180315963264146,0.5158730158730159,0.1111111111111111,0.19047619047619047,0.09915699224096977,-0.25053995680345575,-0.2778924869438648,0.2518182139505042,-0.034937885635803134,0.020881707711476016,0.7311896312204296,1.5370985603543743,0.03787875024959453,0.1466197168786567,0.0,0.10902895773861654,0.8905100716466038,1.056142021015504,0.03736920777279518,0.04385551849716202,0.1350364743983643,-0.24999996613372433,0.24999996613372433,0.26923086622057957,0.9841269841269841,0.4603174603174603,58517.15880859466,10.977092392038191,0.6190476190476191,0.14285714285714285,0.1746031746031746,0.1225267889677249,0.06194693914949845,0.06227756172803245,-0.0388050156966652,-0.036496315432303805,0.16666666666666666,-0.1501142941513222,-0.3777778081933162,0.03787875024959453,-0.020842925388400713,-0.036496315432303805,0.013824921922378941,0.9405051068035053,0.044702696906548864,-0.09589039865545002,0.09589039865545002,0.17857147038591137,42760.000313463664,0.0610932950399361,0.10064936032542897,0.10552767682261921,-0.015653390043903093,-0.09828932228218068,-0.011952974968118646,-0.044854157941764616,1.0,3.0,1.0,0.0,0.0,1.0,63.0,126.0,0.6443152454780362,2.41666670429586,1.4166666139857957,1.2954544325669652,2.41666670429586,1.0,0.2719524300936577,0.3411506160497519,1,1,1,1,1,1
yearly_top_future_return_examples,2016-02-29,DVN,13.51474952697754,-0.6289010614021324,-0.673755219343897,0.7870936376793461,0.8422908369994245,-0.6932106473982602,-0.5966502418747943,-0.5327347190606819,0.0052820581854196025,0.06694645524820264,0.08503970780311443,-0.6543962229804321,-0.12531820383800552,-0.5207817440925633,-0.03662179611663574,-0.8106386733809653,-0.7101434756089828,0.7101434756089828,-0.09342014221153505,-0.4657882638124793,0.037220571986672286,0.13049358647749254,1.8199543427220513,-0.42616455540813636,3.0579249608461767,0.7475189462877438,-0.5371614251424713,-0.5274526608752623,-0.5086585479161412,-0.5327347190606819,-0.4657882638124793,0.09730520901601314,-0.23790363905856682,-0.5693565151773177,-0.29976650654332315,-0.471067192895137,-0.5693565151773177,0.6571790078047751,-0.6965039382911162,1.1277952987843745,1.243875849583486,0.03243849128305031,-0.5851358386863782,0.5851358386863782,0.05522741545852372,181067863.74285182,1.1859481251759307,0.4444444444444444,0.07142857142857142,0.1349206349206349,0.05486720794785526,0.5862087322219167,0.11887388455452008,-0.1619486539030538,-0.1909033973262756,-0.23047461120726276,0.8145430465011251,2.1309208801163315,-0.1281250493649262,0.18504423882388216,-0.3850001623075374,-0.18383519788008817,0.817449096661597,0.9066783466871061,0.5961074904026427,0.04363447838987257,-0.18795609220436693,-0.573802693535415,0.573802693535415,0.05522741545852372,0.9523809523809523,0.09523809523809523,214737093.53544602,19.184925021728063,0.6666666666666666,0.1111111111111111,0.25396825396825395,0.06980721101806486,-0.13637510520049534,-0.21241152589452938,-0.3975153170531602,-0.2946238021352757,0.3333333333333333,-0.10333912773133748,-0.29976650654332315,0.13049358647749254,-0.27897041209137263,-0.2946238021352757,-0.10085681691979265,0.7411633954620052,0.04203146160048116,-0.2946238021352757,0.2946238021352757,0.05522741545852372,288988274.2412158,-0.0065123541910366844,0.0828615502683703,0.0056207499127416405,-0.015653390043903093,-0.09828932228218068,-0.011952974968118646,-0.044854157941764616,1.0,3.0,1.0,0.0,1.0,0.0,63.0,126.0,0.884108527131783,0.40935579252686516,0.7812118373251968,0.853631742369511,0.853631742369511,0.9948453608247423,0.2719524300936577,0.3411506160497519,1,1,1,1,1,0
yearly_top_future_return_examples,2016-04-30,AMD,3.549999952316284,0.5779372081889794,0.5707964457064454,1.3279877736404189,1.4603230405336007,0.8393782636246183,1.063953426317502,0.6745283697881359,-0.4375945391706699,-0.17029103499277132,0.03773592756753197,0.5759003794197903,0.11320755777939628,0.7360527482109802,-0.06089206280081361,0.6632738539280669,-0.11027570330044811,0.11027570330044811,0.07491251570509783,0.5042373347953646,0.22058225248067295,0.21610170048018107,1.239758051491564,0.4267915163547482,0.4767171468815896,1.3828844033588634,0.1563909474716466,0.23693383061746598,0.47189984506698884,0.23693383061746598,0.6745283697881359,-0.23344943017126596,0.18841220763912347,0.6136363069873223,-0.027272700672307915,0.5953555023375525,0.6136363069873223,1.016968128312939,0.4936769569000072,1.9223109400429057,1.2222522596308933,0.03748759952468651,-0.11027570330044811,0.11027570330044811,0.9722222479773164,37166650.395334624,1.2268343710500764,0.46825396825396826,0.12698412698412698,0.10317460317460317,0.058411734884544854,0.9531279281265501,1.4328436083266323,-0.06665150410284659,0.208253619247319,0.3211760218034512,1.6454307295682613,1.4931107808905282,0.33177559108586396,0.2076593246953071,0.6588784010715021,0.14500190356530251,1.24299159280309,1.5727612077587179,0.39182918909860276,0.04038004761957895,0.16169155120374135,-0.11027570330044811,0.11027570330044811,0.939890638833448,0.07936507936507936,0.8412698412698413,45597324.161798425,17.635359614031632,0.4603174603174603,0.14285714285714285,0.1111111111111111,0.058389691968818845,0.20447861727102845,0.2729844747853545,0.12563835577794782,0.2456140600376484,0.6666666666666666,0.10766279642325265,-0.23344943017126596,0.33177559108586396,0.27748216468189757,0.2456140600376484,0.1784232253491067,1.9549289587309202,0.053633453203787936,-0.11027570330044811,0.11027570330044811,0.35496187304555904,77116016.05462006,0.08595900030396364,0.0784708279225827,-0.013888902134365555,-0.03186810464424916,0.018280804649769777,-0.061524378422844306,-0.0071407624825340354,3.0,12.0,3.0,1.0,1.0,1.0,63.0,126.0,0.7083979328165375,0.2873240093086673,0.44788730578204006,0.9323944297628595,0.9323944297628595,1.0,0.19457929149952846,0.23939983173987878,1,1,1,1,1,0
yearly_top_future_return_examples,2016-08-31,LEU,3.4600000381469727,-0.2158202766971924,-0.08707122085159846,0.9702916563201588,1.0251205334387867,1.0595238965317262,1.5255474643096525,1.6212120459537345,-1.5365725550184983,-1.8540280409531826,1.2954544325669652,-1.153540217775744,2.41666670429586,1.4788078614877447,-1.4792978311625131,0.8396622903700316,-0.23956046305392498,0.23956046305392498,0.00501980660415513,-0.23281599499944805,0.9915688897757599,-0.29268295003804123,0.02032194624517445,0.04107117095161983,-0.6697819314641744,-0.6229192935580391,0.24459230552343525,0.08463949093523615,0.4910118472965075,-0.23281599499944805,1.6212120459537345,-0.050156765818399784,0.03070308199436278,0.14191421479122135,0.08250825160415176,0.08381994707616491,0.14191421479122135,1.9307905863430892,0.23431084432172555,0.21960646256231356,0.3136883117598532,0.04868507649582884,-0.23956046305392498,0.23956046305392498,1.306666692097982,1409973.0943534109,0.10638769951503246,0.42857142857142855,0.11904761904761904,0.11904761904761904,0.09464821778647156,0.5820895522388059,0.7377872207523462,0.06828032459729372,0.011405341397151103,0.01645124476427995,0.712582047592934,0.012182274407646484,-0.039634108889109565,1.0127914199767396,0.05487806961197439,0.030792011981537915,0.6056664393917807,0.7000785631134232,0.13978494623655924,0.026099347350929565,0.05768062659065598,-0.08947366274624957,0.08947366274624957,0.10191080336048697,0.20634920634920634,0.3333333333333333,150003.7938863512,11.918422531810048,0.30158730158730157,0.07936507936507936,0.09523809523809523,0.06292643104693958,0.017846642867701545,0.08947698837109286,0.23209765771027735,0.09841267726799252,0.5,0.36918563473707566,-0.29268295003804123,2.41666670429586,0.08791199394165905,0.09841267726799252,-0.0061754897428513145,0.42401409061542106,0.01753658572199023,-0.08947366274624957,0.08947366274624957,0.09841267726799252,143722.3343292872,-0.006888627154622351,0.05181665997349003,0.0005783684411466705,0.010500683326333471,0.058094267715056436,0.1424041844659898,0.12874905584559393,1.0,3.0,1.0,0.0,0.0,1.0,63.0,126.0,0.6497369402488079,0.1502890101715153,0.12138730394895592,0.8815029355804032,0.8815029355804032,1.0,0.20136010417808153,0.2732108401972583,1,1,1,1,1,0
historical_mega100_examples,2017-01-31,PLUG,1.059999942779541,-0.6427732105377775,-0.43315511225849535,1.170937617604106,1.261697026681986,-0.48543690668782646,-0.4301075620284063,-0.4078212483970012,0.02770424204196098,0.09169220026090386,-0.14525139441573054,-0.16193817251171616,-0.13407822047565432,-0.49478998354757575,0.10063168146955448,-0.8330568814801046,-0.5225225544509902,0.5225225544509902,-0.06046848315886255,-0.3161290481360973,0.04702737396601125,0.10322586500185893,2.06107198537713,-0.2576511346504501,9.079554586155435,5.983220578012788,-0.19982315583468635,-0.3801170063550402,-0.36802243429604625,-0.4078212483970012,-0.3161290481360973,-0.10526319458580713,-0.0842665206412937,-0.3071895669274467,-0.10457514353811614,-0.37513011879642266,-0.3071895669274467,0.489547901786033,-0.5751263319305925,0.8632685086262271,1.0910584473599427,0.021927968046391553,-0.39080463392540155,0.39080463392540155,0.0,3705988.8325195466,1.3026598404503602,0.25396825396825395,0.03968253968253968,0.047619047619047616,0.04884068474161139,1.003856950498665,0.7700734737194082,-0.010168028307466548,-0.12126285754236943,-0.18985023748888663,0.6943124447850636,2.6041552355671556,-0.12408755948391248,0.09058272862665134,-0.22627741672252244,-0.13064046805072593,0.5341253736309869,0.7912211400911622,0.7176756742657417,0.02549512726923765,-0.12586340964807707,-0.32051283226916116,0.32051283226916116,0.0,0.5714285714285714,0.015873015873015872,4827642.821280729,15.38986908492404,0.3333333333333333,0.047619047619047616,0.047619047619047616,0.05637499913351565,-0.13445839734640763,-0.13112165133003673,-0.27606160322436357,-0.11666674945089228,0.16666666666666666,-0.08024083375542057,-0.13407822047565432,0.10322586500185893,-0.168067860764317,-0.11666674945089228,-0.11259945249652725,0.42261128707592743,0.018970802282058014,-0.18461539872299337,0.18461539872299337,0.0,3811955.611013231,-0.06935911650654858,0.049191386636747166,-0.03636366749598041,0.05140111131342473,0.06794055186897596,0.08696873515057457,0.20961809827928213,1.0,3.0,1.0,0.0,0.0,1.0,63.0,126.0,0.640753164141911,0.01886802001456611,0.3018868582322567,1.113207670240996,1.113207670240996,1.0,0.165915440935217,0.20490296268675254,1,1,1,1,1,1
historical_mega100_examples,2017-02-28,PLUG,1.0800000429153442,-0.7633862117981295,-0.4807691910915811,1.2976653153993782,1.403937931234424,-0.4374999650754028,-0.3966480078595551,-0.30322575732894885,0.009108151519015228,-0.06519528429530919,-0.11612900199056442,-0.09554980154495685,0.10322586500185893,-0.4259606336075229,0.09154695379342759,-0.391233932008224,-0.5135135004518676,0.5135135004518676,-0.07444289869086429,-0.36842104162425804,0.04052650180695129,-0.10526319458580713,2.323892585861278,-0.18742002364237464,2.372170071783545,1.6583531456701115,-0.09504857505288788,-0.2941176058099336,-0.32192146825438017,-0.36842104162425804,-0.2941176058099336,-0.10457514353811614,-0.12245206072111914,-0.21167880353552126,-0.12408755948391248,-0.32150432349924496,-0.21167880353552126,0.7750497401196144,-0.22561960573175666,1.9657375664336696,1.2105171903407987,0.02833345101077071,-0.3793103235655252,0.3793103235655252,0.27058825014371735,5362452.730908469,1.3540791932842442,0.3253968253968254,0.05555555555555555,0.07142857142857142,0.058722005319395774,-0.1653588146190904,-0.14961078802834238,0.01282057748038623,-0.12657211916412003,-0.07088777860504003,1.5184187271654976,1.7598437487492695,-0.11666674945089228,0.09386319360356578,-0.09999999999999998,-0.1293923085426979,0.9382110337839618,1.6238824050736962,0.07295123570062079,0.03196418440132941,-0.041631246973241165,-0.30769225478877493,0.30769225478877493,0.27058825014371735,0.873015873015873,0.19047619047619047,7261185.667893432,15.798053826321896,0.3492063492063492,0.047619047619047616,0.07936507936507936,0.06550858379163514,-0.007352895859087161,2.0987551252460435e-08,0.012384292927933513,0.01886802001456611,0.3333333333333333,-0.05474979367371716,-0.12408755948391248,0.10322586500185893,-0.024882662949321732,0.01886802001456611,0.025641066280226443,1.5235443900077787,0.05079459867766306,-0.09999999999999998,0.09999999999999998,0.27058825014371735,12678898.552016417,-0.04255316113389551,0.11177249005757509,-0.04929574804394987,0.043750682963887844,0.1098255199637237,0.12273487627857405,0.28261702070654837,1.0,3.0,1.0,0.0,0.0,1.0,63.0,126.0,0.6526854219948849,0.27777772258829403,1.0740740004880958,0.7222221670327384,1.0740740004880958,1.0,0.1681926004441384,0.2293710473532752,1,1,1,1,1,1
yearly_top_future_return_examples,2017-04-30,CVNA,2.220000028610229,,,,,,,,,,,,,,,,,,,,,,,,,,,,,,,,,,,,,,,,,,,,,,,,,,,,,,,,,,,,,,,,,,,,,,,,,,,,,,,,,,,,,,,,,,,,,,,,,,0.027270611354266006,0.0939465867080509,0.16826992152417852,0.299501653954902,1.0,3.0,1.0,0.0,1.0,0.0,1.0,1.0,0.0,-0.09459461055882823,0.8441440585177993,0.7585585556559709,0.8441440585177993,1.0,0.14792464154453275,0.1835853731164546,1,1,1,1,1,0
yearly_top_future_return_examples,2017-05-31,CVNA,2.009999990463257,,,,,,,,,,,,,,,,,,,,,,,,,,,,,,,,,,,,,,,,,,,,,,,,,,,-0.917895519481669,-0.9256621608414354,,,,,,,,,,,,-0.8482503639962701,,,,,,,,,,,,,,,,-0.10819887828554432,-0.09459461055882823,0.0,-0.09459461055882823,-0.09459461055882823,-0.09459461055882823,-0.13356754660004921,-0.09459461055882823,-0.07086395782690191,0.8742660927517798,0.03664282729047913,-0.14540816662701483,0.14540816662701483,0.15252295804188343,8672294.24624216,-0.07789705318003126,0.07798864934383126,-0.04322162970403165,0.038972936041220985,0.08893906908577298,0.20853236855693136,0.2936153342767973,1.0,3.0,1.0,0.0,1.0,0.0,23.0,23.0,0.0,1.0368158617390488,0.9422885882547891,0.7761193781995981,1.0368158617390488,1.0,0.14953599095215428,0.20036382468501254,1,1,1,1,1,1
historical_mega100_examples,2017-08-31,ENPH,0.9200000166893004,-0.7630284297448126,-0.494505499903814,1.7892561398542006,1.9100755449701734,-0.17857141716747882,-0.38255032832158287,-0.48603349927621975,0.259142719823813,0.15756635583620682,-0.5754189906928844,0.7859453436320678,-0.23463685253371014,-0.6158843275017175,0.6965598522154032,-0.6986362471057573,-0.5157894588243266,0.5157894588243266,-0.0908010704276545,-0.32846714344001293,0.13057556142589624,-0.13138682257037326,0.49153006144125766,0.0019603793773206313,-0.7663736046626495,-0.7171890917019492,0.41415908503463195,-0.22689077945240677,-0.34713047405621317,-0.48603349927621975,-0.22689077945240677,-0.3613445765385711,0.04961464513228364,0.21052635293918343,0.1447368627439909,0.1729560606233127,0.21052635293918343,0.6956889243718921,0.35339647178766376,0.9680260947744334,0.8563063575664336,0.032751437175951637,-0.34285711974513744,0.34285711974513744,0.3142857605097251,733955.7600887995,0.8184103603991847,0.4444444444444444,0.07142857142857142,0.1349206349206349,0.06958278242097105,-0.2530006317119393,-0.268894220175527,0.1466634857466368,0.035782989134359955,0.05553007921250752,0.7948774040139208,0.4617637487796941,0.08045976145262146,0.19240360763698813,0.057471277755039685,0.0028686180190129473,0.595722848828205,1.130467018282452,-0.2818825910931174,0.02922063479232139,-0.03961454913910334,-0.08910888576610387,0.08910888576610387,0.21052635293918343,0.4126984126984127,0.9682539682539683,600676.998131332,13.30581429311791,0.3968253968253968,0.07936507936507936,0.047619047619047616,0.06821410444937269,0.025260052220975604,-0.02105261176576878,-0.03159363344677678,-0.021276575507703344,0.3333333333333333,-0.08724136715895758,-0.3613445765385711,0.1447368627439909,-0.042012521931893865,-0.021276575507703344,0.05263160048343174,0.6734450326375488,0.03136014894733055,-0.03157891764865328,0.03157891764865328,0.17948724414705275,634675.7136455603,0.025641040975382223,0.055900617697546125,-0.01075267783478262,0.02073594642419052,0.037570292315870724,0.12985082822549776,0.26852292984099857,2.0,7.0,2.0,1.0,0.0,1.0,63.0,126.0,0.650507614213198,0.6521738623400954,0.6630434169942818,2.1521739595215803,2.1521739595215803,1.0,0.23230524242922165,0.2996063486829688,1,1,1,1,1,1
yearly_top_future_return_examples,2017-09-30,ENPH,1.5199999809265137,0.05074816597737963,0.2881356343151835,1.6330677301021257,1.7060059136239996,0.504950490375089,-0.15083798138576865,0.10948903331099102,0.890510966689009,0.16782181361186677,-0.3649635023793565,1.112089907661616,-0.13138682257037326,0.005353451452723146,0.6376373719712685,0.14802130720593684,-0.19999999999999996,0.19999999999999996,0.020379403175232902,0.2773108469228578,0.47319015819800647,-0.3613445765385711,0.45974848365398063,0.6147880460436987,-0.1933777879972407,0.40927096567720533,0.3720354729811115,1.0,0.46226662674461627,0.10948903331099102,1.0,0.1447368627439909,0.23821567688695078,0.7471264052822595,0.08045976145262146,0.6880711922652185,0.7471264052822595,0.7396842750392874,0.9339169913305974,1.3991963953909219,1.0815321220330008,0.033460381928869895,-0.00653594160147164,0.00653594160147164,1.171428581159942,784065.3126878397,1.0475683760986487,0.4365079365079365,0.10317460317460317,0.10317460317460317,0.07441063158023532,0.4832980972515857,1.4506663463378668,0.08257294416463223,0.3375558886541259,0.4113277517787457,1.9010703552010113,0.7208712925542846,-0.021276575507703344,0.34030368388516957,0.6170212604061625,0.5388571382892375,0.7999923036176821,1.2937169103778394,0.1642880849651509,0.03519356623270232,0.642615549651657,-0.00653594160147164,0.00653594160147164,0.9487179957433112,0.15873015873015872,0.5079365079365079,821362.0263676795,13.618720466547337,0.47619047619047616,0.15873015873015872,0.06349206349206349,0.0787168256241798,0.2701949751949375,0.5538793033958989,0.6301418527046723,0.6521738623400954,0.5,0.06056041865334335,-0.3613445765385711,0.6521738623400954,0.6551265239922597,0.6521738623400954,0.12885257379542003,1.0349635713623182,0.04576598899764973,-0.00653594160147164,0.00653594160147164,0.6521738623400954,1189910.5582274143,0.043239524976588006,0.0968045042020603,0.05409152072429513,-0.0029526616521642346,0.059055213017040975,0.10413558185826788,0.2373874683378039,2.0,7.0,2.0,1.0,0.0,1.0,63.0,126.0,0.6510152284263959,0.006578941176802688,0.9078948235247617,0.585526392152766,0.9078948235247617,1.0,0.21650086726731482,0.2534799381365749,1,1,1,1,1,0
yearly_top_future_return_examples,2017-10-31,ENPH,1.5299999713897705,0.21647306143511336,0.5299999713897705,1.2922268301204636,1.3408217906654312,0.026845611810072167,0.11678829639745181,0.2857141998492554,0.472906447281795,0.72744368250435,-0.21008407359961145,0.8377436217596255,-0.3613445765385711,0.16137907339066282,0.3419453483107586,0.37914622474849685,-0.19473684705855776,0.19473684705855776,0.1408033838038354,1.0131578823536054,0.3691440602282802,0.1447368627439909,0.5980621359748104,0.4177168052476965,0.6396083385975995,1.6687241675611602,0.19803648426163412,0.7586206471310504,0.6858309097779705,0.2857141998492554,1.0131578823536054,0.08045976145262146,0.19552458084796198,0.627659548160014,-0.021276575507703344,0.5630571873357879,0.627659548160014,0.7535725828175693,0.7718183359933868,0.8827085623289052,1.0791553269251497,0.034805623014549765,-0.03773588725110655,0.03773588725110655,1.1857142820650215,813237.3758871404,1.040203337984909,0.4603174603174603,0.11904761904761904,0.0873015873015873,0.07520964812887776,0.4797605473204105,0.48949580491698486,-0.031199945649634908,0.16356674091716417,0.173672888016557,1.1228189842466785,1.0851508605672078,0.6521738623400954,0.3292205393041322,0.6630434169942818,0.014192143668746215,0.8132218669723235,0.8179624751925354,0.40753796095444694,0.03669574850019487,-0.07196708973844956,-0.03773588725110655,0.03773588725110655,0.9615384968074834,0.31746031746031744,0.8571428571428571,845932.2329718915,13.64819571463694,0.5238095238095238,0.1746031746031746,0.06349206349206349,0.07937168471866321,0.07898446900512646,-0.055555551068605546,0.00989039359238572,0.006578941176802688,0.6666666666666666,0.083554712611206,-0.3613445765385711,0.6521738623400954,-0.03948501301651053,0.006578941176802688,0.09795477407414288,0.6651849711893765,0.03415158262569248,-0.03773588725110655,0.03773588725110655,0.2142857007699217,705408.0942369642,0.12998520105601807,0.06069093082199092,0.09756095058068603,0.04606395419331322,0.0646023608242261,0.12433512645859257,0.31352690995465715,2.0,7.0,2.0,1.0,0.0,1.0,63.0,126.0,0.6519035532994925,0.895424934376454,0.5751634842460636,0.4379085547860193,0.895424934376454,1.0,0.22725861051189866,0.28576166323359453,1,1,1,1,1,0
yearly_top_future_return_examples,2017-12-31,ENPH,2.4100000858306885,1.0595031558156371,1.386138721372951,1.09142299225134,1.0592038454043131,0.7591241441186356,2.171052784305532,1.7701150260020122,-0.1505497628368202,-0.20628514095591077,0.7471264052822595,-0.16160001312949346,0.08045976145262146,1.6336184092958093,-1.1845886338492462,2.079085338799972,-0.23248407474042554,0.23248407474042554,0.26933197429282596,1.5638298850461014,0.10671240387407391,-0.021276575507703344,1.1577089833935188,0.3876893455554904,0.3520524515393386,1.1437148454904702,-0.2259481331389539,1.619565263165192,1.651170058071102,1.5638298850461014,1.7701150260020122,0.6521738623400954,0.2862335401661005,0.585526392152766,0.006578941176802688,0.5124032889025147,0.585526392152766,0.851391231022631,0.6461133222424753,0.6632361383557359,1.0644091682063073,0.03861379198566192,-0.23248407474042554,0.23248407474042554,2.0897438131140618,1475982.2489456525,1.4435149698077951,0.5,0.15079365079365079,0.0873015873015873,0.08155683862229143,-0.6802184466019418,-0.7342505014508469,-0.15605095323769014,0.36907182615134215,0.06411165578267641,0.9322640945438296,0.8418281319331461,0.895424934376454,0.4277669078427235,0.5751634842460636,0.1551648504402079,0.9062286320309426,0.6231026170822924,-0.4254623273843172,0.04203401773862153,-0.09935667458057862,-0.23248407474042554,0.23248407474042554,0.9126984952949229,0.3492063492063492,0.7936507936507936,2130602.4715236253,14.57191581752223,0.5238095238095238,0.14285714285714285,0.1111111111111111,0.08439685162040307,-0.10553009753004072,-0.1505524741344657,-0.2992269607712609,-0.16896551497342627,0.6666666666666666,0.24073256814414065,-0.16896551497342627,0.895424934376454,-0.17499664890675726,-0.16896551497342627,-0.08295279049076398,0.5646734322933861,0.027602971855142062,-0.16896551497342627,0.16896551497342627,0.0,2084990.7837095715,-0.04365076140061108,0.06135147913001556,-0.020325183553227655,0.00603113393333099,0.07312310325025129,0.13649661670620294,0.3266355655573139,2.0,7.0,2.0,1.0,0.0,1.0,63.0,126.0,0.6532904966908694,-0.08713694218587087,0.3775932842336174,0.8962655638604142,0.8962655638604142,1.0,0.1842031388065607,0.24875575012561224,1,1,1,1,1,0
historical_mega100_examples,2018-01-31,ENPH,2.200000047683716,0.10423657615789517,0.4765100896661867,1.1443231787225236,1.1073037340286949,0.848739446973106,1.5287356731330628,1.340425588578431,-0.893057117992853,0.050878767698220084,0.627659548160014,-0.1897509933739947,-0.021276575507703344,1.152645038850976,-0.9025170337924118,1.5411197143122375,-0.2993630655465044,0.2993630655465044,0.15656129477710223,1.3913043562766512,0.5309040436361956,0.6521738623400954,1.323204947131351,0.09529027557852898,0.2373338470429589,0.7791729237893665,-0.26162717829539783,0.44736847058557805,1.0596994718135535,0.44736847058557805,1.3913043562766512,0.006578941176802688,0.09952313726240214,0.4379085547860193,0.895424934376454,0.3222050832965675,0.4379085547860193,0.8697738249209465,0.47174805254925756,0.8468244135605231,1.0672520056680275,0.039877253237468525,-0.2993630655465044,0.2993630655465044,1.820512985101589,1681447.7424147583,1.5004378897968245,0.5238095238095238,0.16666666666666666,0.11904761904761904,0.0837484873091841,0.3542061986084757,0.23620481137258098,-0.06687899080607884,-0.1480885835421616,-0.11653680851864845,1.0238361764934663,1.0398251578436135,-0.16896551497342627,0.44543287663892567,-0.2413793188496519,-0.16552511827711558,0.9282678591244319,0.7934624709657663,-0.2588276021232403,0.04315419127441349,-0.18928571317066145,-0.2993630655465044,0.2993630655465044,0.5714286322496385,0.6825396825396826,0.9682539682539683,2522907.9024324343,14.740923120127267,0.5238095238095238,0.15873015873015872,0.1746031746031746,0.08831843138916949,-0.04153352741007277,-0.14715448399436004,-0.11830486702348739,-0.08713694218587087,0.5,0.21279978420439194,-0.16896551497342627,0.895424934376454,-0.17470758674527376,-0.08713694218587087,0.0031919931539841073,0.7365457092189736,0.03654702367910312,-0.15384610446952318,0.15384610446952318,0.13402060968790508,1862667.5301881065,0.07684779270434716,0.08311687171670337,0.048617752947395676,0.08757064455940289,0.11570347148945181,0.18778054972745517,0.3722735135082915,2.0,7.0,2.0,1.0,0.0,1.0,63.0,126.0,0.6535443037974684,0.509090846038063,1.0772727602769514,0.8863636388266383,1.0772727602769514,1.0,0.10941689755534495,0.1517892537944311,1,1,1,1,1,1
yearly_top_future_return_examples,2018-03-31,TKO,32.58992385864258,0.4303462115883947,0.6504386389413548,1.0147693246293699,1.0180796721245993,0.7899295090777101,0.6725170401103442,0.5398106681945962,-0.2669944785355527,-0.17296017094005567,0.30342023222101244,-0.12205858834751115,0.12653920182745937,0.43479019118077145,-0.35844902432109493,1.6276566686044798,-0.061661397752513336,0.061661397752513336,0.09611001372551242,0.36685049725454055,0.1354275472377817,0.07387893739840523,1.5523384526224282,0.10057540224778494,0.09922449791210974,0.29858165983947416,0.009419888190470127,0.27281618965904353,0.39315911836939343,0.27281618965904353,0.5398106681945962,0.07741452099771662,0.07248504490943564,0.1813616438735013,0.15598483067605118,0.1516377718713393,0.1813616438735013,0.331648976474516,0.7441711242516825,0.5110684271930828,0.7348419957707901,0.013389520830620373,-0.061661397752513336,0.061661397752513336,0.6827162407542473,22399973.862620763,1.2196008792601183,0.07936507936507936,0.015873015873015872,0.007936507936507936,0.024503606134032324,-0.7286338422266948,-0.743030590985341,-0.05826569948582183,0.05708849068510258,0.0027155757098038524,0.8655112548575613,0.602408325614341,0.07920758976166176,0.07158293296070743,0.02195254861831475,0.0409502855664976,0.24370959576787318,0.6954807021569489,-0.5046890866734365,0.01193178502498014,-0.007463201753166837,-0.061661397752513336,0.061661397752513336,0.19070665852630064,0.25396825396825395,0.9841269841269841,27319027.818255953,17.123094043654916,0.06349206349206349,0.0,0.0,0.025710637173790005,-0.025963622716979606,-0.024685168054760842,-0.3130048211100599,-0.05305285256193548,0.8333333333333334,0.07666203801655978,-0.05305285256193548,0.15598483067605118,-0.012264508720711498,-0.05305285256193548,-0.028595950026829353,0.16949532078702662,0.008071792363808658,-0.061661397752513336,0.061661397752513336,0.005304196417655227,26160078.031594414,-0.008480576706234588,0.02034105598517895,-0.005413403747777323,-0.040788343841223984,0.029723872002161977,0.10502047701382478,0.22009242735296008,1.0,3.0,1.0,0.0,1.0,0.0,63.0,126.0,0.5739991689042322,0.10497090511073481,0.6076088347143647,1.026156547160666,1.026156547160666,1.0,0.1820475280268344,0.2534558310741562,1,1,1,1,1,1
yearly_top_future_return_examples,2018-04-30,TKO,36.01091766357422,0.6972045436221732,0.8909155371806468,1.1884001199780914,1.2108195800764587,0.903979206389433,0.7014459877341481,0.5103300311024075,-0.20495978620839916,-0.10390517397525767,0.3374892005529315,-0.2082613679259302,0.07387893739840523,0.4486261267528213,-0.38110219847540616,1.7812027885801032,-0.012899789322053712,0.012899789322053712,0.07012407319702874,0.4064248571271498,0.1024831968300266,0.07741452099771662,1.4046081239346466,0.13641383165150023,-0.4218646973493341,-0.347153525222633,-0.012899789322053712,0.3053702448940083,0.4073750443745219,0.3053702448940083,0.5103300311024075,0.15598483067605118,0.04611721024952531,0.12922783262700133,0.07920758976166176,0.17762740161622093,0.12922783262700133,0.2865086639063822,0.47788984940558743,0.9924618270328922,0.943822866719639,0.013403414660172424,-0.012899789322053712,0.012899789322053712,0.5831313481119489,24951136.23391409,1.1496407237456017,0.07142857142857142,0.007936507936507936,0.007936507936507936,0.02528255347336563,-0.20694645441389292,-0.12369890593244193,0.048761608430459624,0.020497528474414217,0.0591275302663401,0.9586660027450913,0.5395913678509888,-0.05305285256193548,0.06907490143133792,0.0463490465966665,0.03950471731299299,0.2704134285081352,1.0515339922652047,-0.5656969256678666,0.013120205473953907,0.08376007755696846,-0.012899789322053712,0.012899789322053712,0.17961655026444712,0.031746031746031744,0.873015873015873,28684842.318232097,17.17187943385336,0.07936507936507936,0.0,0.0,0.026631535577387355,0.0546638550180325,0.09572994929493195,0.3691623237000304,0.10497090511073481,0.8333333333333334,0.07306732189710569,-0.05305285256193548,0.15598483067605118,0.09991244016021361,0.10497090511073481,0.032581376928852324,0.28434891204128093,0.01422589075928269,-0.012899789322053712,0.012899789322053712,0.13880973489386483,26957068.504387993,0.01092496141905075,0.022977759507064394,0.002974548773617691,0.005058464950521202,-0.0483995689892196,0.06170390434958617,0.19371099355847354,1.0,3.0,1.0,0.0,1.0,0.0,63.0,126.0,0.4850498053583696,0.4548879316901633,0.833674115571047,0.9920621149515585,0.9920621149515585,1.0,0.20004406116816617,0.2552580577167801,1,1,1,1,1,0
historical_mega100_examples,2018-05-31,CVNA,5.769999980926514,1.6565347335723177,1.870646770300067,0.6964661791242198,0.7138615820705461,0.6162465234797225,1.0345557301754025,0.7797655143788755,-0.2685031092600074,-0.2708742593157538,0.23627383395154,0.20334695676774284,0.17951874159706915,0.6795257575478668,-0.3401447236595927,1.1926390372379718,-0.041528239334233885,0.041528239334233885,0.057070136462716636,0.5088912550631217,0.15570934803597836,-0.0015689863307092322,1.3985668735214454,0.2699404811457169,0.7161314839445183,1.4705785638944637,0.0961653706166441,0.5112624051188681,0.5999730581869551,0.5088912550631217,0.7797655143788755,0.04976422601106689,0.12391468285793583,0.43962079071928284,0.14421159768410363,0.4208661986475395,0.43962079071928284,0.6538151863490327,0.6522504758123921,0.7599152212368723,1.0308816630825275,0.030651094184406168,-0.041528239334233885,0.041528239334233885,0.8505451970661821,16182945.413777752,1.478718920846686,0.3888888888888889,0.1111111111111111,0.07142857142857142,0.06100504929132144,-0.5057458684469738,-0.455962175963441,0.08770762119644149,0.08762258130567879,0.12562523714812457,1.090506591922933,1.3429484796669393,0.1430440781160336,0.06772008949106491,0.2581770658793274,0.004876386709082636,0.6740060866521034,0.7371507792316189,-0.11433614434202788,0.029453103334006858,-0.05624933952006628,-0.041528239334233885,0.041528239334233885,0.6960611596225725,0.49206349206349204,0.9206349206349206,23930027.578382265,16.990644654132996,0.2857142857142857,0.1111111111111111,0.07936507936507936,0.059508089322517645,0.06747739196910874,-0.016449511225421598,0.20272936009435097,0.10072488888884856,0.8333333333333334,0.10261575766106877,-0.0015689863307092322,0.17951874159706915,0.043995450784510615,0.10072488888884856,0.08950150618776354,0.49684411198245204,0.021473960802180114,0.0,-0.0,0.16518574645956607,29191297.57137526,0.0753690111373504,0.05237681955611787,0.06749056020867483,0.05672943810433795,0.018754592071743348,0.10023975683100872,0.21411203672774937,1.0,3.0,1.0,0.0,1.0,0.0,63.0,126.0,0.6633459914001476,0.44194102639983734,0.4904680086478592,1.244020796711427,1.244020796711427,1.0,0.20521428091031274,0.2674692733890754,1,1,1,1,1,1
yearly_top_future_return_examples,2018-06-30,AMD,14.989999771118164,-0.05603237912755499,0.2011218205887899,1.0540396617020928,1.0465601030428042,0.1756862565582873,0.3764921302605231,0.4581712218377323,-0.2203512221606112,-0.3671959655915471,-0.022373496907655332,0.5139157343831836,0.3365758879399252,0.3520049726500911,0.03337101563779599,0.955684331938481,-0.12390419424946109,0.12390419424946109,0.05692924850775394,0.09097525624618519,0.18482014542417585,-0.11863174247405883,0.8229210750536115,0.22019713419815967,-0.14694729403838014,0.27236414173454837,0.14465473164948806,0.23781999967712109,0.2623221592536795,0.09097525624618519,0.4581712218377323,-0.17010731002015633,0.2077329325546513,0.4915422374755283,0.08258705551779344,0.41730643575827076,0.4915422374755283,0.47941690213586713,1.0279890307914765,1.0848876431610772,0.9973762450605834,0.023796953169062187,-0.12390419424946109,0.12390419424946109,0.5729276171180642,770251200.0760978,1.0224198765754635,0.2857142857142857,0.03968253968253968,0.031746031746031744,0.04040415397180625,-0.11261023511839252,-0.031174594613184836,-0.11739188205153839,0.25569011379802564,0.11086407266517151,1.5703963511450616,0.6698374379336579,0.2619484740641347,0.20054277951089444,0.3777573174123485,0.2461758773404077,0.47815902967084833,1.0877416105846578,-0.10329270741638319,0.023021437690430722,0.18757065002629125,-0.12390419424946109,0.12390419424946109,0.5729276171180642,0.14285714285714285,0.9206349206349206,787520136.9139067,20.48439950029127,0.25396825396825395,0.031746031746031744,0.015873015873015872,0.03769929803536345,0.0038394406797852554,0.11818452055294681,0.17644201032130802,0.09176986678009813,0.6666666666666666,0.08069037196795605,-0.17010731002015633,0.3365758879399252,0.08031969959626628,0.09176986678009813,-0.044157522549654105,0.5201134730497657,0.027580913476417182,-0.12390419424946109,0.12390419424946109,0.04097223390399707,1220785460.2101507,-0.04915955432721686,0.05508435841584377,-0.012256210562038627,0.01145016718383185,0.07423580171725752,0.10616624918764117,0.2571541997163449,3.0,12.0,3.0,1.0,1.0,1.0,63.0,126.0,0.9664987405541562,0.22281522372156393,0.6791194436700392,1.0607071288396845,1.0607071288396845,1.0,0.20431181456094566,0.2560551340857404,1,1,1,1,1,1
yearly_top_future_return_examples,2018-12-31,ENPH,4.730000019073486,0.9639176510765227,0.9626555396752738,1.089180303806709,1.131058490349966,0.03501090621489911,-0.17452006922710195,-0.2971768193657952,0.2644570132756776,0.09213483124809674,-0.2793462272084415,0.2546039822767536,-0.11589899072774912,-0.20005908442515263,0.27243457443410735,-0.45556806883737255,-0.3676470578860547,0.3676470578860547,-0.04192126297769838,-0.20504198811769847,0.13423938407347394,-0.17815125659818432,0.544886293291138,-0.04537013909269605,-0.739229386194497,-0.7456814365922593,0.15739647498028675,-0.0327198060901176,-0.17831287119120376,-0.2971768193657952,-0.0327198060901176,-0.008179951522529372,0.06006153803128278,-0.024742244931687862,-0.06391751523199796,0.14258996242716127,-0.024742244931687862,0.652321441500942,-0.04079993064921537,0.816938787834291,0.9296468950206527,0.032324663255643815,-0.3676470578860547,0.3676470578860547,0.21593827545410926,13356437.696197297,0.6432731597059332,0.4444444444444444,0.09523809523809523,0.1111111111111111,0.06832355529915116,-0.09843418050200647,-0.21029513553529844,-0.12363985683494316,0.058445856024391674,-0.08471689495600143,0.9704060075582408,0.41061477539464963,0.18942734377543702,0.13078253186402716,0.041850233219585586,0.0066917960598302795,0.606428602646747,0.8787624550890822,-0.23801290150960963,0.030873148713073464,-0.06179353168603108,-0.19420781749760074,0.19420781749760074,0.13975901454881834,0.25396825396825395,0.6666666666666666,8591837.87924827,15.966323343139715,0.4126984126984127,0.09523809523809523,0.07936507936507936,0.06463011127421615,-0.11262584761673977,-0.09025682686558123,-0.2328251622198555,-0.12407408601135528,0.16666666666666666,-0.05013240938606317,-0.17815125659818432,0.18942734377543702,-0.03746690251529028,-0.12407408601135528,-0.11431513103195878,0.5329066876980969,0.026652632099378556,-0.19420781749760074,0.19420781749760074,0.019396585167589242,9184860.262609664,-0.050200793926213017,0.06991846948723933,-0.01826482300978227,-0.086607183496065,-0.16733220735884913,-0.09711773494064257,-0.0012621114012488777,2.0,7.0,2.0,1.0,0.0,1.0,63.0,126.0,0.6479848866498741,0.528541224084329,0.9175474964587536,0.951374102540554,0.951374102540554,1.0,0.32861377163935807,0.38965268083455395,1,1,1,1,1,0
yearly_top_future_return_examples,2018-12-31,LEU,1.690000057220459,-0.5772915143446267,-0.5785536257458755,1.0182846619310708,1.155816678039903,-0.5239436394589873,-0.5239436394589873,-0.5087209217705684,0.24994902634388638,0.055646521823467965,-0.2180232521873865,-0.1537239518008865,-0.10174422593874888,-0.4116031868299258,0.1369737177822954,-0.4539018354826304,-0.5785536257458755,0.5785536257458755,-0.10952399219480458,-0.4530743999471004,0.1312278644344852,-0.2621359110934779,2.448464450988641,-0.27901021442305607,7.608695652173912,4.408437113492258,-0.12740680387219216,-0.258771895426682,-0.40685573904811695,-0.5087209217705684,-0.258771895426682,0.17982460130504885,-0.11419959795010337,-0.371747203988273,-0.1858736019941365,-0.20441499662942386,-0.371747203988273,1.1207729998043503,-0.3316823514663104,1.4640868142769827,1.0000177003878241,0.044568978528753043,-0.5407608623470275,0.5407608623470275,0.17361110421242554,53928.349109585324,1.070067685744024,0.47619047619047616,0.11904761904761904,0.1746031746031746,0.08771283943740285,-0.7926701570680628,-0.8748616241480195,-0.34558105158076835,-0.11080572767164298,-0.20132322491590604,0.9824981782981372,0.6042726347914547,0.2785387576062601,0.2611632506094358,-0.22831049631779388,-0.23403352952337542,1.1207928379211096,1.4640608998312576,-0.5917525773195876,0.04697511716945018,-0.36301643838239206,-0.3964285407139325,0.3964285407139325,0.17361110421242554,0.30158730158730157,0.06349206349206349,57706.983727689774,10.963150809088944,0.5714285714285714,0.12698412698412698,0.20634920634920634,0.10279835821087514,-0.17520739231017868,-0.3896103868901475,-0.2415908181170781,-0.3964285407139325,0.3333333333333333,-0.0813031534714978,-0.3964285407139325,0.2785387576062601,-0.3098213572178675,-0.3964285407139325,-0.06371188027461683,1.6409089708112086,0.06747843244484543,-0.3964285407139325,0.3964285407139325,0.17361110421242554,109270.71336848395,0.06423175840973672,0.13144547375342053,0.05757198372266559,-0.086607183496065,-0.16733220735884913,-0.09711773494064257,-0.0012621114012488777,1.0,3.0,1.0,0.0,0.0,1.0,63.0,126.0,0.6505037783375315,0.5562130327773338,0.8402365620098489,0.6508874954961466,0.8402365620098489,0.9949748743718593,0.32861377163935807,0.38965268083455395,1,1,1,1,1,0
yearly_top_future_return_examples,2018-12-31,PLUG,1.2400000095367432,-0.47331413238862874,-0.4745762437898776,1.1199864212833994,1.160597521416956,-0.3439153339036457,-0.3368983923129262,-0.38613860334395045,0.015580223409064176,0.00613860811232203,-0.04950496276539107,-0.30466168449872155,-0.009900980750178201,-0.2890208684033079,0.03197195607983783,-0.6325120060792707,-0.4876033179983559,0.4876033179983559,-0.06558755595952226,-0.3799999952316284,0.007848247898360207,-0.014999985694885365,0.7236149632142846,-0.30258717011695313,2.200921816319563,1.0672620684791094,-0.24155865450257596,-0.3705583799348863,-0.37889899283682177,-0.38613860334395045,-0.3705583799348863,-0.025380746598692494,-0.11069317198011064,-0.3541666472641126,-0.0364582993788638,-0.1868344399052635,-0.3541666472641126,0.6104842273864394,-0.4646093097814711,2.035298937046145,1.248663176544285,0.022211088117827082,-0.4311926735941479,0.4311926735941479,0.2277227933120991,4483631.5161980335,0.8931501728697695,0.20634920634920634,0.031746031746031744,0.05555555555555555,0.044671262257062964,2.426404751027867,1.4278525279721697,-0.2491496164000616,-0.18317992934307692,-0.2507552801673222,1.446208223707995,1.8555548225359546,-0.05405406624492348,0.1086395884910113,-0.3297297332128353,-0.24986360844348798,0.762289174598535,1.629982348545666,0.8607105054247155,0.025147195594425385,-0.33164700546532044,-0.36082475620472043,0.36082475620472043,0.2277227933120991,0.7619047619047619,0.09523809523809523,4004556.2637766204,15.202943586500448,0.2222222222222222,0.015873015873015872,0.07936507936507936,0.05260743398675409,-0.1780821852863298,-0.2949886152412634,-0.23454677489480827,-0.2914285659790039,0.0,-0.07203710744109121,-0.2914285659790039,-0.009900980750178201,-0.2048213824829389,-0.2914285659790039,-0.098181811246005,1.2425178990830572,0.04389852305877516,-0.2994350153113221,0.2994350153113221,0.2277227933120991,4630439.297109558,0.0428932177402237,0.09447004453236023,0.0016155266191746342,-0.086607183496065,-0.16733220735884913,-0.09711773494064257,-0.0012621114012488777,1.0,3.0,1.0,0.0,0.0,1.0,63.0,126.0,0.6133501259445844,0.10483870502565207,0.44354834523086883,0.9354839329913056,0.9354839329913056,0.9974874371859297,0.32861377163935807,0.38965268083455395,1,1,1,1,1,0
yearly_top_future_return_examples,2019-03-31,ENPH,9.229999542236328,0.8880267862801472,1.0196934782347844,0.9550063440341284,0.9358562057696722,0.3714709533547691,0.8875255202961501,0.9030927265421431,-0.19383358224053682,0.1299468372883925,-0.024742244931687862,0.9761163474722419,-0.06391751523199796,0.9315552555128098,0.04828137599841087,1.5781088356950115,-0.04550160605854381,0.04550160605854381,0.16001103460841204,1.0330395638305356,0.16293730808493206,0.18942734377543702,1.038217449909237,0.37196021450385874,0.6069994763484028,2.135857160942505,0.14870621143905693,0.7092591443016063,0.8817971448914284,0.7092591443016063,1.0330395638305356,-0.12407408601135528,0.24024994316321835,0.951374102540554,0.528541224084329,0.7845972923703184,0.951374102540554,0.5722626387453271,1.8890249361668856,0.8610148588379273,0.8800720758032855,0.0290168266189792,-0.04550160605854381,0.04550160605854381,1.224096224127707,12475693.536060954,1.261294876286254,0.40476190476190477,0.1111111111111111,0.03968253968253968,0.060040462192310275,-0.47740818527558604,-0.46818937453379117,-0.04550160605854381,0.17980886477443558,0.14538860573917955,1.1213048242979615,0.8111930216165414,0.2544951135403355,0.2418952431521423,0.2766251062083869,0.17365464119086083,0.5036323683852657,0.9783458451991405,-0.39351785773103065,0.026028207073974883,0.15288630120289892,-0.04550160605854381,0.04550160605854381,0.951374102540554,0.14285714285714285,0.9682539682539683,15735528.335151218,16.571431728534527,0.38095238095238093,0.1111111111111111,0.0,0.0535958380373207,0.06299660835498666,0.07117265439709741,0.035801914959620824,0.017640557088817843,0.6666666666666666,0.13368543954092768,-0.12407408601135528,0.528541224084329,-0.021605187587812047,0.017640557088817843,0.027210460103310075,0.4927266351175276,0.02518067022511113,-0.04550160605854381,0.04550160605854381,0.11338957596004451,19960374.049940564,0.009073970867381487,0.04767064040333177,0.02898546934162427,0.03924574467662989,0.1667768101702356,-0.0284625289706667,0.1316666919546372,2.0,7.0,2.0,1.0,0.0,1.0,63.0,126.0,0.646221662468514,0.0877573629240338,0.6435537192473595,0.9750813051307474,0.9750813051307474,1.0,0.1900470334824882,0.23343554768839114,1,1,1,1,1,0
historical_mega100_examples,2019-04-30,ENPH,10.039999961853027,1.2313857302551232,1.4192770436464555,0.9799929969780165,1.0045833639424324,0.6873950056635434,1.0701031256233908,1.2114537546725317,-0.08883220681476534,-0.3521945353132261,0.592511030798009,-0.20385267182615974,0.18942734377543702,1.090100641087337,-0.8227953957006824,2.2370196610571296,-0.037392169886056315,0.037392169886056315,0.13740412490649967,0.8592592193593056,0.1831628909578446,-0.12407408601135528,0.8868439574391741,0.31207527059750073,-0.2872789442752578,-0.01027394835259543,-0.037392169886056315,1.1226215478577664,1.0644448406298679,0.8592592193593056,1.2114537546725317,0.528541224084329,0.1380174703894328,0.3886583589718493,0.2544951135403355,0.2594658211242289,0.3886583589718493,0.541548103381463,0.8279956373994404,0.7933825554927394,0.866768110889893,0.027605942948206622,-0.037392169886056315,0.037392169886056315,1.4192770436464555,13972125.597471282,1.3313329420825375,0.3968253968253968,0.1111111111111111,0.023809523809523808,0.055263090679903204,0.44897626676804436,0.5761346028791192,0.008109436172487494,0.10365080836135543,0.09480295489289237,0.9767093571681312,1.1278958345076378,0.017640557088817843,0.22440801783401837,0.10694600878347726,0.09303878666856802,0.46939662652395514,0.9153342693678357,-0.0035728957884646473,0.023572552961248196,0.07455996223920947,-0.037392169886056315,0.037392169886056315,0.4342857088361467,0.031746031746031744,0.9523809523809523,18601551.078828175,16.73875558030037,0.36507936507936506,0.07936507936507936,0.0,0.046587732021494827,0.04768861558503401,0.12419176632244455,0.20425085256846695,0.0877573629240338,0.8333333333333334,0.15896458590026633,-0.12407408601135528,0.528541224084329,0.03276455589617777,0.0877573629240338,0.022247110420945404,0.4296548181830313,0.022577047173853802,-0.037392169886056315,0.037392169886056315,0.08423323042027375,18696037.24339803,0.021467093617286492,0.03884462193292714,-0.0043633531673128445,0.05499280702785603,0.12919253784762041,0.12135311358519463,0.18789131339133225,2.0,7.0,2.0,1.0,0.0,1.0,63.0,126.0,0.6500596579610235,0.51095618863868,0.8157370130977288,1.803784833215755,1.803784833215755,1.0,0.1516636828692326,0.20850530590121097,1,1,1,1,1,1
yearly_top_future_return_examples,2019-05-31,ENPH,15.170000076293944,1.6158098354288097,1.6474694634899598,0.9394637622112013,0.9596813972412641,2.102249589057045,2.3414097365107067,1.8092592237744642,-0.7110572823811148,0.397928940099042,0.6796295434522712,-0.007082620991989641,-0.12407408601135528,1.7774048380916068,-1.1367123013141827,2.80273834323462,-0.06875388436386365,0.06875388436386365,0.2530549420493633,2.2071881638735062,0.5618125935823516,0.528541224084329,1.0379715755186907,0.567132574595687,0.5397343475052505,1.5752779443262965,-0.06875388436386365,1.0982019413933495,1.7048831096804402,1.0982019413933495,2.2071881638735062,0.2544951135403355,0.26645113277618515,0.6725469224602816,0.017640557088817843,0.6663307605870525,0.6725469224602816,0.645532690606577,0.9028050508132808,0.7847493003459518,1.154012117894249,0.028445652791100715,-0.06875388436386365,0.06875388436386365,2.269396662242563,21812941.029993694,1.41538572044705,0.3968253968253968,0.10317460317460317,0.015873015873015872,0.051921937259772045,1.0333958020989504,2.0723719711333217,-0.031361714477807334,0.36423251448920624,0.2909100222040544,1.4930441874478149,1.7741647135771514,0.0877573629240338,0.26740784136175944,0.6435537192473595,0.4623113327366044,0.744952547456869,0.6800182495292171,0.6382770977613144,0.030129420746484854,0.49729361472942446,-0.06875388436386365,0.06875388436386365,0.829915578540372,0.031746031746031744,0.9365079365079365,30873725.25480664,17.24541609715636,0.42857142857142855,0.07936507936507936,0.0,0.04575512512351744,0.14530903816507346,0.46350573030624265,1.0086360493348858,0.51095618863868,0.8333333333333334,0.2125527267108068,-0.12407408601135528,0.528541224084329,0.5932080017581814,0.51095618863868,0.03708767171744487,0.5065813273039511,0.028843832399374842,-0.06875388436386365,0.06875388436386365,0.17324050411827985,46175473.4722864,-0.0028920828264942244,0.04972220677020569,-0.03252552416810173,-0.08225181311950147,0.0062161618732290425,0.03185438568285748,0.03165962806115008,2.0,7.0,2.0,1.0,0.0,1.0,63.0,126.0,0.6627008816120907,0.20171387281165698,0.8556360894499988,0.9558338778560096,0.9558338778560096,1.0,0.24502638871870325,0.2966719306664686,1,1,1,1,1,0
historical_mega100_examples,2019-10-31,PCG,6.06419563293457,-1.0390857329686423,-0.8681905706188704,0.9019189997448124,0.9258591791183782,-0.525384630369929,-0.6533708303101895,-0.7260213474101725,-0.004781432055352419,0.08683996489433088,-0.1949379288153672,-0.46474215996750967,-0.24067484516134652,-0.7702019433030945,0.06634125862729567,-0.6092568431542201,-0.8735655765248416,0.8735655765248416,-0.13587823261031728,-0.6391813825158417,0.05157279963695334,0.3403504566940716,1.2575360796626116,-0.5670114831897758,5.970670235307238,1.3722578756036015,-0.4236603718487957,-0.730802779465525,-0.698668503130513,-0.730802779465525,-0.6391813825158417,-0.2089877445850412,-0.27775940334966165,-0.6596800887828769,-0.4236072710675761,-0.693052127734372,-0.6596800887828769,1.1916507062135633,-0.4264555373838028,1.9698780692367701,1.2981074525531902,0.04612927525523658,-0.7423799813537779,0.7423799813537779,0.6236839168788801,138816240.13699728,0.9482906854072882,0.5,0.12698412698412698,0.15079365079365079,0.07270047565364389,1.0085260440655093,0.23926058555917784,-0.11309530243665789,-0.20137867204312232,-0.3576797701568014,0.7238680365924507,1.9949996808306913,-0.04306223116746977,0.28005387622103367,-0.4095693888306803,-0.2731956189068502,1.5468906625760985,1.5175000076937422,0.6886262055633767,0.060812934267883575,-0.3868640519727973,-0.6666667016140226,0.6666667016140226,0.6236839168788801,0.9365079365079365,0.047619047619047616,131638147.50517587,18.695567417105924,0.5555555555555556,0.1746031746031746,0.2222222222222222,0.08443332186474617,-0.2899068181629102,-0.4738325140193981,-0.16315877832830533,-0.38299999184936695,0.16666666666666666,-0.15983027118945484,-0.4236072710675761,0.3403504566940716,-0.42680063995327533,-0.38299999184936695,-0.21195483588102504,2.3474065923606076,0.0952583944142513,-0.46347838053541546,0.46347838053541546,0.6236839168788801,160719284.28268886,-0.057151615763479824,0.12942807962537076,0.1801835796580067,0.04380064810390838,0.0333720389514951,0.044180595892922,0.17089516234977187,1.0,3.0,1.0,0.0,1.0,0.0,63.0,126.0,0.8131151266491413,0.20907620498932955,0.7617504643193573,1.4651539527298518,1.4651539527298518,1.0,0.22136499833268594,0.28273573016122716,1,1,1,1,1,1
yearly_top_future_return_examples,2019-10-31,TSLA,20.994667053222656,-0.23730096805822998,-0.06640580570845811,1.0471249828227196,1.0716886146525475,0.02573122096122793,0.12527694244095344,0.31936819208803535,0.08992210495211306,0.38143116685492506,0.012233332839895139,0.2911896520428996,-0.22426582233190806,0.27518759619511335,-0.01594520720524062,0.6035494513927228,-0.16420285403725898,0.16420285403725898,0.05987007392371568,0.7007993589429604,0.19939627762272208,0.20684812952665022,0.8342133073474315,0.31103046082201646,-0.44793096685624634,-0.2804205329584101,0.04759272565219119,0.4092902970401484,0.4764859493570481,0.31936819208803535,0.7007993589429604,0.08122252974300093,0.06624757243347479,0.30342298488279473,-0.06622236595163389,0.27005094593129964,0.30342298488279473,0.5291499998071013,0.5515214140958496,1.390496391641222,1.03969821044525,0.02175331461543347,-0.04025843634675308,0.04025843634675308,0.759624660366405,2125438097.558521,0.9150965333202058,0.23015873015873015,0.031746031746031744,0.047619047619047616,0.03495381825547969,-0.13823599442157897,0.12669371898537385,0.0503863490965073,0.11549096881292464,0.2701531927076499,1.4563967941256366,0.6509548494016534,0.0676388894701141,0.18973973238272088,0.3958601463089684,0.12907948268551372,0.5501563078565476,1.3374038520714036,-0.24997779685603483,0.02174556016409923,0.22084267123804358,-0.04025843634675308,0.04025843634675308,0.48968783248480463,0.06349206349206349,0.7619047619047619,1944981034.862496,21.388518063770057,0.19047619047619047,0.047619047619047616,0.031746031746031744,0.03352730412009709,0.21348974141772792,0.3202706099664878,0.4178242601009731,0.3074272210164204,0.6666666666666666,0.06210809691210728,-0.22426582233190806,0.3074272210164204,0.263626572912512,0.3074272210164204,0.1652245873717888,0.7357811653687277,0.02524494840191008,-0.04025843634675308,0.04025843634675308,0.36075702197967274,2895408702.041422,0.07761483391410318,0.042405329037360384,-0.017097486659638506,0.04380064810390838,0.0333720389514951,0.044180595892922,0.17089516234977187,3.0,12.0,3.0,1.0,1.0,1.0,63.0,126.0,0.9715988379234946,0.047694647129001844,0.32836906068835336,1.0658262389195774,1.0658262389195774,0.9975308641975309,0.22136499833268594,0.28273573016122716,1,1,1,1,1,1
historical_mega100_examples,2019-11-30,ENPH,21.8700008392334,2.8282183083502925,3.0500000838880172,0.7108216758723026,0.7419763272409658,1.411246039149646,1.1782869444550248,0.44166122143990627,-0.6647517672444948,-0.2419902730910759,0.9558338778560096,-1.2187256613748332,0.20171387281165698,0.25759708168323137,-0.7045530049587299,0.5269454258038138,-0.3720930321705024,0.3720930321705024,0.00976452021237928,0.19967094834883037,0.33644749101561244,0.5441579991985581,1.005020772538307,-0.10159343886552319,-0.3994656738052267,-0.5573412138828456,-0.06685538570921445,-0.22309054580458854,0.1394138746613827,-0.22309054580458854,0.44166122143990627,0.05399646459544183,-0.14071330954922,-0.2628917835188236,-0.2507583591144682,-0.35913949311657767,-0.2628917835188236,0.8381536299820552,-0.3090814629931464,0.7422452650542698,1.0147999175800346,0.03539211751226926,-0.3720930321705024,0.3720930321705024,0.3947704345397478,118973960.13696913,1.0732269540313484,0.4365079365079365,0.11904761904761904,0.11904761904761904,0.0641241893947062,-0.5333590989399293,-0.47475878859940923,0.22714401804585815,-0.14109105079192796,-0.007938273370601268,0.734896202025133,0.4643004290430856,-0.12595588370303978,0.2771433171201093,-0.01619427397283313,-0.19412032799529533,0.8505582346251964,0.7314203048264742,-0.30839352346869753,0.03680643261510066,-0.1624999774495759,-0.21500357644976287,0.21500357644976287,0.2183843960824443,0.9682539682539683,0.2857142857142857,127686060.84684645,18.665085167409448,0.4603174603174603,0.1111111111111111,0.15873015873015872,0.07446657692292116,0.056317652403678586,-0.08715319855203019,0.2018580380843965,0.12557902705784563,0.6666666666666666,0.0914555201409991,-0.2507583591144682,0.5441579991985581,0.08488480070838267,0.12557902705784563,0.13084621959873166,0.6221155632422289,0.03308487383920624,-0.050781251293503527,0.050781251293503527,0.2183843960824443,102984814.70884596,0.08805972259559969,0.06032398786528127,0.022536017390510255,0.04069422634946296,0.09624770959775408,0.1840641397566749,0.2217817755377247,2.0,7.0,2.0,1.0,0.0,1.0,63.0,126.0,0.7999895585092007,0.19478729575039777,0.441243678473884,1.2391403448350142,1.2391403448350142,1.0,0.1358963349126701,0.18063068669054877,1,1,1,1,1,1
historical_mega100_examples,2019-11-30,PCG,7.332074642181396,-0.9389917846111483,-0.7172100090734236,0.9726043278269654,1.0198672921911118,-0.5619494981206232,-0.6687389304786016,-0.5637427952827573,-0.024784497980537945,-0.110777250919744,-0.388889040204785,0.10276464286691656,0.3403504566940716,-0.7478069350394322,0.27761839794488885,-0.44577536029762405,-0.7248247870231836,0.7248247870231836,-0.20797545953772767,-0.6745200462025013,0.058138662149993525,-0.2089877445850412,1.3754597047497532,-0.34495900775220056,0.4634165008418798,0.044697336484204486,0.1751497642902411,-0.5885272932632952,-0.6089300449161846,-0.6745200462025013,-0.5637427952827573,-0.4236072710675761,-0.17464071073072485,-0.28612439733786843,-0.04306223116746977,-0.3823721069356225,-0.28612439733786843,1.2646342653536788,-0.18389967190362289,0.9113076006835077,1.2302942425921368,0.05070874363826806,-0.6885177655259455,0.6885177655259455,0.9631575883221264,136565126.6728208,0.9802786759590058,0.5238095238095238,0.16666666666666666,0.15079365079365079,0.07944095321396262,-0.5921244893823526,-0.5068474255143299,0.278142113275456,-0.22684665809007143,-0.07082183610583304,0.6232272476849197,0.8436758871480732,-0.38299999184936695,0.31240817630341955,-0.2539999716668473,-0.12008504159518774,1.5558722556493678,0.7407232913351293,-0.35793017184207654,0.06289927247268098,0.08345752368831816,-0.3885245883385666,0.3885245883385666,0.9631575883221264,0.7936507936507936,0.36507936507936506,133871881.55700669,18.712393800238885,0.5714285714285714,0.20634920634920634,0.1746031746031746,0.08972550900753734,0.08535401158724998,0.3687890990196996,0.1814156173895378,0.20907620498932955,0.3333333333333333,-0.08487176283100882,-0.4236072710675761,0.3403504566940716,0.1683819786398666,0.20907620498932955,0.05996019812481612,1.1524708181016114,0.055819531971819734,-0.0675000889959253,0.0675000889959253,0.23920264415238668,130930988.75666346,0.02613479104037153,0.07995019765135308,0.0029577992059892644,0.04069422634946296,0.09624770959775408,0.1840641397566749,0.2217817755377247,1.0,3.0,1.0,0.0,1.0,0.0,63.0,126.0,0.8115086725794167,0.4571045704558425,1.0388739291677713,1.0777481184731874,1.0777481184731874,0.9975308641975309,0.1358963349126701,0.18063068669054877,1,1,1,1,1,1
yearly_top_future_return_examples,2019-11-30,TSLA,21.996000289916992,-0.2803871133927933,-0.05860533785506861,1.119713801233057,1.1582137469207574,0.03144934053723003,0.38229499244290355,0.7819183842049775,-0.41632909999836754,-0.30541248374517305,0.21845971707146572,0.24397548635714594,0.20684812952665022,0.5978542444483026,-0.31948318077636584,1.5451465535792244,-0.12433980408913914,0.12433980408913914,0.09948760606528184,0.47650590045980445,0.21560349428750944,0.08122252974300093,0.5706347973885685,0.25438068855209894,-0.7354676737549084,-0.6131386136543158,0.06597944398128552,0.36558928420660997,0.5413378562904639,0.36558928420660997,0.7819183842049775,-0.06622236595163389,0.18277405894091348,0.46243520342861166,0.0676388894701141,0.3661874938308576,0.46243520342861166,0.5060480395168458,0.8744018027060089,0.6437769683422334,1.0450765354268226,0.020780546132093146,-0.08227637217012229,0.08227637217012229,0.7042355478995606,2145385153.051944,1.1033080212254458,0.1984126984126984,0.031746031746031744,0.031746031746031744,0.032441738091494796,-0.5134004341819618,-0.49019223959714486,-0.04201793582336921,0.2554333413755687,0.1336991250674493,1.0428277625316027,0.38164622600135184,0.3074272210164204,0.13105454842156772,0.3697845009696501,0.2709874538240631,0.5288589318978011,0.6160093988516417,-0.4485103337210342,0.01997166693204454,0.19475296231529549,-0.08227637217012229,0.08227637217012229,0.49510606644994204,0.1111111111111111,0.9682539682539683,2367020647.9801908,21.584897891132726,0.15873015873015872,0.047619047619047616,0.031746031746031744,0.031656643498920556,0.021656881562542418,0.04586733151423905,0.14640046559782796,0.047694647129001844,0.8333333333333334,0.10743484182225893,-0.06622236595163389,0.3074272210164204,0.007000420779538885,0.047694647129001844,-0.024711783335265358,0.32578207271568577,0.014901150974990425,-0.08227637217012229,0.08227637217012229,0.053078455641130784,2612420613.175801,-0.037587568786610626,0.03012234410235269,-0.005923356865532692,0.04069422634946296,0.09624770959775408,0.1840641397566749,0.2217817755377247,3.0,12.0,3.0,1.0,1.0,1.0,63.0,126.0,0.9662617006117484,0.2678971533628465,0.9717827561499546,1.0245801357394693,1.0245801357394693,0.9950617283950617,0.1358963349126701,0.18063068669054877,1,1,1,1,1,1
historical_mega100_examples,2020-01-31,EQT,5.618961334228516,-1.0001869609841596,-0.6867033262820984,0.9379686248344502,1.023377710760691,-0.7021828437857903,-0.6153320137422369,-0.597511472673321,0.16770877253597605,0.19406028468532066,-0.28748998032475304,-0.14762178482610333,-0.32530495539972215,-0.7486769432306062,0.1623997075224647,-1.0098544468613768,-0.7197256922222285,0.7197256922222285,-0.06210083523908905,-0.4034511879880004,0.1052616016331284,0.046214726298584585,0.995815445349124,-0.37702675843913513,-0.1458734673723303,-0.5175139706461362,-0.30171875454956987,-0.429802700137345,-0.47692178693288884,-0.597511472673321,-0.4034511879880004,0.009398434391060029,-0.08963660390764083,-0.43511176515085637,-0.18488029829479136,-0.5491011389346762,-0.43511176515085637,0.5916807858106523,-0.7008761878971034,0.981693509118919,1.0492332746696826,0.02954295571049552,-0.5444493549976357,0.5444493549976357,0.0,58992520.096946895,0.983628037226162,0.3968253968253968,0.07142857142857142,0.10317460317460317,0.058592141357782505,1.7426083072800358,0.5222734312977944,-0.41846413937839366,-0.06296528352940334,-0.3220680516874618,0.8827760759683464,1.5497295432941038,0.2485681691231243,0.25743895605464273,-0.3069873864324313,-0.1775810392634506,0.6208111684552419,0.935629409416103,0.8257599032715237,0.030841570107075944,-0.3491566861385329,-0.47799833155313687,0.47799833155313687,0.0,0.8888888888888888,0.0,58026696.75398479,17.876413768705525,0.3968253968253968,0.06349206349206349,0.12698412698412698,0.05513161603266223,-0.3197916000716685,-0.40923532334068946,-0.7660407102592427,-0.4449541236869149,0.5,-0.10849300792810991,-0.4449541236869149,0.2485681691231243,-0.4753386400025693,-0.4449541236869149,-0.24727836640860068,0.5808491869006988,0.034692375287273515,-0.42160613609686626,0.42160613609686626,0.0,63483848.48956607,-0.11923130474226595,0.08500592554955869,-0.04272151050376083,0.03038451631565442,0.11398937378381979,0.15116547055728513,0.3134836347020611,1.0,3.0,1.0,0.0,1.0,0.0,63.0,126.0,0.6824257425742575,-0.02420786271611841,0.17527250934671756,1.4253506673899183,1.4253506673899183,1.0,0.09374267291329752,0.19008070871153884,1,1,1,1,1,1
historical_mega100_examples,2020-02-29,EQT,5.482938289642334,-0.8701069743251991,-0.6720239679636107,1.0105184920468688,1.0258172041463385,-0.6757170008479797,-0.6072548596876581,-0.4178923597326504,-0.030894142257384516,-0.02571359836087117,-0.13919487130108898,-0.1845688693411245,0.046214726298584585,-0.5202666857297059,0.0941286190904369,-0.6566315303990111,-0.7265105341877679,0.7265105341877679,-0.12155612012168604,-0.44360595809352155,0.016545267206200337,0.009398434391060029,1.5284790476250212,-0.31513156934154773,4.786394995322731,2.9129701068036606,-0.16211932997018508,-0.4487865019900349,-0.43676160660540225,-0.4487865019900349,-0.4178923597326504,-0.18488029829479136,-0.1588428717668604,-0.32376374064221347,0.2485681691231243,-0.3293524559897233,-0.32376374064221347,0.6364183570026136,-0.4855569068595685,1.2447805958809497,1.0477203391800536,0.0316887358384404,-0.5241131147317089,0.5241131147317089,0.18346788137979653,56763705.00794063,0.9815563279606044,0.42857142857142855,0.0873015873015873,0.11904761904761904,0.061872504768448126,0.6117136482811405,0.5726975055458563,0.019607733491287083,-0.33443308946707684,-0.22701891609743596,0.9088093681206475,1.958729085406582,-0.4449541236869149,0.23510029167956173,-0.4583905980618498,-0.34459263751721014,0.6667884568591907,1.1880847868765396,0.6245311666461488,0.03416877517396166,-0.23907439015282306,-0.4583905980618498,0.4583905980618498,0.18346788137979653,0.6349206349206349,0.031746031746031744,55716773.84903318,17.835791823812194,0.47619047619047616,0.07936507936507936,0.12698412698412698,0.06210677902655884,-0.02933396659852161,-0.18401452132090645,-0.03055771949633496,-0.02420786271611841,0.5,-0.05831015914750929,-0.4449541236869149,0.2485681691231243,0.03636632697322406,-0.02420786271611841,0.06113449089292833,0.7922012216592884,0.04181455527801134,-0.046277447540948646,0.046277447540948646,0.18346788137979653,52012111.65831657,0.05613531914174463,0.07988422997604197,0.09188986244105224,-0.06057418968934247,0.005588715347509821,0.10237432599705554,0.19808300636158838,1.0,3.0,1.0,0.0,1.0,0.0,63.0,126.0,0.6763613861386139,0.20442916522989196,1.4855197892256893,1.2725723362631216,1.4855197892256893,1.0,0.2229240834224627,0.3184601454655505,1,1,1,1,1,1
historical_mega100_examples,2020-03-31,CVNA,11.017999649047852,-0.11999898573599521,-0.05115404689446057,1.0713079432256516,1.0404363480675451,-0.11982745183365562,-0.3212173847444779,-0.16530304482926805,-0.25674898384979694,-0.15524456749152693,0.3946969782901095,-0.7962179049403805,0.22848483618078563,-0.17806446773006668,-0.2362178818210029,-0.14030077268044935,-0.4995912514911719,0.4995912514911719,-0.05905717711987446,-0.320547612320795,0.1293084574340026,0.175628986336392,1.7574504297506595,-0.32789206978467345,3.375840833728091,1.6188491672954934,-0.4346786196464707,-0.422052028679065,-0.30263422860970934,-0.422052028679065,-0.16530304482926805,-0.034305463537563585,-0.18092139397024753,-0.40152092665027095,-0.1390548336317471,-0.29896597111904455,-0.40152092665027095,1.1782048072234368,-0.2509975171172059,2.236840960321605,1.357744240312142,0.04366327635959302,-0.4995912514911719,0.4995912514911719,0.8770016803839262,156894252.57244563,1.2453953617637659,0.42063492063492064,0.1111111111111111,0.11904761904761904,0.06931697230451027,0.1167609652304269,-0.2579621650286792,-0.2527023876855513,-0.2589010580066411,-0.26033638260375214,2.0737675726536713,2.23480077094909,0.046182986330267184,0.20866937770325408,-0.3048580830364509,-0.45067473886678766,1.5997007909156988,1.6474685687544224,0.34187818979459417,0.06238828307364088,-0.5420733222482254,-0.4995912514911719,0.4995912514911719,0.8770016803839262,0.42857142857142855,0.1111111111111111,195395374.44111657,19.09053563015428,0.47619047619047616,0.20634920634920634,0.19047619047619047,0.09817481141442046,-0.173951531853764,-0.40046559780340363,-0.12731934001687806,-0.3355446169107349,0.5,-0.00976801753876679,-0.3355446169107349,0.22848483618078563,-0.2626861826554492,-0.3355446169107349,0.0715188550988799,2.635456772445204,0.12712225444254732,-0.3318374892675492,0.3318374892675492,0.8770016803839262,250694164.87802777,0.21920989680313996,0.21608667943491774,-0.00043548139849691747,-0.07285843425528571,-0.1025549555312264,0.012761422900798625,0.06884493884153464,1.0,3.0,1.0,0.0,1.0,0.0,63.0,126.0,0.8153465346534654,0.4541658984818937,0.6877837414882964,1.1818843421005938,1.1818843421005938,0.9901719901719902,0.5067210997655569,0.7010699529445141,1,1,1,1,1,1
historical_mega100_examples,2020-03-31,DDOG,35.97999954223633,,,0.7391383865974553,0.7353825570859915,,,0.06104393111585904,-0.1785323015290412,0.0101081789999935,0.11412559567381186,-0.16176983323919103,-0.009436735366091131,0.048282508215060416,-0.1086881686812382,0.08126967516916941,-0.2805438762283634,0.2805438762283634,0.015398402138975031,0.07115211011585254,0.10611408080157374,0.21375410159450703,1.5904262656918196,-0.09790423124804248,1.2063415970415012,1.101222133841678,-0.16304790723425044,-0.11748837041318216,0.004902556939509806,-0.11748837041318216,0.07115211011585254,-0.0733382792468773,-0.025064423695527305,-0.047644237565379166,0.22313394858539115,0.05491071796584723,-0.047644237565379166,0.7511280313203068,-0.06279251834085915,1.5610164898740764,1.010156146317744,0.03484684887685304,-0.2805438762283634,0.2805438762283634,0.28316684620049903,110276054.25729449,1.2931256790117311,0.42857142857142855,0.11904761904761904,0.10317460317460317,0.06262234072049795,-0.277224390900525,-0.4240207041934876,-0.1833633731536075,-0.1386429477347223,-0.13462187132195935,1.2936125613966238,1.560384562604435,-0.022938705466235887,0.16732570033288618,-0.2213806480180992,-0.22592062255228074,0.7587565975097548,1.5453219738001374,0.02952737033841424,0.03237388852870355,-0.25455984407909205,-0.2805438762283634,0.2805438762283634,0.24240333838710493,0.5238095238095238,0.1746031746031746,142600797.54019845,18.77555966578993,0.36507936507936506,0.09523809523809523,0.09523809523809523,0.06433156043518375,-0.07732944851036838,-0.22664586349932214,-0.1732168752257964,-0.2031008122643485,0.3333333333333333,0.021345586306057557,-0.2031008122643485,0.22313394858539115,-0.1302423780090628,-0.2031008122643485,0.0015518682422666075,1.1725232428976506,0.05410797430747326,-0.23932346463876386,0.23932346463876386,0.24240333838710493,176869314.70560345,0.06066857534226111,0.09372866245513137,0.03826398797578867,-0.07285843425528571,-0.1025549555312264,0.012761422900798625,0.06884493884153464,3.0,11.0,3.0,1.0,1.0,1.0,63.0,126.0,0.753589108910891,0.2540300029442508,0.9808226111677332,1.4166202905637344,1.4166202905637344,0.9975429975429976,0.5067210997655569,0.7010699529445141,1,1,1,1,1,1
historical_mega100_examples,2020-03-31,PLUG,3.539999961853028,0.40615498665266236,0.474999925494197,1.1165315908690714,1.1276604080124404,0.5733333163791234,0.6313363305953654,0.3460075314884754,-0.43831525577341224,-0.010158537353932129,0.20152089290020325,-0.08126777084294656,0.007604555154464565,0.3332461085876768,-0.22575440943121872,0.3800391935963748,-0.3811188650875075,0.3811188650875075,0.05178591198584526,0.3358489941345433,0.25018047980495367,0.4716980962322128,2.1055079600458857,-0.0578591704960284,-0.1479162338882789,-0.045450500759039114,-0.1711188865451796,-0.09230772428493683,0.19651626711269396,-0.09230772428493683,0.3460075314884754,-0.18974358754907306,0.015870661676706366,0.12025312205725669,0.2246834748239419,0.2228080775884831,0.12025312205725669,0.9104522305032489,0.10851285356637588,1.5633951476363923,1.2171889806957414,0.04086501520301209,-0.3811188650875075,0.3811188650875075,0.487394870434535,51831663.27458071,1.4657700290284872,0.46825396825396826,0.15873015873015872,0.11904761904761904,0.07349297265478277,-0.6885895461414431,-0.7459924064466722,-0.1398601783354364,-0.07678909905701681,-0.13856038517915514,1.3361975310789833,0.7615586941626329,0.12144710101481304,0.25448609460411464,-0.0852713006368424,-0.2047012796578156,1.1081924224184136,1.2844309079620164,-0.45056991778130717,0.04861378592893072,-0.2900142453767355,-0.3811188650875075,0.3811188650875075,0.28260868626265845,0.4603174603174603,0.1746031746031746,75973298.58257695,18.145892515240945,0.5238095238095238,0.20634920634920634,0.14285714285714285,0.0880316922831711,-0.12886556655876658,-0.1715949987046137,-0.12950138758932245,-0.1843318347023173,0.6666666666666666,0.075226300829007,-0.18974358754907306,0.4716980962322128,-0.11147340044703158,-0.1843318347023173,-0.031198692638827796,1.4233965993235094,0.07094027131571587,-0.2563025647827325,0.2563025647827325,0.28260868626265845,61875939.11329224,0.014036093240474168,0.12550443137206757,-0.04272579619427708,-0.07285843425528571,-0.1025549555312264,0.012761422900798625,0.06884493884153464,1.0,3.0,1.0,0.0,0.0,1.0,63.0,126.0,0.682549504950495,0.1807909246842434,0.1892655603146478,1.3192090753157562,1.3192090753157562,0.995085995085995,0.5067210997655569,0.7010699529445141,1,1,1,1,1,1
historical_mega100_examples,2020-03-31,SHOP,41.69300079345703,0.9490139068405621,1.0178588456820967,0.9551584112803779,0.9993847819674082,0.38907218528333853,0.08183915536811304,0.33777194069018535,-0.0996724087510017,-0.008148560684992034,0.2756850077968367,-0.227015522372237,0.006128472774719063,0.3250105177893867,-0.28910245526558564,0.5147805687032535,-0.23246992048553072,0.23246992048553072,0.05073145379335431,0.3296233800051933,0.055343778440269414,0.07392285168112434,1.1100266323275485,0.009428744800920041,0.7377472821243984,0.8223225481433898,-0.20514268917460754,0.23809953193918365,0.3018316175448541,0.23809953193918365,0.33777194069018535,0.18063846535773376,-0.002303563052371116,0.0486694854245997,0.17123604233644296,0.1512244409558261,0.0486694854245997,0.6561474174152343,0.06068682695428278,1.9075672573424003,1.2222524036133693,0.028834690444919844,-0.23246992048553072,0.23246992048553072,0.4590726047339624,966977043.143666,1.2062796845892865,0.3333333333333333,0.09523809523809523,0.09523809523809523,0.04950954075882693,-0.4356369740116919,-0.49213296843634446,-0.08538135456340923,-0.10096236986427487,-0.08546400947846666,1.8977482279205904,0.9997095010252904,-0.005046613426167412,0.10927396954801323,-0.1046471868021932,-0.1727656013394836,0.8019777580604749,1.5606983072424492,-0.22877255889370796,0.03497471132438201,-0.19594554505705075,-0.23246992048553072,0.23246992048553072,0.2936485983126986,0.4603174603174603,0.1746031746031746,1166444762.6084223,20.877226296061504,0.3968253968253968,0.12698412698412698,0.14285714285714285,0.05599983225495982,-0.045077449391744295,-0.07079031941509328,-0.07997934090101495,-0.1001057684913309,0.6666666666666666,0.0544622417054203,-0.1001057684913309,0.18063846535773376,-0.027247334236045195,-0.1001057684913309,0.016497104310842614,1.2516453294510776,0.06346588916590863,-0.1860492134155688,0.1860492134155688,0.2936485983126986,1296305085.4986281,0.046584624929100205,0.10427373694874154,-0.03619607939827496,-0.07285843425528571,-0.1025549555312264,0.012761422900798625,0.06884493884153464,2.0,8.0,2.0,1.0,0.0,1.0,63.0,126.0,0.9176980198019802,0.5165375216042352,0.8175712310731347,1.2766410755409412,1.2766410755409412,0.9926289926289926,0.5067210997655569,0.7010699529445141,1,1,1,1,1,1
historical_mega100_examples,2020-03-31,TRGP,6.070948123931885,-0.8863754018801807,-0.8175304630386461,0.9897654049337867,1.070706065743472,-0.8111155865642643,-0.7994698868581649,-0.8196876455548023,0.013482051346681678,0.0017685658636115154,0.03995391871625009,-0.8665689723257595,-0.009713076255392639,-0.832449068455601,-0.0069274080547070405,-0.6326582815256656,-0.8326058247388631,0.8326058247388631,-0.13803549722300057,-0.8179190796911908,0.007326882873939739,-0.060442846299957775,1.7830847350047603,-0.7868066607160026,3.6976924834361435,-0.18549084060041365,-0.8283940322997102,-0.8062055942081207,-0.8146041064847047,-0.8196876455548023,-0.8062055942081207,0.1177118303882243,-0.2901134753541226,-0.8266150536095094,-0.08414580496627988,-0.724060098078283,-0.8266150536095094,1.2956246199419257,-0.45775768273118705,2.3554952323118656,1.393761539182723,0.037322578167951516,-0.8313245888208448,0.8313245888208448,0.4608877476694324,67291601.17136031,1.0852024265349989,0.21428571428571427,0.05555555555555555,0.10317460317460317,0.06290989511407809,1.7516259401011696,-0.4131564973931414,-0.6222196652697493,-0.45662306237938166,-0.7434483726495114,1.4094283379570485,2.9320803684743395,-0.11232877087123594,0.3194801309883436,-0.8106849896733761,-0.6618224235226552,1.8057917644932888,1.690027430153573,0.9605321705081429,0.06095278482458868,-0.8057914565154276,-0.8313245888208448,0.8313245888208448,0.4608877476694324,0.9206349206349206,0.14285714285714285,73025008.87658559,18.106312541487444,0.36507936507936506,0.1111111111111111,0.20634920634920634,0.10002220041224401,-0.6555277253712708,-0.7857269722588641,-0.2577884405728778,-0.7867284596883536,0.16666666666666666,-0.15594118794883258,-0.7867284596883536,0.1177118303882243,-0.7138700254330679,-0.7867284596883536,-0.439191722034038,3.0518376151390787,0.14297566291535607,-0.7965253376333148,0.7965253376333148,0.4608877476694324,72935269.52674502,-0.009319131736376662,0.3125904879568089,-0.04584380048230241,-0.07285843425528571,-0.1025549555312264,0.012761422900798625,0.06884493884153464,1.0,3.0,1.0,0.0,1.0,0.0,63.0,126.0,0.6090346534653466,0.8910177045470986,1.6103633756400662,1.9284504874878854,1.9284504874878854,1.0,0.5067210997655569,0.7010699529445141,1,1,1,1,1,1
historical_mega100_examples,2020-04-30,DDOG,45.119998931884766,,,0.7271401051088563,0.7228221247941852,,0.3305809240612003,0.3432568838023231,-0.14897418423246123,-0.23656082235323028,0.37570702216601437,-0.3992949939077006,0.21375410159450703,0.22770899401332723,-0.36684485554400936,0.511972480114578,-0.09778043498839539,0.09778043498839539,0.005884432757967462,0.10669606144909283,0.11960055003877312,-0.0733382792468773,1.6187638908592237,0.12463730693425701,0.015156835205992536,-0.008788655536226098,-0.08013583858319606,0.19428269956986188,0.21474521494042595,0.10669606144909283,0.3432568838023231,0.22313394858539115,-0.06274832938588026,-0.023587971741686253,-0.022938705466235887,-0.024987012021471244,-0.023587971741686253,0.6704596382319284,-0.03182442705159926,0.49341724878369964,1.1054964869827948,0.02968105643856636,-0.09778043498839539,0.09778043498839539,0.5580110620955281,117015462.15172419,1.2289842962639252,0.3333333333333333,0.06349206349206349,0.07142857142857142,0.05833081006817108,-0.46155756277741566,-0.3247770288644529,0.18276344123996802,-0.031520727718494346,0.1578641802184746,0.7436520930388747,0.7910409193165926,-0.2031008122643485,0.19058584208287938,-0.0006645092575897626,0.10088590376002204,0.7411907747291524,0.44633090615273824,-0.4471839214769806,0.03136770712095135,0.23884206114293272,-0.09778043498839539,0.09778043498839539,0.5580110620955281,0.8571428571428571,0.5079365079365079,143810165.40453473,18.784004698975686,0.38095238095238093,0.06349206349206349,0.09523809523809523,0.0632688920329764,0.1947148354299495,0.26051828983025493,0.767888294682155,0.2540300029442508,0.5,0.06525670935778122,-0.2031008122643485,0.2540300029442508,0.10429267683486465,0.2540300029442508,0.14087762227760803,0.3308163501169127,0.019276354085719677,0.0,-0.0,0.304046269413337,100196171.61378406,0.07367214787024179,0.040517336201570935,0.032919714376790754,0.14973732610938617,0.001399040279784991,0.11554788978899588,0.16483346030696544,3.0,11.0,3.0,1.0,1.0,1.0,63.0,126.0,0.6008663366336634,0.5795655658294425,0.9270833113162507,1.0802305592260089,1.0802305592260089,0.9975429975429976,0.37762584972080615,0.47045145621051615,1,1,1,1,1,1
historical_mega100_examples,2020-04-30,LEU,6.710000038146973,0.8321904229201522,0.9970238832271177,1.3243241683403744,1.395536731378379,1.0582822263117428,0.8383561268021014,0.3339959757979083,-0.3587052888017148,-0.09598860611257498,0.25646121432312596,-0.19475237636544063,0.07753476147478233,0.2184480860089124,-0.27228713784022296,0.32821367014017905,-0.2179487065486304,0.2179487065486304,-0.010432920565475401,0.23800736968533331,0.18569838990548757,0.26937269697333344,1.5061780104712044,0.03728667479378878,-0.608534322820037,-0.5843774307809432,-0.030288038325725797,-0.02470931300380652,0.1824313441598117,-0.02470931300380652,0.3339959757979083,-0.08139533916636388,-0.048082445524045614,0.061708837957685336,0.26265819657022815,0.060309797677900345,0.061708837957685336,1.0176175040340631,0.05447113114491612,0.7881743680198998,1.113259489303566,0.04395723844968663,-0.2179487065486304,0.2179487065486304,0.5788235383875229,343330.8336730987,0.8540761656954708,0.49206349206349204,0.14285714285714285,0.15873015873015872,0.10400112056153994,0.029268292682926855,0.3622071103210178,0.19114217728072103,-0.17979476969175145,0.06514700590081679,0.8108333670165422,0.3492413793103448,-0.3646616341424487,0.2654335025575556,-0.15914786690363525,-0.07446806908033177,1.1328723428473308,0.7079880078210397,-0.6479421579532814,0.05158356803760135,0.25292370415389076,-0.2179487065486304,0.2179487065486304,0.5788235383875229,0.6507936507936508,0.4444444444444444,293230.6819885496,12.588718299052479,0.6190476190476191,0.1746031746031746,0.20634920634920634,0.11801665979922694,0.2166082538264431,0.19072355854780065,0.40330068791304685,0.3234713631080979,0.6666666666666666,0.0811633408029382,-0.3646616341424487,0.3234713631080979,0.1737340369987117,0.3234713631080979,0.16858238056973107,0.8020600331280355,0.041088218498527306,-0.0029717653595588978,0.0029717653595588978,0.4307036154118242,176232.42897079105,0.0615409008222616,0.08260591556236277,0.04549705608402976,0.14973732610938617,0.001399040279784991,0.11554788978899588,0.16483346030696544,1.0,3.0,1.0,0.0,0.0,1.0,63.0,126.0,0.6389851485148514,0.2742176068744142,0.4962742033941425,1.2056632051558105,1.2056632051558105,1.0,0.37762584972080615,0.47045145621051615,1,1,1,1,1,1
historical_mega100_examples,2020-05-31,CVNA,18.59600067138672,0.2534169958510448,0.6064271188853543,1.1563836761308866,1.2248481788195023,0.14563826203317576,0.1467686930403651,-0.024548810578381652,0.19779803605646717,0.03465206019903577,-0.1301929579772979,0.25164995049973704,-0.034305463537563585,-0.16723194538926534,0.14600580310082079,-0.018669626290193676,-0.15541825016829425,0.15541825016829425,-0.005091913366700895,0.01010324962065412,0.10562625761169007,-0.1390548336317471,1.4545816083451648,0.17964688560525732,-0.48733014168963684,-0.4250628025423552,0.17050066238680883,0.17324922547808552,0.05293455484011933,-0.024548810578381652,0.17324922547808552,0.046182986330267184,0.10182218176951952,0.12145699252243913,-0.3355446169107349,-0.014875503428449566,0.12145699252243913,1.3149063723506909,0.06911034343920736,0.6003159245523424,1.336548250662659,0.05358608411596299,-0.15541825016829425,0.15541825016829425,2.167972918898202,201983447.775538,1.2672239408826431,0.5238095238095238,0.21428571428571427,0.1746031746031746,0.0873844362778062,-0.11834171899039458,0.023300377068400602,0.19593446119764824,0.42537014321791444,0.22701171899226447,0.9212703021818879,0.7997812228886123,0.4541658984818937,0.26961341206298445,0.6877837414882964,0.2856795241198258,1.7574358117504987,0.4491539488040978,-0.30435590940408364,0.07933415899787832,0.12920435610283776,-0.07638820141881175,0.07638820141881175,2.167972918898202,0.20634920634920634,0.7619047619047619,255958260.68318078,19.360524948851246,0.7142857142857143,0.3333333333333333,0.2698412698412698,0.1284426670856112,0.035508154369422895,0.0909153408331802,0.20352481087897295,0.16065418894109174,0.5,0.02534969327886784,-0.3355446169107349,0.4541658984818937,0.09464550224138968,0.16065418894109174,0.00583077479533034,0.7893592346174716,0.042028070604772004,-0.07638820141881175,0.07638820141881175,0.22342111215366955,254981528.0109133,-0.01510494796506856,0.0759026468615316,-0.027507573386787776,0.06600868669970206,0.1363324959508887,0.14268313481088368,0.35301012303430945,1.0,3.0,1.0,0.0,1.0,0.0,63.0,126.0,0.8531879481051554,0.292751131834341,0.6664873441740533,1.3226500206161034,1.3226500206161034,0.995085995085995,0.32726845300807506,0.4530974718491584,1,1,1,1,1,1
historical_mega100_examples,2020-05-31,PLUG,4.210000038146973,0.2915211786249907,0.6445313016593002,1.0812198084409128,1.1177424765621335,0.9400921152671387,0.5886792025051761,0.07948716287155233,0.008368176312462117,0.25279129402610456,0.11282052473360382,-0.1427744671000345,-0.18974358754907306,-0.06319597193933135,-0.109441105237983,0.08936192387302251,-0.26398598032012943,0.26398598032012943,0.0578690634153316,0.3322784568976569,0.14359440865567968,0.2246834748239419,1.1130664819565188,0.02174547036712604,-0.5717265713686616,-0.5845550489669583,0.12571243375030117,0.08785533918401445,0.16654031965107455,0.07948716287155233,0.3322784568976569,0.12144710101481304,-0.008302220768691915,-0.029953942366430675,-0.1843318347023173,-0.16628643831731937,-0.029953942366430675,0.8894969963325591,-0.03184384104709265,0.5698589606785067,1.057508961975801,0.038959044967144835,-0.26398598032012943,0.26398598032012943,0.5253623379325947,57245997.561987616,0.849174533869725,0.42857142857142855,0.1349206349206349,0.12698412698412698,0.07413344281900396,0.48399664273992515,0.4946474112723198,0.15368451943527406,0.0954873145186641,0.0427502961078563,0.7465519397618888,0.9234336998773567,0.1807909246842434,0.1809319669992086,0.1892655603146478,0.028291499170192358,0.9406510452722373,0.5388691549372864,0.249486689074212,0.042337825437151894,-0.04791099308224478,-0.1155462530017699,0.1155462530017699,0.5253623379325947,0.9523809523809523,0.8253968253968254,48611843.295608245,17.699377768964496,0.49206349206349204,0.14285714285714285,0.14285714285714285,0.07693717673793772,-0.01088573407341864,-0.04261108414221648,0.014159116675465827,0.007177083980951515,0.6666666666666666,0.026670527042093255,-0.18974358754907306,0.2246834748239419,-0.05883160271875054,0.007177083980951515,0.002858506985269571,0.5068878338567256,0.0250524382133498,-0.07472530512860875,0.07472530512860875,0.0739795806655188,40794830.38097336,0.004054389549894566,0.06006108191712806,-0.003314379507742382,0.06600868669970206,0.1363324959508887,0.14268313481088368,0.35301012303430945,1.0,3.0,1.0,0.0,0.0,1.0,63.0,126.0,0.6276416865824515,0.950118756236543,0.831353911706975,2.0831352552551192,2.0831352552551192,1.0,0.32726845300807506,0.4530974718491584,1,1,1,1,1,1
historical_mega100_examples,2020-05-31,TSLA,55.66666793823242,3.156603337556552,3.5096134605908613,1.0040303455284345,1.0827986653471386,2.70107718573544,1.6514670509951075,1.5307631935134194,-1.2472733234351794,-0.5347312702607563,1.0245801357394693,-0.7745613546409038,0.2678971533628465,1.3880800587025357,-1.280744412414854,1.609233891693329,-0.08983884315149504,0.08983884315149504,0.14527377209463066,0.9960319232526631,0.6257454823767864,0.5551598573434688,1.57846343905784,0.2434323613553333,-0.5143232230657766,-0.3928949072888023,0.2718820144057198,0.28348987007824,0.9367616622814409,0.28348987007824,1.5307631935134194,0.02677646887053875,0.07501118018003572,0.25001878109856546,-0.2155570713684315,0.11368628514767676,0.25001878109856546,0.9512372324588949,0.23341773541981248,0.586107723838041,1.1260299489279644,0.04066175852431288,-0.08983884315149504,0.08983884315149504,1.5307631935134194,10919258735.603016,1.0171570034993007,0.40476190476190477,0.1746031746031746,0.0873015873015873,0.05993179606331702,-0.5868031286988223,-0.5587310008618869,0.14774039616602574,0.31094913721139683,0.21626363891605505,0.5950813070810619,0.6521594518634315,0.492137319488021,0.29537151501430337,0.5935114403786859,0.2155151740104102,1.0711216122840677,0.5205081129467687,-0.3915742510933855,0.047531450940836294,0.09342997781631479,0.0,-0.0,1.3116107221908835,0.0,0.7936507936507936,11106600495.939528,23.13080540790069,0.47619047619047616,0.2222222222222222,0.12698412698412698,0.07171442165658591,0.066473466721378,0.07834101333903498,0.12185743243232974,0.06793886833783369,0.8333333333333334,0.1990587660057129,-0.2155570713684315,0.5551598573434688,0.001930181638131634,0.06793886833783369,0.04450011057390091,0.5575274891464804,0.022340290475736786,0.0,-0.0,0.19061204891626504,11319697839.74811,0.023189039813583,0.037306250380021645,0.019090572673183592,0.06600868669970206,0.1363324959508887,0.14268313481088368,0.35301012303430945,3.0,12.0,3.0,1.0,1.0,1.0,63.0,126.0,0.9703055650392625,0.2931856328270819,0.7134850390431973,1.983952162875052,1.983952162875052,0.9975429975429976,0.32726845300807506,0.4530974718491584,1,1,1,1,1,1
historical_mega100_examples,2020-06-30,TSLA,71.98733520507812,3.495609992301004,3.8322296684729116,1.0093916180767697,0.9989735267514441,3.4829575709373195,2.272746601939138,1.5812398058145525,-0.9647334773338667,-0.9214491459502745,0.2525996818562666,0.8081064185870392,0.5551598573434688,1.4121547640147627,-0.5205337053712467,1.6143059724506768,0.0,-0.0,0.11602431370748656,0.659790659864278,0.5449239616993227,0.02677646887053875,1.4555685366932904,0.43167188331240625,-0.04799819936415051,0.9617959182033069,0.4288329949911046,0.6165063284806858,0.9525122647198389,0.6165063284806858,1.5812398058145525,-0.2155570713684315,0.2410964715576147,1.0607061004433058,0.492137319488021,0.7580246170419365,1.0607061004433058,0.9795167909922761,1.4474740382248605,0.643625729889423,0.7481219522529327,0.04343451132429741,0.0,-0.0,1.9893417746262858,12259689529.23214,0.9292237480084237,0.4444444444444444,0.21428571428571427,0.09523809523809523,0.06301818376680272,0.4380976667091674,0.8597272411904446,0.0,0.17403960572630917,0.25017630514990397,0.9234416098033958,0.8837140872266224,0.06793886833783369,0.2967275579923888,0.38104320127209923,0.19974804853182326,0.7327980139416693,0.8603219407627001,-0.1119659031859036,0.03582468800813515,0.20930446510562328,0.0,-0.0,1.3759764475370853,0.0,0.9682539682539683,11391994653.772717,23.156176722407064,0.42857142857142855,0.23809523809523808,0.07936507936507936,0.052530495222161445,0.16753511283369216,0.1957199747008933,0.46504759419642344,0.2931856328270819,0.8333333333333334,0.20327351258308543,-0.2155570713684315,0.5551598573434688,0.23031877432302705,0.2931856328270819,0.11215883516112068,0.6304422095413491,0.030946568365469263,0.0,-0.0,0.24923072645650257,11134552855.747223,0.08105540436387582,0.043927036499812534,0.08073297000883439,0.06286685850405482,0.30268148340136936,0.16908504179978978,0.3366196761719076,3.0,12.0,3.0,1.0,1.0,1.0,63.0,126.0,0.9573891625615764,0.3250108843981532,1.307443020652589,0.9865067377286094,1.307443020652589,1.0,0.282816107659797,0.3690382608103855,1,1,1,1,1,1
historical_mega100_examples,2020-08-31,MSTR,14.444000244140623,-0.5776271210888198,0.008025665944716653,1.1105170966682478,1.1398370411129009,-0.039180452905534735,-0.049924345267111425,0.06865940102675916,0.07469529039321432,0.15437190557241642,-0.07901745013760042,0.239364517719308,-0.12622073101437692,-0.36973838241161494,0.09168766655494842,0.1288994404336967,-0.08616977937215597,0.08616977937215597,0.04875153525071152,0.22303130659917558,0.07719934654667349,0.0696866998291219,0.9065058164584232,0.15706585693842756,0.08513513513513504,0.25913337198393416,0.06272653548818485,0.14335469141997348,0.14501513301530275,0.06865940102675916,0.22303130659917558,-0.01464421864498533,0.05170828106550762,0.16034706758170758,-0.049726822258795544,-0.10547766995227947,0.16034706758170758,0.5326586430146389,0.43138277029065625,0.7944971859696464,0.697829377373924,0.021705817019474993,-0.027863747679518824,0.027863747679518824,0.5665943411946641,10532673.206503429,1.066733014843787,0.23015873015873015,0.047619047619047616,0.031746031746031744,0.035885984549386844,-0.025485436893203928,0.13588511637460843,0.016184704536455263,0.1175356638177214,0.1400032027747855,1.1304617482567394,0.9755011135857461,0.047594868782513844,0.101726486486136,0.22106684136855037,0.16186350826230456,0.37170484920774477,1.1385264245530953,0.14496197718631176,0.0150596875918133,0.20746002514166761,-0.027863747679518824,0.027863747679518824,0.26280823491705396,0.07936507936507936,0.746031746031746,11235550.24393778,16.234593527278903,0.12698412698412698,0.047619047619047616,0.015873015873015872,0.029290567800542636,0.08945269674255285,0.20948898362398793,0.391286273348536,0.16559070472313486,0.5,0.015380083569435469,-0.12622073101437692,0.16559070472313486,0.056143246358578924,0.16559070472313486,0.04269612189784189,0.42319579295754106,0.015061925355956482,-0.027863747679518824,0.027863747679518824,0.17126179883921133,15754790.393965585,-0.006247062785407209,0.03173338312043652,-0.011862569487237185,0.10944745836455594,0.26582473753398705,0.4383977834383741,0.5856527870335364,2.0,8.0,2.0,1.0,0.0,1.0,63.0,126.0,0.1501231527093596,0.0423704999566874,0.15667408266621052,1.3730960847325488,1.3730960847325488,1.0,0.29631745997191195,0.3469112406632664,1,1,1,1,1,1
historical_mega100_examples,2020-09-30,ENPH,82.58999633789062,2.234814304724912,2.715249574385826,0.98395257020342,1.028922205073643,2.160734748966123,0.6865426644705477,1.5577576338245143,-1.1384416295793767,-0.7941447124361112,0.4732114693731444,0.26296672839288804,0.45029422431931465,1.0959767679809256,-0.8215794360584818,1.6828961753805183,0.0,-0.0,0.1079185518256951,0.7636129213884031,0.5838458037592826,0.2425794651180444,0.5074819000608141,0.3310404655920096,0.14026256717230123,0.9796990088532753,0.2904236419273917,0.4193160042451376,0.9135621864860184,0.4193160042451376,1.5577576338245143,-0.182505571103592,0.13010543814435582,0.7361781977660324,0.2688669539116886,0.6140459770586324,0.7361781977660324,0.9256409614647149,1.0699557350143178,0.7959805001871589,0.7433178735115921,0.04175874902939191,0.0,-0.0,1.878703199738489,288153175.7661986,0.8136207696842194,0.5317460317460317,0.16666666666666666,0.0873015873015873,0.07181338504782649,0.21150579987713658,0.2955879221284907,0.0,0.04848371541815233,0.17534711309707518,1.0620221705982624,0.6034523102399337,0.27948977097407246,0.21818645574335355,0.3682901839422228,-0.032224253555081406,0.6880454711111774,1.0708480564671172,0.17301703929183732,0.034097848257669726,-0.020317591953748493,0.0,-0.0,0.6903396501471384,0.0,0.9841269841269841,234447408.65384662,19.2727418548308,0.4444444444444444,0.15873015873015872,0.07936507936507936,0.062106920758453754,0.13969111411949475,0.017677570177991875,0.09419615462004714,0.0694029878023541,0.8333333333333334,0.18802130517031368,-0.182505571103592,0.45029422431931465,0.1271894941926751,0.0694029878023541,0.16132564175252817,0.7367921555004064,0.03685139199316383,0.0,-0.0,0.26963862357050017,262750473.59778994,0.12686235447930927,0.05751302525215815,0.07382456864589093,-0.05778650639032101,0.12213222070740004,0.4617808658435887,0.4804352696609142,2.0,7.0,2.0,1.0,0.0,1.0,63.0,126.0,0.8802955665024631,0.18767406087035887,0.6535901850084378,1.1245914638720116,1.1245914638720116,0.9877450980392157,0.4371952202179875,0.5819686542035242,1,1,1,1,1,1
historical_mega100_examples,2020-09-30,LEU,8.369999885559082,0.8127153240013321,1.2931505936622463,0.6954216828583417,0.7708281433909442,0.21656973057176243,0.048872163603187024,0.6508874954961463,-0.671940162298521,-0.40349556733297853,0.980276059549529,-1.1466107291350975,0.3234713631080979,0.18910662965255765,-0.817222165081715,0.7156520745970085,-0.5571428542594881,0.5571428542594881,0.07307026144176598,0.2473919281631678,0.33822447061415173,0.2742176068744142,1.8053882725832013,-0.2368082824750437,5.185393258426966,4.156547914529713,-0.4051158130823447,-0.02105266680237472,0.29240891895231313,-0.02105266680237472,0.6508874954961463,0.17426897519052575,-0.014775231921748344,-0.16633466958556864,0.47410361025572234,-0.2884668902929687,-0.16633466958556864,0.9095027019416777,-0.1613046074057313,1.0894005763698256,1.1337884115213253,0.04379515141496863,-0.5571428542594881,0.5571428542594881,0.7846481414585706,1109130.945870233,1.6283305855159311,0.5555555555555556,0.1984126984126984,0.12698412698412698,0.09375644194379487,-0.6175755470649531,-0.7105883810253717,-0.14232807345774956,-0.29237147206280467,-0.31632170691240935,0.9636526293614732,1.1350515463917525,-0.25270268398101026,0.30469721732774474,-0.43445947448035227,-0.3042354668575,1.0311836237088081,0.960849983382755,-0.2268258426966292,0.04954510562738415,-0.13772568913651917,-0.5571428542594881,0.5571428542594881,0.0,0.5714285714285714,0.0,1806031.842502715,14.406643198011169,0.6349206349206349,0.20634920634920634,0.15873015873015872,0.10075746731333805,-0.15460239382528407,-0.16014935188095247,-0.24547407289960826,-0.24321884556952333,0.6666666666666666,0.1250233376463711,-0.25270268398101026,0.47410361025572234,-0.18543233917920232,-0.24321884556952333,-0.1364011638310001,0.9908127677051773,0.047315149883455365,-0.29247675912605064,0.29247675912605064,0.0,1814100.7599376496,-0.08243806746732507,0.12792286980219617,-0.0208235926085375,-0.05778650639032101,0.12213222070740004,0.4617808658435887,0.4804352696609142,1.0,3.0,1.0,0.0,0.0,1.0,63.0,126.0,0.6458128078817734,0.16009559986969868,0.7909199493515755,1.7634407977320552,1.7634407977320552,0.9975490196078431,0.4371952202179875,0.5819686542035242,1,1,1,1,1,1
historical_mega100_examples,2020-09-30,MSTR,15.055999755859377,-0.46567488250397693,0.014760387156937282,1.1792228220724066,1.1798839977730742,0.0555984187847971,0.11393903413167705,0.27485175452246335,-0.06534020156404252,-0.08305255319920146,0.0016088105614460169,0.2711952433564231,0.0696866998291219,-0.18692911132112533,-0.002047700604594249,0.6416743327504277,-0.13916523997205166,0.13916523997205166,0.04195525103549036,0.1917992013232619,0.043743182199788594,-0.01464421864498533,1.0510291595197254,0.15752698072312965,0.7274633123689727,1.198722306977619,-0.051685505458848646,0.20951155295842083,0.22538750293471535,0.1917992013232619,0.27485175452246335,-0.049726822258795544,0.10457184772585126,0.2728040539178691,0.047594868782513844,0.15067183321046906,0.2728040539178691,0.42833527927532666,0.5648003941629509,1.6064737015483566,1.1276439199963089,0.018655138591044226,-0.13916523997205166,0.13916523997205166,0.3415308143119644,12537027.882795485,1.2398881507866708,0.19047619047619047,0.03968253968253968,0.015873015873015872,0.03120269303778569,0.026151930261519407,0.06963050057821984,-0.11130149229253283,0.1191981634735173,0.0758066221542062,1.6353445331234122,1.0849242922975642,0.16559070472313486,0.07440687462410751,0.21497736562712189,0.08007188940022991,0.4830096733947431,1.4246285312775109,0.008567931456548328,0.019069452945845645,0.04699753967013298,-0.13916523997205166,0.13916523997205166,0.3002849245008554,0.15873015873015872,0.8888888888888888,15544512.317960225,16.559218293037652,0.19047619047619047,0.06349206349206349,0.015873015873015872,0.03087483010872278,0.014666918911154125,0.017828047774402167,0.06157524126411268,0.0423704999566874,0.6666666666666666,0.04347862206461286,-0.049726822258795544,0.16559070472313486,0.10015700634700841,0.0423704999566874,0.006299384839189459,0.6881093616011831,0.03022356219831346,-0.13916523997205166,0.13916523997205166,0.08456993149098291,23008085.01075563,-0.01063879641574006,0.04868016927104067,0.011963965545781274,-0.05778650639032101,0.12213222070740004,0.4617808658435887,0.4804352696609142,2.0,8.0,2.0,1.0,0.0,1.0,63.0,126.0,0.35000000000000003,0.1096573461300685,1.2766339654001682,1.5806987362041527,1.5806987362041527,0.9950980392156863,0.4371952202179875,0.5819686542035242,1,1,1,1,1,1
historical_mega100_examples,2020-09-30,PLTR,9.5,,,,,,,,,,,,,,,,,,,,,,,,,,,,,,,,,,,,,,,,,,,,,,,,,,,,,,,,,,,,,,,,,,,,,,,,,,,,,,,,,,,,,,,,,,,,,,,,,,-0.05778650639032101,0.12213222070740004,0.4617808658435887,0.4804352696609142,3.0,11.0,3.0,1.0,1.0,1.0,1.0,1.0,0.0,0.06631580152009664,1.8536842747738485,1.4789472881116366,1.8536842747738485,1.0,0.4371952202179875,0.5819686542035242,1,1,1,1,1,1
historical_mega100_examples,2020-09-30,PLUG,13.40999984741211,3.6184237660402268,4.098859035701141,1.1374460865551639,1.2039922890446615,3.243670722523712,2.089861607358674,2.7881355909372916,-0.6028624968984357,-0.5800015244002532,1.3192090753157562,-0.6858351672641314,0.1807909246842434,2.3263547250937027,-2.154761682885667,2.9828786930853632,-0.050955432498048236,0.050955432498048236,0.24249919528523578,2.2081340665370384,0.3416546947179263,0.007177083980951515,1.2436240299652614,0.5082328449156008,-0.3137167829288664,0.120957100297719,-0.050955432498048236,2.185273094038856,2.3938475838377284,2.185273094038856,2.7881355909372916,0.950118756236543,0.17624575341232296,0.6333739080516247,-0.06090133954650401,0.5112416873442247,0.6333739080516247,0.9347130332187134,0.6947214554709848,0.9795689614709088,0.9753739638939276,0.04318350545573514,-0.050955432498048236,0.050955432498048236,3.002985143034783,194027760.95035303,1.5376270199423625,0.5079365079365079,0.18253968253968253,0.11904761904761904,0.07212002596502559,0.41968669201520914,0.4667179502856049,-0.00047989992989627694,0.17490670118365914,0.15891177172180537,1.226033895516953,1.2876273680338424,0.6835278181601607,0.417413036144665,0.7392995824984561,0.039923239461745474,0.9116947563138529,1.0043009119909596,0.2750248600370806,0.04349274532415487,-0.02202610003862049,-0.050955432498048236,0.050955432498048236,0.7392995824984561,0.31746031746031744,0.6666666666666666,298342327.8561804,19.513752139706988,0.6031746031746031,0.19047619047619047,0.15873015873015872,0.07570301537172254,0.056071814124684316,-0.035109342491191575,0.036181017210474536,0.033127913739640746,0.8333333333333334,0.29897352620917256,-0.06090133954650401,0.950118756236543,0.09091442012996176,0.033127913739640746,0.07589858095954338,0.9156158752233781,0.043256724075146774,-0.050955432498048236,0.050955432498048236,0.19306050893967863,293417613.83723307,0.05234245590962594,0.06887184136906144,0.07006065146549956,-0.05778650639032101,0.12213222070740004,0.4617808658435887,0.4804352696609142,1.0,3.0,1.0,0.0,0.0,1.0,63.0,126.0,0.9060344827586208,0.043997029030671486,0.9679343542081575,1.5287099353663405,1.5287099353663405,0.9901960784313726,0.4371952202179875,0.5819686542035242,1,1,1,1,1,1
historical_mega100_examples,2020-09-30,UUUU,1.6799999475479126,-0.6099689519377599,-0.1295336822768457,1.3366949015181986,1.4023704856138313,-0.12041886025806248,0.423728832394459,0.423728832394459,-0.4469846930903668,-0.47990862197264694,0.2796610657492804,-0.16707831200204293,0.5084746190783163,-0.03805203344912966,-0.31114607864722155,0.6032223946665951,-0.25333335664537215,0.25333335664537215,0.005335411469769458,-0.05617978957818792,0.2680769747646559,-0.03370783356400553,0.9836410786359117,0.0017888793398321834,-0.37741443578447986,-0.30732203852181905,0.07096248851941389,-0.023255860695907793,0.1147643940401211,-0.05617978957818792,0.423728832394459,-0.12209304340340854,0.0375859596469148,0.11258275374723747,0.13245036354096773,-0.009549466960162567,0.11258275374723747,0.7024421442918356,0.19441158923207555,0.9429018352164945,0.8244022279165623,0.03154374485430018,-0.13846158642740536,0.13846158642740536,0.5272726464862683,2741817.8776759002,0.9832598299629919,0.3968253968253968,0.09523809523809523,0.10317460317460317,0.07067264124849999,-0.5464979944461585,-0.5813827892384724,-0.07179492383626984,-0.015849066159189573,-0.0401097303053628,1.0525617498069921,0.5470448116718774,0.06432749231065249,0.23020590888474154,-0.01754391223965679,-0.01318430142602911,0.5790948687366766,1.14374003767482,-0.41730098319061215,0.02781702201496388,-0.04169047732093978,-0.13846158642740536,0.13846158642740536,0.11999996503194166,0.7301587301587301,0.9841269841269841,2695919.380193097,14.807250218008914,0.38095238095238093,0.07936507936507936,0.1111111111111111,0.061645081434420525,-0.033742356421328945,-0.07743363392008562,-0.11613949134007966,-0.07692313234582204,0.5,0.07875474426945006,-0.12209304340340854,0.5084746190783163,-0.01913662595550103,-0.07692313234582204,-0.02410690575611607,0.6623339869861814,0.032312049304414656,-0.12500000776102171,0.12500000776102171,0.08387096724574694,2268669.5490031014,0.001191879787020289,0.06760203927769831,0.007194223523709464,-0.05778650639032101,0.12213222070740004,0.4617808658435887,0.4804352696609142,1.0,3.0,1.0,0.0,0.0,1.0,63.0,126.0,0.5870689655172414,-0.10119045380494418,0.23809523133734167,1.5357145011222348,1.5357145011222348,0.9926470588235294,0.4371952202179875,0.5819686542035242,1,1,1,1,1,1
historical_mega100_examples,2020-10-31,FANG,20.53714370727539,-1.064384989883751,-0.6892588279486505,0.8998743110758992,0.9323469534132027,-0.6426867578925557,0.008523584358251846,-0.39312539538180524,0.019162532784894104,0.007988490786454583,-0.07604226363776967,-0.2671369958297063,-0.012992308118927265,-0.6258166805539758,0.04994613591432928,-0.5655983695340393,-0.7242884936545305,0.7242884936545305,-0.0823346715729194,-0.38513690459535066,0.00962529534057961,-0.017848848464152467,0.8532954979764715,-0.2965498212848484,0.42610485632666784,-0.06330475219048926,-0.09590810639095959,-0.37396286259691114,-0.38407505419135574,-0.39312539538180524,-0.37396286259691114,-0.04686758689209025,-0.14602058301250742,-0.34317925946747596,-0.01426276396959325,-0.3566862367377487,-0.34317925946747596,0.6950610478344843,-0.5970488043661206,0.8504414517953933,0.8269671325428761,0.033459256951143934,-0.5623391397743868,0.5623391397743868,0.05528470615170078,82117881.93805483,0.8767532313964507,0.4603174603174603,0.0873015873015873,0.15873015873015872,0.053529584371090115,0.15658750979523695,-0.0031536605851685273,-0.09140849614512325,-0.1410188741694528,-0.1848884622421053,0.7262779203537814,1.1646025592644689,-0.22689946213229684,0.08790946533567258,-0.3336756322835478,-0.08948923932214814,0.5747926416699304,1.0283860365530308,0.2497208280669032,0.02894309216352751,-0.118227413477481,-0.42957582846871356,0.42957582846871356,0.05528470615170078,0.8571428571428571,0.031746031746031744,71997118.3446218,18.09213666707747,0.3968253968253968,0.07936507936507936,0.14285714285714285,0.04976306964090263,-0.11683665357984341,-0.14229253738985914,-0.23365280181042092,-0.13811421014626568,0.0,-0.07616419662055429,-0.22689946213229684,-0.012992308118927265,-0.10766526615512384,-0.13811421014626568,-0.09857988494408676,0.5911087266067862,0.030575978979428903,-0.16794875232627304,0.16794875232627304,0.05528470615170078,72459593.03421748,-0.047689002686171045,0.05731345687226809,-0.0030722111843167754,-0.03044894399114184,0.013506977270272724,0.23269128517217053,0.3751261619351005,2.0,7.0,2.0,1.0,1.0,0.0,63.0,126.0,0.6983990147783251,0.5573156250296034,0.8862385995922131,1.20931558267946,1.20931558267946,0.9877450980392157,0.48577701769301784,0.6051785581745115,1,1,1,1,1,1
historical_mega100_examples,2020-10-31,LEU,9.710000038146973,0.5552912601581956,0.9304174220932961,0.8168709277724864,0.8558871081405787,0.5363923693683137,0.9151873194049862,0.44709388717507026,-0.47996240559737,-0.3114213934283294,1.2056632051558105,-1.5495821299524701,0.2742176068744142,0.21440260200289973,-0.7910128119717298,0.5027630993792349,-0.48624337385557825,0.48624337385557825,0.017177219057623594,0.13567249374674084,0.24349992055256106,0.17426897519052575,1.8345182895414733,-0.13149255648070712,0.6130136986301369,0.05826776171497716,-0.46637581205716816,-0.032868518422299764,0.18329928749983712,-0.032868518422299764,0.44709388717507026,0.47410361025572234,-0.18719091060238824,-0.34391892479665953,-0.25270268398101026,-0.35742590206693226,-0.34391892479665953,0.8892734723910729,-0.35219421066430134,0.6586819752061746,1.098091486176587,0.04253957490302252,-0.48624337385557825,0.48624337385557825,0.4869831127359112,1246563.483164424,1.535049737922992,0.5396825396825397,0.19047619047619047,0.1111111111111111,0.08954723272439456,-0.5722070844686649,-0.5037193210366684,0.07089948040390981,-0.01489095760760617,-0.018597119663730566,0.6177955166394163,0.4648026315789474,-0.24321884556952333,0.29037968569967265,-0.12206151268089305,0.05182101035433284,0.9765036289153273,0.5998425299695387,-0.6825432487081555,0.047422400402505935,0.13872187997219676,-0.48624337385557825,0.48624337385557825,0.16009559986969868,0.9206349206349206,0.3492063492063492,1913536.948135921,14.464464415444255,0.6031746031746031,0.14285714285714285,0.15873015873015872,0.0930108387760471,0.003030111198059071,0.14696410894487721,0.2733180284852486,0.16009559986969868,0.6666666666666666,0.09779404377330457,-0.25270268398101026,0.47410361025572234,0.19054454386084052,0.16009559986969868,-0.03937473457711638,0.5857484072930055,0.029855498355152058,-0.09167442289096794,0.09167442289096794,0.12514483306887203,980307.3675700596,-0.05064526353416843,0.07017800512744805,-0.026468794253491468,-0.03044894399114184,0.013506977270272724,0.23269128517217053,0.3751261619351005,1.0,3.0,1.0,0.0,0.0,1.0,63.0,126.0,0.6481527093596059,0.5437692803530423,1.3820802337690474,1.091658021230892,1.3820802337690474,0.9901960784313726,0.48577701769301784,0.6051785581745115,1,1,1,1,1,1
historical_mega100_examples,2020-10-31,MSTR,16.707000732421875,-0.28494665522338014,0.09017950671172037,1.1280283486888731,1.1647639906265659,0.09892788640166317,0.41464861463265823,0.32248873886030593,0.08988762975378917,0.019654641109193127,-0.01907703382761894,0.36728559297751273,-0.01464421864498533,0.08979745368813541,0.025719820289587858,0.7167719909061518,-0.09348885210110547,0.09348885210110547,0.06980259512170028,0.34214337996949906,0.04725597597806621,-0.049726822258795544,1.4318283816533524,0.19833370396604977,1.8652912621359223,2.863010204069053,-0.04944039988513138,0.4123763686140951,0.3590028291479667,0.32248873886030593,0.4123763686140951,0.047594868782513844,0.10912858618036836,0.3482085591498938,0.16559070472313486,0.33470158187962107,0.3482085591498938,0.449918164983835,0.6373191944583683,1.1487382259952938,1.2143640889997966,0.018866150622511985,-0.09348885210110547,0.09348885210110547,0.4757530771180589,15163649.08812538,1.3801841889844726,0.19047619047619047,0.05555555555555555,0.031746031746031744,0.03205878179233154,1.8652912621359223,2.179491497831422,0.04567638787094619,0.08209383085006206,0.07206801893681836,1.529597356342297,2.3496433902803116,0.0423704999566874,0.07887762636874947,0.15667408266621052,0.11350210733168975,0.546364462545055,0.9459586596812533,0.7760782347041124,0.02260046735191481,0.14347042259895182,-0.09348885210110547,0.09348885210110547,0.3547681667343203,0.07936507936507936,0.9841269841269841,20928628.718739465,16.856628622557945,0.25396825396825395,0.09523809523809523,0.047619047619047616,0.035914442539064714,0.038811703023146515,0.12715588278055323,0.21216958664706442,0.1096573461300685,0.6666666666666666,0.050140396448103954,-0.049726822258795544,0.16559070472313486,0.14010629012121034,0.1096573461300685,0.003173435254435475,0.5168381946865885,0.022109778646193182,-0.09348885210110547,0.09348885210110547,0.1407210731160733,23840472.28272756,-0.030562169309168108,0.047383917399603626,-0.0076149606592353924,-0.03044894399114184,0.013506977270272724,0.23269128517217053,0.3751261619351005,2.0,8.0,2.0,1.0,0.0,1.0,63.0,126.0,0.4927339901477833,1.0516549305422362,1.3256717447096107,2.694918075458257,2.694918075458257,0.9975490196078431,0.48577701769301784,0.6051785581745115,1,1,1,1,1,1
historical_mega100_examples,2020-10-31,OXY,8.518802642822266,-1.1376933187700664,-0.7625671568349659,0.9810530246337749,1.0000891763177402,-0.762807365404792,-0.21034591675059633,-0.4491448856280018,-0.05145935749152075,0.15526029407062525,-0.051262399788947866,-0.36811856050032776,-0.21987948742410302,-0.6818361708001723,0.029763925338726183,-0.5005409146367941,-0.8006497320114332,0.8006497320114332,-0.08037498707294255,-0.29388459155737656,0.10761570419035212,0.4139395433662465,0.8498259094649987,-0.34114900806297965,0.4948442256622838,-0.13206498117884335,-0.09090508064294944,-0.5006042431195226,-0.41454457343496703,-0.5006042431195226,-0.29388459155737656,-0.13989083594419138,-0.17135785235191636,-0.41938096028927563,-0.19059711198868223,-0.43288793755954835,-0.41938096028927563,0.8973190252667225,-0.7095851512234048,0.6879672420326824,0.6586539717618536,0.038332353974456945,-0.6252379336938108,0.6252379336938108,0.02815302638645556,420667446.069177,0.6463263598774022,0.48412698412698413,0.11904761904761904,0.12698412698412698,0.057823379884352544,-0.012202533812703309,-0.09904162765804214,0.0034032145987897833,-0.12316272024246955,-0.162092458630826,0.5888787500549687,0.8261307935720048,-0.2135163368124039,0.24370242832740402,-0.2826575636055728,-0.07370399675357764,0.5910227399294018,1.0445048106100656,0.07582738083214347,0.029238207833562277,-0.0921089713384774,-0.44545248492217715,0.44545248492217715,0.02815302638645556,0.9206349206349206,0.031746031746031744,271888459.13681453,19.42090246713092,0.4126984126984127,0.09523809523809523,0.07936507936507936,0.04921829294007662,-0.10061069706178538,-0.08698248636840589,-0.14240745979357225,-0.0879118410583909,0.16666666666666666,-0.07297601164358748,-0.21987948742410302,0.4139395433662465,-0.05746289706724905,-0.0879118410583909,-0.09158743220233112,0.617326095036202,0.03145631467494449,-0.18336310489453977,0.18336310489453977,0.02815302638645556,215252183.4385554,-0.04507894593901829,0.052965082090169924,-0.004796170550473655,-0.03044894399114184,0.013506977270272724,0.23269128517217053,0.3751261619351005,1.0,3.0,1.0,0.0,1.0,0.0,63.0,126.0,0.8923645320197046,0.7261772928231967,0.8969380960462627,1.1983010120667958,1.1983010120667958,0.9852941176470589,0.48577701769301784,0.6051785581745115,1,1,1,1,1,1
historical_mega100_examples,2020-10-31,PLTR,10.130000114440918,,,,,,,,,,,,,,,,,,,,,,,,,,,,,,,,,,,,,,,,,,,,,,,,,,,-0.9418003310252924,-0.9379407733290304,,,,,,,,,,,,-0.8900024812309808,,,,,,,,,,,,,,,,0.09763865075829455,0.06631580152009664,1.0,0.06631580152009664,0.06631580152009664,0.06631580152009664,0.09676474551123848,0.06631580152009664,0.028217632602729248,0.6791962097495803,0.03099812938354138,-0.07488581818333839,0.07488581818333839,0.12181621417476918,273773530.1083837,0.014623407347655437,0.05404736967924955,-0.0376211198542834,-0.03044894399114184,0.013506977270272724,0.23269128517217053,0.3751261619351005,3.0,11.0,3.0,1.0,1.0,1.0,23.0,23.0,0.0,1.6762093093863482,1.3247777858845846,2.4728529030344824,2.4728529030344824,0.9950980392156863,0.48577701769301784,0.6051785581745115,1,1,1,1,1,1
historical_mega100_examples,2020-10-31,PLUG,14.0,3.907892515865682,4.283018677800783,1.0338184877701944,1.0425258902366592,2.6175711664077945,2.9548023025038797,2.3492824341967546,-1.644044926894641,-0.023866787368854503,0.8444976925301402,-0.02867409580746494,0.007177083980951515,2.1165911490245843,-1.5334588374740794,2.473687418233599,-0.24036897622468756,0.24036897622468756,0.2708915109885026,2.3254156468279,0.9423755929373874,0.950118756236543,1.2530371427537244,0.22560821118389063,0.3748893205936381,1.4965564712159352,-0.012914105662570119,0.7052375073021135,1.7933118627755895,0.7052375073021135,2.3492824341967546,-0.06090133954650401,0.20628501950343714,0.8158235967226752,0.6835278181601607,0.8023166194524025,0.8158235967226752,0.9497086886888567,0.9701406323699648,0.8215053714035718,0.8854645054000515,0.04322012482092383,-0.24036897622468756,0.24036897622468756,2.448275910667963,266764852.4966823,1.4262389226536154,0.5238095238095238,0.1746031746031746,0.11904761904761904,0.07312610362624718,-0.10836429394800329,-0.06913497190405038,-0.18941354372663932,0.1839020145146284,-0.005681815487909803,1.0322490674986002,1.0269749581703884,0.033127913739640746,0.4287412597079367,0.07858247255284079,0.28823858971888683,0.84093333430401,0.927767704288064,0.03038911604152461,0.039732045952460694,0.16953107769047548,-0.24036897622468756,0.24036897622468756,0.5334063334628227,0.23809523809523808,0.9841269841269841,380470415.82671875,19.756918984087672,0.5714285714285714,0.1746031746031746,0.14285714285714285,0.07132986481086623,-0.06958197222790352,0.11372671335239248,0.05639265375789372,0.043997029030671486,0.8333333333333334,0.2761745436002439,-0.06090133954650401,0.950118756236543,0.07444597302181333,0.043997029030671486,-0.1310824198499757,0.7801907890265384,0.033444763284004975,-0.24036897622468756,0.24036897622468756,0.0,459028749.0510986,-0.06908704248689146,0.06862244314076951,-0.039253370661449405,-0.03044894399114184,0.013506977270272724,0.23269128517217053,0.3751261619351005,1.0,3.0,1.0,0.0,0.0,1.0,63.0,126.0,0.9258620689655174,0.8849999564034601,1.4221428462437222,3.512142726353237,3.512142726353237,1.0,0.48577701769301784,0.6051785581745115,1,1,1,1,1,1
historical_mega100_examples,2020-10-31,UUUU,1.5099999904632568,-0.6238823820208339,-0.2487562200857334,1.310481345989058,1.387477712860827,0.0633803071116823,0.2796610657492804,-0.1516853849810491,0.1516853849810491,0.02959234157764057,-0.039325805824673044,-0.07763328377888301,-0.03370783356400553,-0.38437667015321964,0.034726295377493055,-0.26954685687621405,-0.3288888931274414,0.3288888931274414,-0.0005364815970487768,-0.12209304340340854,0.08040612947655529,-0.12209304340340854,0.7685750578707434,-0.09942148621073366,-0.5627363114409747,-0.6138782743715312,-0.09046472909706915,0.0,-0.09125947612815255,-0.1516853849810491,0.0,0.13245036354096773,-0.029973690055606572,-0.11695908960355605,0.06432749231065249,-0.13046606687382878,-0.11695908960355605,0.5627421767737721,-0.21112129549080783,0.9447340534302647,0.984447296857549,0.027864086186864388,-0.22564104946720798,0.22564104946720798,0.05594408800680317,2372896.4572136365,0.9536535913661075,0.373015873015873,0.06349206349206349,0.10317460317460317,0.06090996634192774,-0.1502245203429038,-0.2362136867617195,-0.07508006762760122,-0.05615178388444064,-0.10956480863810969,0.7695535353734771,0.5445350307363648,-0.07692313234582204,0.10074355802324018,-0.17032969948059473,-0.047007296534401166,0.553990014752673,0.9596593504253069,-0.3712876271015806,0.027331680988502347,-0.056085908872832935,-0.21354165405500658,0.21354165405500658,0.04137926952167148,0.6507936507936508,0.031746031746031744,2262921.2283616974,14.632167557415185,0.38095238095238093,0.06349206349206349,0.1111111111111111,0.05658330895865926,-0.08020304481537599,-0.10550997636413784,-0.19033581121041102,-0.10119045380494418,0.3333333333333333,-0.022856101211093344,-0.12209304340340854,0.13245036354096773,-0.07074150981380234,-0.10119045380494418,-0.07475490401964813,0.5316416976996563,0.02664214095027559,-0.1371428625924247,0.1371428625924247,0.04137926952167148,1811734.6632656597,-0.045512012114316325,0.05203405447397656,-0.01048491808728047,-0.03044894399114184,0.013506977270272724,0.23269128517217053,0.3751261619351005,1.0,3.0,1.0,0.0,0.0,1.0,63.0,126.0,0.5875615763546798,0.3774834018826225,1.8211922223753785,1.5165562757059834,1.8211922223753785,0.9926470588235294,0.48577701769301784,0.6051785581745115,1,1,1,1,1,1
historical_mega100_examples,2020-11-30,MSTR,34.277000427246094,0.8104300328200309,1.2801171053443765,1.672845804988662,2.286203775367229,1.536031440489233,1.713290541669331,1.753615083009045,0.012443654770079249,0.1440938574394024,0.16034706758170758,1.2127490171508413,-0.049726822258795544,1.467443065805359,-0.38051899827649605,2.838227351800393,0.0,-0.0,0.13752786854681842,1.8977089404484473,0.07984324241775005,0.047594868782513844,2.867037065225664,1.1680349121056541,18.489414694894148,45.250253706182306,0.027863747679518824,1.7660587377791241,1.805794253745539,1.753615083009045,1.8977089404484473,0.16559070472313486,0.1664675844422212,1.3730960847325488,0.0423704999566874,1.3570217585905755,1.3730960847325488,0.617855747847917,1.7530534015416068,1.582952967253431,1.2677064260439521,0.023036557505567486,0.0,-0.0,1.9967652780496818,27683251.16017508,1.5941390634023087,0.23015873015873015,0.09523809523809523,0.031746031746031744,0.03700352117036614,5.6285472257518,12.599491598045743,0.09348885210110547,0.2373665317749576,0.8911845128722691,2.5201601510857765,4.484454845026028,0.1096573461300685,0.40998627686723904,1.2766339654001682,0.28011734058789073,0.783259701914996,1.2486747205291435,1.4926997610830903,0.031013427419321667,0.4041836257410012,0.0,-0.0,1.4691687438841048,0.0,0.9206349206349206,44130952.07641238,17.6026719780307,0.3333333333333333,0.14285714285714285,0.047619047619047616,0.04471647454018964,0.7251092408779993,0.5742790932061517,1.075271561361186,1.0516549305422362,0.8333333333333334,0.2278569213126409,-0.049726822258795544,1.0516549305422362,0.9393970932219133,1.0516549305422362,0.6178049922484352,0.9780365893904479,0.04170332795130157,0.0,-0.0,1.0578136083952199,86930365.83064851,0.41839776747865276,0.05534324150771631,0.26736870065000407,0.1122578373203229,0.01607432614197335,0.2861720172036859,0.4696870725243456,2.0,8.0,2.0,1.0,0.0,1.0,63.0,126.0,0.5987176383728108,0.13355891874807324,0.8009451884200229,1.1892522516807618,1.1892522516807618,0.9951100244498777,0.3319610832001373,0.3960674746666772,1,1,1,1,1,1
historical_mega100_examples,2020-11-30,PLUG,26.38999938964844,5.296979272175358,5.766666344699704,1.0316610273438087,1.094910555950844,5.080644806869971,5.313397242443757,5.268408349293976,-2.8455809486353587,-3.054035722371947,2.0831352552551192,-1.050007341515478,0.950118756236543,4.98223633209029,-4.235280435554335,5.212248475799446,-0.01786384200197333,0.01786384200197333,0.277507830583291,2.214372626922029,1.706258993698105,-0.06090133954650401,1.4122613696600903,0.8217211695793267,1.0472273764258557,3.1622751247833785,0.03261169056617863,2.4228274006586172,3.301869458958207,2.214372626922029,5.268408349293976,0.6835278181601607,0.2791081089013536,1.0331279137396412,0.033127913739640746,1.0170535875976678,1.0331279137396412,1.0107745963676293,1.1531586503311326,0.9646507088155261,0.8863611580970064,0.04758060042604433,-0.01786384200197333,0.01786384200197333,5.328536908110166,414001632.21241707,1.3633679617468257,0.5476190476190477,0.23015873015873015,0.11904761904761904,0.07861411147708162,0.6172833572832612,2.048579057970989,0.22250513422271423,0.32835888247708533,0.46599705415326054,1.9133174587586923,1.4083027364239002,0.043997029030671486,0.4666851736053115,0.9679343542081575,0.39171165666730556,0.8959113418114462,1.088326919566969,0.2976963726320687,0.04154576833185837,0.6489584581506491,-0.01786384200197333,0.01786384200197333,1.3478647621914623,0.06349206349206349,0.7301587301587301,564436561.469302,20.151338556973894,0.5079365079365079,0.19047619047619047,0.1111111111111111,0.07728397074743033,0.32159248419376185,0.7915820617901708,0.9076509012437084,0.8849999564034601,0.8333333333333334,0.422478355670662,-0.06090133954650401,0.950118756236543,0.7727421190831372,0.8849999564034601,0.17639188830470243,0.9750444308387609,0.04844514015570713,-0.01786384200197333,0.01786384200197333,0.8849999564034601,937574454.852908,0.04834542714963996,0.08877822200782802,-0.003248241541399244,0.1122578373203229,0.01607432614197335,0.2861720172036859,0.4696870725243456,1.0,3.0,1.0,0.0,0.0,1.0,63.0,126.0,0.9507343774585153,0.28495644682407284,1.3937097245149594,0.8332702609721332,1.3937097245149594,0.9975550122249389,0.3319610832001373,0.3960674746666772,1,1,1,1,1,1
historical_mega100_examples,2020-11-30,UUUU,2.0799999237060547,-0.41918207067118307,0.050505001853162534,1.3757163689749656,1.5233433077426806,0.7627118781050612,0.16853930176305187,0.20930226110909267,0.007071936145329083,0.16818114077352986,0.058139547778181644,0.08471752022226653,-0.12209304340340854,-0.07686975609459323,-0.0664451931086445,0.3574844786656122,-0.07555558946397567,0.07555558946397567,0.02735562407422698,0.3774834018826225,0.09512367757176352,0.13245036354096773,0.9931763482474524,0.20663645819726018,1.019561863622339,1.3080705501049468,0.03410844465793372,0.21637419725442175,0.26771995341537896,0.20930226110909267,0.3774834018826225,0.06432749231065249,-0.00047086336487123237,0.14285706800044817,-0.07692313234582204,0.12678274185847482,0.14285706800044817,0.5854862898953219,0.21842823914208917,1.2448382632939197,1.1170592723968706,0.028251656486021924,-0.032558217933201794,0.032558217933201794,0.4545454545454546,2544246.3270058706,0.9606454914548338,0.373015873015873,0.0873015873015873,0.10317460317460317,0.05918839789871663,4.240512409927942,6.218718862035643,0.18098343612180479,0.039370087230321316,0.22482624565077192,1.147959373739289,2.2159752629440708,-0.10119045380494418,0.19116515095948836,0.23809523133734167,0.08819042527643206,0.6540228889888116,1.1143887294564718,1.1195785928628483,0.032186462495932135,0.21141781793437353,-0.032558217933201794,0.032558217933201794,0.43448265883075265,0.031746031746031744,0.3492063492063492,2444118.7631887104,14.70919560101439,0.47619047619047616,0.12698412698412698,0.1111111111111111,0.058539338355627225,0.21212116721177665,0.32858990876541294,0.5179265821969455,0.3774834018826225,0.5,0.045675771363344664,-0.12209304340340854,0.3774834018826225,0.2652255645622996,0.3774834018826225,0.1665731456532058,0.7288357362956929,0.03713339266493477,-0.032558217933201794,0.032558217933201794,0.43448265883075265,3131415.7427736693,0.0771620558620536,0.05872254321762655,0.01265820433918785,0.1122578373203229,0.01607432614197335,0.2861720172036859,0.4696870725243456,1.0,3.0,1.0,0.0,0.0,1.0,63.0,126.0,0.6067670446980792,1.048077108239288,0.8269231210093542,1.4951924267252563,1.4951924267252563,1.0,0.3319610832001373,0.3960674746666772,1,1,1,1,1,1
historical_mega100_examples,2020-12-31,TPL,75.86746978759766,-0.5160182163499064,-0.031956783500754926,1.2370513647109391,1.2900383804352276,0.9415388745573423,0.2582142914306722,0.24065352232729476,0.16009868410970451,0.14362045534023848,-0.24068015917732433,0.8745812580648814,-0.1037514665862862,-0.028767759946970006,0.3932475765602623,0.5159195673099415,-0.07702896562580397,0.07702896562580397,0.05232977580196563,0.38427397766753324,0.08806243606023252,-0.011763842807987257,0.4690654931400466,0.3365689811039956,-0.4075829383886256,-0.032049112033437854,0.23151043045180553,0.40075220643699927,0.34189323547727574,0.24065352232729476,0.40075220643699927,-0.14269461756852797,0.1989590972160904,0.6339010988875571,-0.0025464543482169866,0.5026428934382807,0.6339010988875571,0.46645550503557626,1.2425801654293722,0.7490693025355863,1.093671423933523,0.021545072207326994,-0.018390093184869283,0.018390093184869283,0.6703739330246319,9989476.859256199,1.0160876848770326,0.25396825396825395,0.047619047619047616,0.007936507936507936,0.036397964968759036,-0.31693989071038253,-0.17372008977247932,0.01578284952132536,0.2615617624560267,0.2222927521789888,1.1756261633106815,0.604351329572925,0.35414389472955077,0.19253274879382165,0.6380723754106155,0.24887878768958704,0.5101490563938893,0.6849125671049053,-0.17218543046357615,0.02386637563069918,0.20626128212296524,-0.018390093184869283,0.018390093184869283,0.6465171812918868,0.12698412698412698,0.9841269841269841,10150184.415054321,16.13300253077826,0.30158730158730157,0.06349206349206349,0.0,0.036860381653451874,0.10072237234462089,0.16773366540437862,0.6000838238462972,0.20967378857309038,0.3333333333333333,0.05051021699860379,-0.14269461756852797,0.35414389472955077,0.16064940275070394,0.20967378857309038,0.04717044236014978,0.3494074998208838,0.017807600665426374,-0.018390093184869283,0.018390093184869283,0.18962294216701525,11847059.415762765,0.022474720278784943,0.032473987963117214,0.03192284832054604,0.04902438582238644,0.13125820544927636,0.26942128227426476,0.4840614328491515,1.0,3.0,1.0,0.0,1.0,0.0,63.0,126.0,0.5628992628992628,0.14475939051705122,0.5186246599868605,1.1914149906562694,1.1914149906562694,1.0,0.29999998833228303,0.380839940258058,1,1,1,1,1,1
yearly_top_future_return_examples,2021-01-31,NUE,44.8150634765625,-0.3774796676247263,0.06658299600875695,0.8792583275431215,0.8972331350501687,0.21486139070606192,0.1964122298015818,0.1810112926916534,-0.08622924126504006,-0.09118646060427138,0.14850131295522573,-0.12019487623659808,0.08367074957323073,-0.004624456861585413,-0.15270485597302574,0.5296855308659264,-0.16127357052937508,0.16127357052937508,0.040049639406296356,0.08982483208738201,0.05127544355448664,-0.004528042209654193,0.9325360697866202,-0.042756619230218895,0.6420589557510756,0.6885397936702993,-0.11285788965025945,0.09478205142661333,0.12187272540188292,0.08982483208738201,0.1810112926916534,0.06464572459559093,0.04441756260743435,0.028306436718627648,0.1243716853354293,-0.14152838054781958,0.028306436718627648,0.3417335043978591,0.07528390521973438,1.0561738666481235,1.1002604531834514,0.016594855603666952,-0.16127357052937508,0.16127357052937508,0.1810112926916534,88708391.55592237,1.090085708531554,0.11904761904761904,0.023809523809523808,0.015873015873015872,0.027771323977904692,2.9844943119837932,2.650393791360336,-0.09993360703566356,-0.0018443615389498458,-0.10294835311732842,1.1902598279916312,1.9512725607662076,-0.0017343027617124918,0.0750291910290468,-0.08543904997762641,0.0013411663797269213,0.3759958604167575,0.9599307723841483,0.6595199203833713,0.018489649393518406,-0.0011406898180159608,-0.16127357052937508,0.16127357052937508,0.046047364718375006,0.19047619047619047,0.9206349206349206,96699749.86193217,18.38712138401826,0.14285714285714285,0.047619047619047616,0.015873015873015872,0.029550634759621032,-0.09912159754747585,-0.009760918383807327,-0.23231698545743312,-0.08385016879522555,0.5,0.030429274289609787,-0.08385016879522555,0.1243716853354293,-0.08646352176194538,-0.08385016879522555,-0.10694472597895399,0.3609299967031004,0.018192474303600287,-0.16127357052937508,0.16127357052937508,0.0,114229342.30032422,-0.08748723866671071,0.03969396268258079,-0.05455733703342536,0.0026133529667198285,0.16983481726644722,0.1856357495532388,0.44406266363348323,1.0,3.0,1.0,0.0,1.0,0.0,63.0,126.0,0.47078444297956495,0.2275801838610827,0.6557550221314266,0.6968032005447735,0.6968032005447735,0.9975669099756691,0.3386067348238637,0.4023922040884461,1,1,1,1,1,0
yearly_top_future_return_examples,2021-01-31,TPL,86.8499984741211,-0.29847773226380037,0.14558493136968287,1.2559958016268695,1.2392772027986114,0.4826794687253324,0.42024977006222675,0.5846606349832995,0.28576299114436066,0.018863607122934667,-0.15493723082868227,1.030135964926557,-0.011763842807987257,0.39902488543006065,0.2905380991145752,1.2230316309997933,-0.05522817151559656,0.05522817151559656,0.10211361808410668,0.6035242421062341,0.15981844072388152,-0.14269461756852797,0.8033826638477801,0.3955945362397584,2.117241379310345,4.845447088360271,0.1965824461942589,0.8704236261276601,0.6862028344057313,0.5846606349832995,0.8704236261276601,-0.0025464543482169866,0.2339109100837864,0.8751987340978746,0.35414389472955077,0.7053639168314274,0.8751987340978746,0.47804212104093835,1.6040541564440651,1.0967350875690804,1.1413569539909107,0.02227072615518828,-0.05522817151559656,0.05522817151559656,0.9121762455048474,11877422.126306806,1.2428645360775763,0.2857142857142857,0.05555555555555555,0.015873015873015872,0.03835832263439634,2.616,3.139449956109657,-0.036838078330727275,0.20393021739994177,0.15425259452869589,1.5932221506515536,2.097447795823666,0.20967378857309038,0.1789623398710563,0.38478542893138323,0.20048729069111415,0.5456166991506397,0.9609045476388398,0.7842105263157895,0.025932485952908126,0.1720491052539559,-0.05522817151559656,0.05522817151559656,0.8751987340978746,0.19047619047619047,0.9682539682539683,14762026.740809849,16.507568748514394,0.36507936507936506,0.09523809523809523,0.015873015873015872,0.0420536523099898,0.06286055659278911,0.18991319196230538,0.2761079066364868,0.14475939051705122,0.5,0.09192869318249336,-0.14269461756852797,0.35414389472955077,0.1421460375503314,0.14475939051705122,0.015702841559468217,0.5242855674815424,0.025867040501131606,-0.05522817151559656,0.05522817151559656,0.1503129720297669,20718685.249655586,0.0029827707295702055,0.04855573209037653,0.007491077764172571,0.0026133529667198285,0.16983481726644722,0.1856357495532388,0.44406266363348323,1.0,3.0,1.0,0.0,1.0,0.0,63.0,126.0,0.583481452627794,0.3265885150773442,0.9143018251778456,0.8549496148100035,0.9143018251778456,1.0,0.3386067348238637,0.4023922040884461,1,1,1,1,1,0
yearly_top_future_return_examples,2021-02-28,NUE,55.01408386230469,-0.031389575974918094,0.5037346215485483,1.0287446559067293,1.0562075195956218,0.45357950307046946,0.449786059824435,0.33784736775020185,-0.07551876309761418,0.00608538422789362,0.19163718072668723,-0.06894028154605536,-0.004528042209654193,0.27060142563405387,-0.21515046856956999,0.9702574914259234,-0.05092819968765738,0.05092819968765738,0.04115710075667467,0.3439327519780955,0.04545941842588445,0.06464572459559093,0.9796791556839731,0.13021445583587554,0.010185445349817357,0.1341320670916455,-0.002718324223858648,0.26232860465258767,0.31470290812696167,0.26232860465258767,0.3439327519780955,0.1243716853354293,0.007836821977878827,0.12269689918063187,-0.0017343027617124918,0.07233481969726085,0.12269689918063187,0.34820382293950636,0.39233688007781653,0.9338014224055474,0.898133546484132,0.01732101124583791,-0.05092819968765738,0.05092819968765738,0.3615077929111892,98821764.8464869,1.161186222638563,0.12698412698412698,0.023809523809523808,0.015873015873015872,0.028615901567066806,-0.4375501104875139,-0.30954766121961663,0.1103453708417177,0.012417382594816173,0.09020121198741737,1.0537333356467227,1.033185853953505,-0.08385016879522555,0.11020804850282674,0.12464737823465688,0.01505657141308192,0.3127335343959916,1.0397133322333212,-0.0695221765714471,0.016075422844884307,0.07652046444289251,-0.05092819968765738,0.05092819968765738,0.2275801838610827,0.031746031746031744,0.30158730158730157,114750471.83656844,18.558270527476555,0.07936507936507936,0.015873015873015872,0.0,0.028779891844683957,0.08412102401711663,0.13903309076487358,0.6999167354330339,0.2275801838610827,0.5,0.05441418000425178,-0.08385016879522555,0.2275801838610827,0.22891487001843636,0.2275801838610827,0.07456557643932138,0.3251532251479604,0.018902387677447213,-0.05092819968765738,0.05092819968765738,0.2275801838610827,151114560.58525813,0.013365741672561215,0.029648466319517855,-0.019633712466535003,-0.0013346861573536595,0.050362079483371014,0.06724594211614798,0.5351241975234664,1.0,3.0,1.0,0.0,1.0,0.0,63.0,126.0,0.5000687470109995,0.34879582116063035,0.3822341080872236,0.7230035033531619,0.7230035033531619,1.0,0.2596964539941058,0.29566269261796774,1,1,1,1,1,0
historical_mega100_examples,2021-07-31,LEU,23.190000534057617,0.1894273543315912,0.566891907783561,0.8225323262066316,0.8282554877853183,1.388259571879788,0.0025940931892807217,0.14180212426616134,-0.16414608694066612,-0.15457348399301019,0.1270310187862107,-0.11392480854555664,0.15657313583431098,-0.01999192080292045,-0.12869591402550729,0.22291693754427042,-0.17853344278798566,0.17853344278798566,-0.0028792312098945283,-0.012771359726848841,0.09213082594772823,0.009791381203805516,0.9321402767743011,-0.04202844621620616,0.48321342925659483,0.5026527362921933,0.0004479030271249407,-0.02234396267450478,0.03556226728826924,-0.02234396267450478,0.14180212426616134,-0.03499156609329046,0.023950507959265455,0.01310621024065406,-0.0366972553510756,-0.06678638254374802,0.01310621024065406,0.6361209059674975,0.02214469616308587,1.0222646594143652,0.9303957879670105,0.031456317754099204,-0.17853344278798566,0.17853344278798566,0.12300246791520864,2771814.598601205,0.9032478715935469,0.4523809523809524,0.1111111111111111,0.07142857142857142,0.0687859387011908,-0.3818090954522738,-0.43515177775213465,-0.07757699830750675,0.0032112502745469396,-0.05960305395384369,1.1030053486370974,0.89811229428848,0.15102040992859345,0.10315020543955473,0.0517007408817054,-0.0679794521320467,0.5918442115499184,1.0987417103941275,-0.11495349391843546,0.029526427494671464,-0.09216204649193016,-0.17853344278798566,0.17853344278798566,0.11010058456722072,0.49206349206349204,0.8412698412698413,2503635.6366384597,14.733254887508638,0.42857142857142855,0.07936507936507936,0.07936507936507936,0.0638774472472709,-0.0682381083812128,-0.05419443238159216,-0.1326933697656281,-0.08628836481974245,0.5,0.026567956783766906,-0.08628836481974245,0.15657313583431098,-0.1148975836740872,-0.08628836481974245,-0.043040463413697605,0.6502839212852212,0.03110568490536781,-0.10566909906943744,0.10566909906943744,0.048372497930759595,1559930.5812290737,-0.03278276912588729,0.07386187729512941,-0.04951224629128659,0.028609218854344753,0.07989259278440208,0.1617940450690818,0.37746455345196983,1.0,3.0,1.0,0.0,0.0,1.0,63.0,126.0,0.6429782082324456,0.24665800696959495,0.6670978420476847,1.443725608618156,1.443725608618156,1.0,0.21101070776337683,0.30371874853229797,1,1,1,1,1,1
yearly_top_future_return_examples,2021-08-31,LEU,28.90999984741211,1.3199685268382575,1.6139239376641932,0.7923327025387958,0.8002564218239104,0.9286190986549694,0.42343676059130253,0.2307364891062298,0.03226047980090341,-0.01193376211223618,-0.06130270532518911,0.37241385488122236,0.009791381203805516,0.018311723863960072,0.08037466044980346,0.3840771237454853,0.0,-0.0,-0.0065709545508948475,0.2188027269939936,0.02286294036722983,-0.03499156609329046,1.1181752001941276,0.20265907620027135,0.4345549738219896,0.8808610208290739,0.20911047701572993,0.2629969689071332,0.23751206166911887,0.2188027269939936,0.2629969689071332,-0.0366972553510756,-0.00673769019603665,0.31111114955603325,0.15102040992859345,0.1719775585312382,0.31111114955603325,0.6007556161015487,0.5083555193960753,1.1069578007943894,1.0187091169750604,0.030279815601959054,0.0,-0.0,0.4000000184731103,2281675.7115485175,1.0087414620709463,0.46825396825396826,0.10317460317460317,0.06349206349206349,0.06339713067366828,0.10751818916734024,0.3806964183899313,0.17853344278798566,-0.02340173568828241,0.17995183320749142,1.0342986726640566,0.9838420107719928,-0.08628836481974245,0.12913989367145323,0.1390859260587496,0.007510523064648611,0.611995223196617,1.0866279513443184,-0.10807291666666663,0.030664591700240006,0.034403757968527016,0.0,-0.0,0.3069619688320966,0.0,0.5079365079365079,2301620.8932392183,14.649124603356725,0.4603174603174603,0.12698412698412698,0.06349206349206349,0.05950707718622645,0.19578105106117727,0.06814973853475603,0.3709080963881584,0.24665800696959495,0.5,0.0415821019729809,-0.08628836481974245,0.24665800696959495,0.20447108594843222,0.24665800696959495,0.19066740489803413,0.6650111156146489,0.03609959728394393,0.0,-0.0,0.29177841517049585,1131632.6150894165,0.1640829395210739,0.05361466366092824,0.12332918009207083,0.04218692102116273,0.13913359102479506,0.21242476524226972,0.2939554108259357,1.0,3.0,1.0,0.0,0.0,1.0,63.0,126.0,0.6429782082324456,0.33725354726602585,0.9602213236959996,0.9194051183446827,0.9602213236959996,1.0,0.19236824363634544,0.2950642315760418,1,1,1,1,1,0
yearly_top_future_return_examples,2021-09-30,ANET,21.477500915527344,0.3653914928321764,0.6606583231598238,1.0444358639577098,1.0596065088592685,0.1826410365368616,0.22798748979939254,0.13829539890088616,-0.12574306905135368,-0.0479631972073673,0.2001390572010726,-0.251669467722347,0.04398952643320109,0.01407470565895208,-0.18982580942216054,0.6541419096904556,-0.10070130053505588,0.10070130053505588,0.023269044968436958,0.09033220169351885,0.06345798631755403,0.0768156563874034,0.6852628695815133,-0.04510992898973121,0.04494680851063837,-0.008899729504810328,-0.07981163777473921,0.012552329849532473,0.08039331014797917,0.012552329849532473,0.13829539890088616,0.06756435955529838,-0.012113599570801492,-0.051530410521274383,0.04990206511461159,-0.06260986087747789,-0.051530410521274383,0.21141498022398303,-0.27723729098391015,1.0491110031191238,0.8791767589105249,0.010217091797761693,-0.10070130053505588,0.10070130053505588,0.12469727380371531,144693571.81258428,1.0368680537225075,0.031746031746031744,0.0,0.0,0.018601217585131072,-0.09885321100917432,-0.16198929236553972,-0.06775354459773675,-0.032871147034590265,-0.06123034149366646,1.0783120454244532,0.9881376535188833,-0.028549687034181703,0.058930165004498054,-0.09661136881830334,-0.040466882553741756,0.18587113709845413,1.1932879167770327,-0.008162234937731383,0.009351799714604349,-0.04791928330452755,-0.10070130053505588,0.10070130053505588,0.0,0.6349206349206349,0.0,150028142.19147214,18.82633345573834,0.0,0.0,0.0,0.018281474441580754,-0.0473532269140039,-0.05635575824389283,-0.31588200420256524,-0.07006192789863919,0.6666666666666666,0.02327666542628226,-0.07006192789863919,0.0768156563874034,-0.013230351747766655,-0.07006192789863919,-0.034830222299539804,0.22179778197719255,0.01114358881933642,-0.05833989656821281,0.05833989656821281,0.0,167044425.65147763,-0.025369737568997963,0.021986247832035136,-0.019929920664811585,-0.05683157615087253,0.011079450356203502,0.12422069324193408,0.29526683032764733,2.0,7.0,2.0,0.0,1.0,1.0,63.0,126.0,0.39769975786924944,0.1922069170569134,0.44406928495232334,0.6732626454700172,0.6732626454700172,1.0,0.26839368843167105,0.3511021641888243,1,1,1,1,1,0
yearly_top_future_return_examples,2021-12-31,MOS,35.01591110229492,0.4472585668682105,0.7214557678648033,0.8189086376133896,0.833049253482762,0.2511003098647584,0.094280160157733,0.2368627285057765,-0.010377346081019034,0.026931400184031284,0.12201331938082571,-0.019653207302718245,-0.021309958301477083,0.11167644665731391,-0.13450261642766903,0.6113308532150931,-0.07284433687975589,0.07284433687975589,0.03896084367095498,0.2637941286898078,0.019256739839285653,0.030419234342027757,0.8728331701556665,0.08333470153468725,-0.46995096362184974,-0.41569508485128936,-0.042442307900357745,0.22648538242475746,0.2423807465401139,0.22648538242475746,0.2637941286898078,0.1125995661369279,-0.018708633989695578,0.10236011207810747,0.16377369339733394,-0.010496332044121814,0.10236011207810747,0.3874542357220727,0.2705952659912769,0.8499066504535585,0.9763154123966298,0.018973208553620616,-0.07284433687975589,0.07284433687975589,0.37090273191529777,138440916.82611343,1.2406715187266604,0.23015873015873015,0.023809523809523808,0.015873015873015872,0.032506745382871134,-0.7579072099170541,-0.7214284534628891,0.12141040982287676,-0.04134082320488652,0.04379279195509911,0.9494586148777355,0.4180482686253935,-0.1768100593214409,0.1293334925371079,-0.0527710685227345,0.014419135159265961,0.3782775419338164,0.8705246682188835,-0.5736659863789585,0.01754434781493644,0.07861631004520375,-0.07284433687975589,0.07284433687975589,0.16864961624129715,0.7936507936507936,0.3333333333333333,171759702.53256541,18.961606985476983,0.1746031746031746,0.015873015873015872,0.031746031746031744,0.03159409261194985,0.07242444007958393,0.13177635801048382,0.4575794676756523,0.15068088744677866,0.6666666666666666,0.043225560616691715,-0.1768100593214409,0.16377369339733394,0.1391573693931818,0.15068088744677866,0.05714905201597942,0.32929993168659033,0.016015127467343973,-0.017749970412257343,0.017749970412257343,0.14181944790150247,130122701.49658749,0.01906373065748901,0.030923891248910266,-0.009429145811721162,0.01152351805359686,0.11285644412222928,0.1251862818484626,0.2741972009965927,1.0,3.0,1.0,0.0,1.0,0.0,63.0,126.0,0.738861985472155,0.016798175790925907,0.33443626037139795,0.696237617808328,0.696237617808328,0.9975845410628019,0.1868377768122419,0.27572116090655213,1,1,1,1,1,0
yearly_top_future_return_examples,2021-12-31,OXY,27.101497650146484,0.40291290338348995,0.6771101043800827,1.019866178086414,1.0607118195752037,0.0901958341124196,0.11791277693615831,-0.07223960563528153,0.20151453495918392,0.18377479726004686,-0.05366564533945828,0.034038374909773905,-0.1653342140174776,-0.19742588748374412,0.05261233520559716,-0.14298435588653177,-0.1798805137764471,0.1798805137764471,0.019731212146905763,0.11153519162476533,0.11157656728410142,-0.015708962661340364,0.9016379799827027,-0.014962277378813726,-0.548071960672898,-0.556942074515528,-0.08816400735840757,0.1292749293239024,0.05619017177112873,-0.07223960563528153,0.1292749293239024,0.15188325344264575,-0.027311098481972218,-0.019627270429684374,0.13353632608148613,-0.13248371455191366,-0.019627270429684374,0.5052273389447499,-0.04506504438402099,0.8031845899280838,0.8620515956579544,0.024830314209643864,-0.1798805137764471,0.1798805137764471,0.32168868568018283,431347030.19315636,1.0563619537210507,0.30158730158730157,0.0873015873015873,0.06349206349206349,0.04085265275221168,-0.5828023638568596,-0.5919564844055747,-0.01839870590837367,-0.08830322966560789,-0.06643241271888223,0.8810518083600958,0.5506060189056727,-0.1157172804442913,0.12819513243722766,-0.13512014832435115,-0.07449504857243638,0.43553203370734384,0.9317128974340095,-0.3922790586816777,0.020995486211041695,-0.0495226535276706,-0.1798805137764471,0.1798805137764471,0.07449957164423204,0.7301587301587301,0.12698412698412698,455658591.5466157,19.93725438650676,0.2698412698412698,0.031746031746031744,0.06349206349206349,0.039066952876238466,-0.018477820244914178,-0.02648418117393947,-0.05407201795952819,-0.02194192813109419,0.3333333333333333,-0.005547134288345264,-0.1653342140174776,0.15188325344264575,-0.03346544618469105,-0.02194192813109419,-0.007974427854137267,0.405790813050796,0.019345552191955457,-0.0681417786981744,0.0681417786981744,0.07449957164423204,349342461.80683315,0.007541755647105575,0.040309464909285116,-0.009498462619795256,0.01152351805359686,0.11285644412222928,0.1251862818484626,0.2741972009965927,1.0,3.0,1.0,0.0,1.0,0.0,63.0,126.0,0.9064164648910411,0.29941368105685195,0.5084513396096415,0.9618979251868007,0.9618979251868007,1.0,0.1868377768122419,0.27572116090655213,1,1,1,1,1,0
historical_mega100_examples,2022-02-28,EQT,21.739574432373047,0.19899264134659034,0.3082771287227244,1.0907700740090551,1.1132041616271482,0.11466745686430402,0.26559289603166647,0.2697354451850684,-0.10076229419891569,-0.13218626537176426,0.06001060099722455,0.1378410468924678,0.11620268179830173,0.3548048703757737,-0.07188379729537608,0.5465003918964928,-0.056194049544976976,0.056194049544976976,0.020211930128298583,0.13754917981330417,0.0690576023445106,-0.026881687698591783,0.9627408424082102,0.0891258422456489,0.6560656792536015,0.9837210029074892,0.08140038709080022,0.16897315098615273,0.19208592532817512,0.13754917981330417,0.2697354451850684,-0.02410857551051182,0.03189047135673051,0.19785164788969234,0.12249106692449985,0.3161214237051476,0.19785164788969234,0.49356862169671845,0.43108890134683686,0.7935905875093843,0.9298765338402832,0.024183376888565814,-0.056194049544976976,0.056194049544976976,0.28516035190880373,165269378.70043042,0.9698591249175095,0.30158730158730157,0.07142857142857142,0.03968253968253968,0.044636935070363135,0.8617317687402883,1.0390787696599304,0.08208665464710108,-0.0036469440981491408,0.05447299970147634,0.9917661593890141,1.178589297475457,-0.02567634206922431,0.07551403604390354,0.0671369093133829,0.009579282639121223,0.45895787915567055,0.8534365140197122,0.6454259521620225,0.022917665993369616,0.060961077214647164,-0.056194049544976976,0.056194049544976976,0.26766078629060286,0.49206349206349204,0.9523809523809523,160288015.00205994,18.892482854972652,0.31746031746031744,0.047619047619047616,0.031746031746031744,0.04417045086470843,0.06333963812387644,0.10744403646178435,0.24319950624183354,0.09525915811150454,0.5,0.0428810502593297,-0.026881687698591783,0.12249106692449985,0.14001867931066336,0.09525915811150454,0.04747798800597147,0.3916914124684958,0.020187313981147877,-0.011955566859580657,0.011955566859580657,0.10095803786056812,201214122.13479906,0.022129981581963776,0.04163969270840663,0.03701716478522088,-0.044759521199158825,-0.11826977581545528,-0.08506942519070526,0.10928448737613405,1.0,3.0,1.0,0.0,1.0,0.0,63.0,126.0,0.7300242130750605,0.48703582920139477,0.7178049654854386,1.0693068959460414,1.0693068959460414,1.0,0.17128380999090925,0.21342964736418266,1,1,1,1,1,1
yearly_top_future_return_examples,2022-05-31,LEU,25.59000015258789,0.23293381883055797,0.16054426476248973,0.8142947705465838,0.8321848847652477,-0.11483914605144518,-0.5484383098743244,-0.5388358374745151,0.12778864997745076,0.051558743321503675,-0.184177345676114,-0.2505476401019835,-0.10055868917409028,-0.3235989102137967,0.10411085169641765,-0.5398596624221411,-0.7010164593118551,0.7010164593118551,-0.1390349511082446,-0.48727709415301146,0.06429002222316012,-0.12943296141499816,0.9485817199459702,-0.28505373486598196,-0.4242424242424242,-0.6745386281752683,-0.23210593513441646,-0.41104718749706437,-0.47905337304153034,-0.5388358374745151,-0.41104718749706437,0.04188721893824643,-0.1918204821341406,-0.4347249857780975,-0.25557763591407245,-0.32475126730321835,-0.4347249857780975,0.998103535013095,-0.4103213060274652,1.2231805355511838,1.0614876356363365,0.046370446606685836,-0.5690468222923504,0.5690468222923504,0.3735910523538044,7844528.441277761,1.0592952680941974,0.5634920634920635,0.19047619047619047,0.1984126984126984,0.0974783187233481,0.0,-0.07817003092227115,-0.043591806538903266,-0.20029654853705636,-0.11690408100877547,0.6125390122295589,0.8318013834928456,-0.17626113945344324,0.09989087653704712,-0.240652831654244,-0.23342994490338143,1.0594745615013197,1.1523266917922375,-0.16669831023352943,0.048689500584484756,-0.2159491174624425,-0.48593811209110405,0.48593811209110405,0.3735910523538044,0.9047619047619048,0.19047619047619047,8309671.858275883,15.932930798821568,0.5555555555555556,0.19047619047619047,0.20634920634920634,0.10414786971142252,-0.018324097827485453,-0.15214517505643665,-0.06402861805887856,-0.07817003092227115,0.16666666666666666,-0.11635220632343814,-0.25557763591407245,0.04188721893824643,-0.06230421981827383,-0.07817003092227115,0.06914561160496735,1.2208608164928472,0.05346489418892648,-0.16098360155449543,0.16098360155449543,0.3735910523538044,5057533.994311378,0.06452016379887038,0.08474294130343049,0.049372594461546404,-0.015865811103997318,-0.10997371847487913,-0.2152369272607184,-0.07238955406806824,1.0,3.0,1.0,0.0,0.0,1.0,63.0,126.0,0.6451690821256039,-0.03282532815862227,0.2954279534276001,0.9464635043487399,0.9464635043487399,1.0,0.12970788201906872,0.1839310246624201,1,1,1,1,1,0
yearly_top_future_return_examples,2022-06-30,FSLR,68.12999725341797,-0.04244986562797981,-0.2472655436371265,0.9009594910132122,0.935740559569944,-0.2862979477599863,-0.34237453420005026,-0.21833416256456883,0.12323516435705595,0.08756100156457891,-0.03923824752920024,-0.14717208216469735,-0.10073435107608075,0.07495234935013395,0.03192383287067124,-0.4324029664325684,-0.4375928875954761,0.4375928875954761,-0.02934037890297525,-0.13077316099998992,0.06341198706349735,-0.03942327693505854,0.852062940339578,-0.05929886647132254,-0.5329775405826107,-0.6200353512170611,-0.13438525215408126,-0.09509899820751289,-0.14806877392402387,-0.21833416256456883,-0.09509899820751289,0.11223265832766804,-0.06580639813211653,-0.1864103296938976,-0.12789586049304624,0.039002653032490175,-0.1864103296938976,0.5049321570707059,-0.3886510775157068,1.0511950457318735,0.94989820815823,0.02412320552652419,-0.23086480192944958,0.23086480192944958,0.10960904821317463,116859098.46459647,0.8587222578256708,0.30952380952380953,0.07936507936507936,0.06349206349206349,0.04347327042584888,-0.2647903101589302,-0.29061275008380194,-0.023757450579027006,-0.02431136360609165,-0.01477907676589929,0.9136852035428062,0.49499163308114735,-0.03313704244003568,0.08320830420020496,-0.06709573610547559,0.00780144781562675,0.4796341512429335,1.1066396764449629,-0.3700407934730443,0.022820864679483705,0.010650498891775273,-0.18902516937282676,0.18902516937282676,0.10960904821317463,0.9682539682539683,0.5238095238095238,100349508.88099065,18.424169749098937,0.2698412698412698,0.031746031746031744,0.06349206349206349,0.042202107583780346,-0.0006258966279333311,0.006093792489678895,-0.06617130779397057,-0.03512255113293428,0.16666666666666666,-0.03734673729158124,-0.12789586049304624,0.11223265832766804,0.053956256782047074,-0.03512255113293428,-0.004907576928718904,0.5307821819434343,0.02553715948668607,-0.09075140830191752,0.09075140830191752,0.09975781136996531,104803617.9221017,0.005564307513239886,0.04530204947100479,-0.008037068802627556,-0.08907880791498135,-0.22541298272638777,-0.2932865119147028,-0.20481567800914668,3.0,10.0,3.0,1.0,1.0,1.0,63.0,126.0,0.6123188405797102,0.45559962082590766,0.8721562922910411,0.9414356319502886,0.9414356319502886,0.9975903614457832,0.23626557410496635,0.3112099763865412,1,1,1,1,1,0
yearly_top_future_return_examples,2022-06-30,LEU,24.75,0.17999301521960342,-0.02482266278954326,1.0377053238583411,1.071615231277738,-0.3598034118549859,-0.5539737024444104,-0.5041073917918812,0.05082706817207994,0.07372763495446455,-0.3247845949515298,0.05920594331001583,-0.12943296141499816,-0.21082087987717846,0.2385287401503673,-0.4996101376123165,-0.7108306921489702,0.7108306921489702,-0.09625652095054005,-0.4303797568374167,0.03773502125325691,0.04188721893824643,0.8190309667326187,-0.23487368330170888,-0.34899615548910723,-0.521888878727752,0.048343595218635516,-0.4532803236198013,-0.46258915741636636,-0.5041073917918812,-0.4303797568374167,-0.25557763591407245,-0.0827535701299934,-0.26557865164151395,-0.17626113945344324,-0.040165668915126185,-0.26557865164151395,1.0090015270728043,-0.24542644181910836,1.232082335150272,1.0724572440606557,0.04857494589746615,-0.5304496218955377,0.5304496218955377,0.3285024753045436,7403085.143693288,0.7972494012757685,0.6031746031746031,0.20634920634920634,0.1984126984126984,0.09666505535184189,0.041695146958304896,0.007501161918154198,0.1736291053040382,0.01888674652911959,-0.06883474512313681,0.783563247252378,0.8565807962529275,-0.07817003092227115,0.10569163218498985,-0.10842940216370023,0.1622728272367473,1.0821109969774927,1.148840517394639,0.02741573033707856,0.05170526388840785,0.10769999318911738,-0.31230900678706586,0.31230900678706586,0.3285024753045436,0.7777777777777778,0.5238095238095238,5902105.19840301,15.590819827952927,0.5873015873015873,0.2222222222222222,0.20634920634920634,0.09406370680658867,-0.06814759169982487,0.08127614059385402,-0.026404474097294593,-0.03282532815862227,0.16666666666666666,-0.10506331282086014,-0.25557763591407245,0.04188721893824643,0.05625347975635908,-0.03282532815862227,-0.11032028640547908,1.2431729576460513,0.06499616674880097,-0.28281654002409085,0.28281654002409085,0.012269907063368057,6470549.776286171,-0.0705272669303676,0.10386724871130386,-0.06136225836790621,-0.08907880791498135,-0.22541298272638777,-0.2932865119147028,-0.20481567800914668,1.0,3.0,1.0,0.0,0.0,1.0,63.0,126.0,0.643840579710145,0.33939400104561246,1.012525308011758,0.655757557262074,1.012525308011758,1.0,0.23626557410496635,0.3112099763865412,1,1,1,1,1,1
historical_mega100_examples,2022-12-31,CVNA,0.9480000138282776,-0.6537803820493309,-0.9795504556089494,1.1277097649869972,1.2056881366386147,-0.9602648997522717,-0.8389945631817737,-0.7900797039259242,-0.06624039205724674,-0.04731308745757101,-0.10097428521409846,-0.6655281711432626,0.29096549814808514,-0.7441154451526502,0.023577247568563164,-0.4508315776735457,-0.9802195042401755,0.9802195042401755,-0.20157014539992169,-0.8373927913834952,0.03411881358838655,0.1317324418414061,1.4369058813953528,-0.7620876018345791,0.08031602750135036,-0.7477488612206611,-0.16807964164331302,-0.8563200959831709,-0.8279308637641968,-0.8563200959831709,-0.7900797039259242,-0.3846620320908948,-0.45335982765793736,-0.766502456357361,-0.33349750547217627,-0.7652207035118732,-0.766502456357361,1.7524941531447769,-0.395275928536823,1.22457208827318,1.1065132166987466,0.07676437256754087,-0.9131709109161815,0.9131709109161815,0.2741935367576789,263267895.8337508,0.6979621920964689,0.7222222222222222,0.23809523809523808,0.2857142857142857,0.12344579879407358,-0.31103417271437495,-0.5764334692832678,0.021427600934529334,-0.45520655778069585,-0.4294243595001125,0.24020955299669008,0.9891974359977422,-0.43015520908013516,0.3127189303440281,-0.6496674122606882,-0.4429013188545713,1.9391579426419727,1.1066944974472688,-0.14666499540805622,0.08422514076807523,-0.44631089109482813,-0.7962166758525131,0.7962166758525131,0.2741935367576789,0.9682539682539683,0.047619047619047616,183751037.68474954,19.029092348747362,0.7142857142857143,0.23809523809523808,0.3333333333333333,0.13843507092198695,-0.19227491099017147,-0.46153846272597054,-0.1794986356900359,-0.3852140208673457,0.3333333333333333,-0.18513847125351013,-0.43015520908013516,0.29096549814808514,-0.2950773424774028,-0.3852140208673457,-0.04319740153586993,2.1460554248030377,0.08822953659382297,-0.416974177992954,0.416974177992954,0.2741935367576789,125666630.39861263,0.10618437342603237,0.12383967762761877,0.13997115869136056,-0.09013667838994288,-0.0012817528454878158,-0.045964258773274036,-0.3257700735596185,1.0,3.0,1.0,0.0,1.0,0.0,63.0,126.0,0.8165458937198067,1.1455695044534036,0.9873416838098135,1.0654007554071252,1.1455695044534036,1.0,0.2991265527726069,0.38053160400938496,1,1,1,1,1,1
yearly_top_future_return_examples,2022-12-31,COIN,35.38999938964844,-0.5339993123643494,-0.8597693859239679,0.8890128252324581,0.9586383009764059,-0.813599498178244,-0.5468629951206065,-0.24734157709254034,-0.2228680370862547,-0.19055550193749404,0.3715439650345922,-0.8227767055844173,0.3390046463531471,-0.2013773183192663,-0.20389116345728475,-0.2317103185727703,-0.8597693859239679,0.8597693859239679,-0.09463203869538794,-0.4378970790300344,0.12043370320157504,0.0609911693634726,1.1826526733045437,-0.4120139325444183,-0.17750702721761358,-0.5486427854091825,-0.1863746832610489,-0.47020961417879503,-0.38514942343378994,-0.47020961417879503,-0.24734157709254034,-0.03458091440801958,-0.196109545086794,-0.4512327405498251,0.027291086905419704,-0.4499509877043373,-0.4512327405498251,1.067460347109492,-0.4699207554753941,0.7066231988857191,0.899547757013663,0.05208991581631402,-0.6389512283037626,0.6389512283037626,0.08791886620579148,863406457.068416,0.8569895633598875,0.626984126984127,0.23015873015873015,0.2222222222222222,0.0904089655777687,-0.4603828384534817,-0.5823955563319648,-0.08241499536492514,-0.2772813201012567,-0.2708144553032298,0.534306721340329,0.8309130786101812,-0.3097358559662441,0.22988337165867162,-0.4658113299675708,-0.2289283792444181,0.9602315609433695,0.7855316111637933,-0.272047733248577,0.0488798664663334,-0.22594160450843992,-0.5284477288396388,0.5284477288396388,0.08791886620579148,0.7301587301587301,0.031746031746031744,739930322.6451693,20.422066582493162,0.6507936507936508,0.19047619047619047,0.23809523809523808,0.08723457816338136,-0.12423390839874382,-0.22766725809421184,-0.2997641588077239,-0.22610978036502805,0.5,-0.023856608019542053,-0.3097358559662441,0.3390046463531471,-0.13597310197508516,-0.22610978036502805,-0.07738833244026055,0.7542922451581693,0.04017385201866854,-0.257604347618723,0.257604347618723,0.08791886620579148,433418102.6336488,0.018945048391804997,0.08178260746242448,0.03576443918401484,-0.09013667838994288,-0.0012817528454878158,-0.045964258773274036,-0.3257700735596185,2.0,7.0,2.0,0.0,1.0,1.0,63.0,126.0,0.9620772946859903,0.6524442088388875,0.8318734939005803,0.9092964357210025,0.9092964357210025,0.9951923076923077,0.2991265527726069,0.38053160400938496,1,1,1,1,1,0
yearly_top_future_return_examples,2022-12-31,MSTR,14.156999588012695,-0.41422516516248975,-0.7399952387221083,0.9146426465582949,0.9924843787317588,-0.7088953858180518,-0.4651479216644584,-0.13834453286327963,-0.25028046696168516,-0.36675932148639323,0.29190501752253173,-0.6249399887860501,0.7410834065083425,-0.0923802740900056,-0.1946904384002387,-0.14149744691112964,-0.7464084918525471,0.7464084918525471,-0.07811557296137539,-0.5051038543496729,0.18740332422839018,-0.19051949211426777,0.8328178256492365,-0.3596627037292691,0.7558662006989516,0.1711013510065933,-0.09595059727158584,-0.3886249998249648,-0.34402446234597245,-0.5051038543496729,-0.13834453286327963,-0.08334774113533039,-0.07589663770371324,-0.33303497126351833,0.26029396316874376,-0.3317532184180305,-0.33303497126351833,0.9777175198798446,-0.3508824080985849,0.6338212798805826,0.9707666495932057,0.045063064298260604,-0.5987699969155054,0.5987699969155054,0.036156003611161,142283770.08433568,0.8420675295469167,0.5873015873015873,0.18253968253968253,0.15873015873015872,0.07804373861109583,0.06382335148215357,-0.23971191190620134,-0.20186436359722437,-0.16473040411510753,-0.2872814364594959,0.6277888201539479,1.1499100866437797,-0.25950430181954987,0.4008473016298461,-0.47078614336964797,-0.07852001599540759,0.9491355610223352,0.6529079672712097,0.22936207398776576,0.04278335014166773,-0.10224700848294865,-0.4943748237342587,0.4943748237342587,0.036156003611161,0.6825396825396826,0.015873015873015872,119812542.76953803,18.60143894408703,0.5555555555555556,0.15873015873015872,0.1746031746031746,0.07971817463634781,-0.20527758951317543,-0.2067892784167934,-0.4604255548712421,-0.2853248736883428,0.3333333333333333,0.030446826819932566,-0.2853248736883428,0.7410834065083425,-0.19518819529839992,-0.2853248736883428,-0.20481929956771483,0.6196981698119121,0.030772322986575274,-0.31588869136013664,0.31588869136013664,0.036156003611161,85210278.51386297,-0.1008917002678944,0.07888578821306284,-0.025939206471053522,-0.09013667838994288,-0.0012817528454878158,-0.045964258773274036,-0.3257700735596185,2.0,8.0,2.0,1.0,0.0,1.0,63.0,126.0,0.7457729468599034,0.7781310354072737,0.8525817649273919,1.0648443315421203,1.0648443315421203,0.9975961538461539,0.2991265527726069,0.38053160400938496,1,1,1,1,1,1
yearly_top_future_return_examples,2022-12-31,NVDA,14.581599235534668,-0.1768763242140986,-0.5026463977737171,1.094036794117524,1.0833560175527077,-0.4640045316933533,-0.21673246013970837,-0.03541905408086554,0.004153836338614325,-0.1595333378031143,-0.19898362001229541,0.4031799011594306,0.198166339723008,0.010545204692408494,0.23961533522800071,-0.06032634547790602,-0.5143698413419346,0.5143698413419346,-0.015582527350467945,-0.19495239188397984,0.09332883727751314,-0.1689700598550169,0.8576314016994542,-0.012421903856765337,-0.4510800193763502,-0.3389926006856434,0.17672048618634573,-0.03126521774225122,-0.08721222123569887,-0.19495239188397984,-0.03126521774225122,-0.19553415217748582,0.12074261136464726,0.20419628114713517,0.1118706927002382,0.205478033992623,0.20419628114713517,0.5871241461798387,0.32890407803392546,0.9188611955736297,1.0574226980513004,0.028284026190179355,-0.23902770392528516,0.23902770392528516,0.30201655298866403,8033846696.389335,0.914390084427132,0.3412698412698413,0.07936507936507936,0.07936507936507936,0.04430294102844579,-0.45074986998008126,-0.5256904776411417,-0.19134574355669798,0.1065173946254252,-0.04591484993669104,1.027902293556302,0.6343139127601307,0.25415531591365936,0.20055622917943375,0.08303626406653386,0.049870371299079785,0.6208383987445512,0.8689629958454433,-0.31616608999588147,0.02962821280886296,-0.03863839801341973,-0.19134574355669798,0.19134574355669798,0.30201655298866403,0.19047619047619047,0.8412698412698413,7346069758.986079,22.717431280621433,0.38095238095238093,0.1111111111111111,0.07936507936507936,0.04623885518168508,-0.09426269808352405,-0.10573437118517348,-0.2529106915087079,-0.13644167486741,0.5,0.010541076906165478,-0.19553415217748582,0.25415531591365936,-0.04630499647746711,-0.13644167486741,-0.09602080483323294,0.5394855949089531,0.026879914097241636,-0.19134574355669798,0.19134574355669798,0.04117966788839689,6941316256.773767,-0.04689235874083919,0.05153078675557716,0.006751063909360644,-0.09013667838994288,-0.0012817528454878158,-0.045964258773274036,-0.3257700735596185,2.0,8.0,2.0,0.0,1.0,1.0,63.0,126.0,0.9528985507246377,0.3368687791920364,0.5886135403630433,0.9010345054240001,0.9010345054240001,0.9927884615384616,0.2991265527726069,0.38053160400938496,1,1,1,1,1,0
historical_mega100_examples,2023-02-28,SMCI,9.79699993133545,1.6407895066387561,1.4935098443998638,1.1815767456377089,1.2430851182056826,0.95705150803322,0.8139233271279465,0.5053780095858338,-0.09756082671560029,0.27363052239645813,0.38644743489373923,-0.300666631598294,-0.15381068582709967,0.5203422356528895,-0.41959720629038855,0.7980032534959202,-0.03124690866840263,0.03124690866840263,0.08242749414129547,0.7790085319822919,0.19242955219682345,0.26366445418380224,1.6703398873733477,0.23319725732720942,0.40349746151986454,0.5238906011921569,0.007530157186531827,0.4078171828702335,0.5640679081461197,0.4078171828702335,0.7790085319822919,0.296594283668838,0.0007618940203886204,0.08578080329544524,-0.09010304185439189,0.08270328368133884,0.08578080329544524,0.6333031944066098,0.1353682109082147,0.9556956015455169,1.0006028629003836,0.03137320714055845,-0.03124690866840263,0.03124690866840263,0.8786192990759143,87787208.62129,1.4301476908858641,0.42063492063492064,0.1349206349206349,0.06349206349206349,0.0520521980337653,0.10817001781623814,0.5010012285633463,0.1982194025098245,0.05378597349945324,0.1764380932434646,1.1728613763721512,1.6312207305650954,-0.11900124628157038,0.23593751425530174,0.19330083871067405,0.1235515199546473,0.6336849894072119,0.9551197952555355,0.32193097864588616,0.02993137264984969,0.22560627265551614,-0.03124690866840263,0.03124690866840263,0.38258537663036285,0.015873015873015872,0.42857142857142855,125548673.69905351,18.648204087550813,0.4126984126984127,0.12698412698412698,0.06349206349206349,0.054123864789548774,0.15948146376051042,0.258923873614352,0.5856906942106493,0.35448640951432875,0.5,0.09197169556731784,-0.15381068582709967,0.35448640951432875,0.35808420707622335,0.35448640951432875,0.10308563886815914,0.6052450773391224,0.03176532081542632,-0.03124690866840263,0.03124690866840263,0.35824208718365735,136005450.05664372,0.04218968996535244,0.05566571672848006,0.02427651945083653,-0.0035977975618946,0.0030775196141064054,-0.01496422606705572,-0.14727966223889233,3.0,11.0,3.0,1.0,1.0,1.0,63.0,126.0,0.727778941854374,0.08757781031430367,0.07614578903189817,1.2859039108629413,1.2859039108629413,1.0,0.18748949676245663,0.2916014083591828,1,1,1,1,1,1
historical_mega100_examples,2023-03-31,CVNA,1.9579999446868896,-0.8099591773798068,-0.9179310939321642,1.8350989081161073,2.172510015823219,-0.5664304619133166,-0.703243417706818,-0.5177339969747853,0.7875134226890784,0.24131118833529275,-0.766502456357361,1.8319032117644862,-0.33349750547217627,-0.7232879556276858,1.5831347523819104,-0.2720843175399166,-0.92636883219219,0.92636883219219,-0.16804046179513232,-0.27642280863949253,0.40347353513878415,-0.43015520908013516,1.9565239231567926,0.2451351606218215,0.14380868445137462,1.3624233209070988,0.4737252826391596,0.26977942571429314,-0.17479245996666157,-0.5177339969747853,0.26977942571429314,-0.3852140208673457,0.1580259678348126,1.0654007554071252,1.1455695044534036,0.8582995914024703,1.0654007554071252,1.902843947993549,0.5779254397091255,0.6168508388550126,0.9688086661081122,0.08298269322425808,-0.5791057683664054,0.5791057683664054,1.6317202933541863,222692490.61189118,1.1630482777098672,0.7222222222222222,0.2777777777777778,0.30158730158730157,0.14554556230043014,-0.33263782447466006,-0.30642508397560075,0.025605535732715068,-0.1575874886850186,0.043554237356867365,0.7883094163846457,0.571197227255447,-0.07374630386718695,0.5939220498168764,-0.037364787707822145,-0.2830332060112718,1.8434917070675243,0.6367106947267711,-0.5962665911556378,0.08184009423646994,-0.16248457291543372,-0.3224913932133535,0.3224913932133535,1.2199545126019555,0.6190476190476191,0.9206349206349206,259002117.66508082,19.37234679980441,0.7301587301587301,0.3333333333333333,0.25396825396825395,0.15241598394314093,0.14342440436236648,-0.07308895038058516,0.033463202911482304,0.03927813331408081,0.3333333333333333,-0.006294233586559968,-0.43015520908013516,1.1455695044534036,-0.055649280693928604,0.03927813331408081,0.22031782028685853,1.1737708855300046,0.061434623821991385,-0.029732381628063465,0.029732381628063465,0.43338203809303866,105835675.05310547,0.20211195123848236,0.10540639453398341,0.18037131523246486,0.09492741400800941,0.20710116400465495,0.2055539586529005,-0.10797191655235738,1.0,3.0,1.0,0.0,1.0,0.0,63.0,126.0,0.8574698795180722,-0.29111335513032843,0.3197140876525595,1.6475996740070284,1.6475996740070284,1.0,0.24094359455956338,0.3409497551724354,1,1,1,1,1,1
historical_mega100_examples,2023-03-31,SMCI,10.654999732971191,1.9067636034029805,1.798791686850623,0.9603297619562733,1.0294275614927477,1.6406443955146344,0.637215719360666,0.9348102037437649,-0.7539390952143987,-0.40369947467490475,0.49082986810304874,-0.1930223548918717,0.26366445418380224,0.7292562450908644,-0.6370026905325878,1.4466798145122275,-0.06535086934109291,0.06535086934109291,0.0987916979990433,0.5311107290688601,0.37728530692769474,0.296594283668838,1.7530693677102516,0.20867612608434505,0.9649561952440551,1.5501349133185833,0.06003530678051572,0.18087110852936616,0.5489306804473304,0.18087110852936616,0.9348102037437649,-0.09010304185439189,0.10127530710637811,0.29780751321117704,-0.11900124628157038,0.0907063492065221,0.29780751321117704,0.6461762957955918,0.45126493435255893,1.004624826830586,1.0212993131607508,0.03215196726999409,-0.06535086934109291,0.06535086934109291,1.0326210460926508,108917392.3470482,1.264774435774693,0.46825396825396826,0.15079365079365079,0.06349206349206349,0.05356175877189973,-0.2788240698208544,-0.21566506100438365,-0.03410396067269028,0.1613993276586947,0.15100839456959703,1.2246930101399156,1.061887047683463,0.35448640951432875,0.20407424108739997,0.4731093633600769,0.11261707270995869,0.6599394070767961,0.9836732619759039,-0.17534798214129388,0.033208068263051393,0.12449058207014319,-0.06535086934109291,0.06535086934109291,0.5036691764882268,0.09523809523809523,0.7936507936507936,137755933.45178875,18.740994086389026,0.5079365079365079,0.12698412698412698,0.07936507936507936,0.05585531591421586,0.07029848935087246,0.06348088886517611,0.1349084503022849,0.08757781031430367,0.6666666666666666,0.13220311159088508,-0.11900124628157038,0.35448640951432875,-0.007349603693705742,0.08757781031430367,0.049717481139250674,0.6491647492656759,0.031968461547096365,-0.06535086934109291,0.06535086934109291,0.1934362898481865,155192395.3875133,-0.007322810764059606,0.0577059667740806,0.006670188088394591,0.09492741400800941,0.20710116400465495,0.2055539586529005,-0.10797191655235738,3.0,11.0,3.0,1.0,1.0,1.0,63.0,126.0,0.7386746987951808,-0.010511451386730375,1.1018302223381409,1.3392773216062865,1.3392773216062865,0.9975961538461539,0.24094359455956338,0.3409497551724354,1,1,1,1,1,1
historical_mega100_examples,2023-04-30,CVNA,1.3880000114440918,-0.9178947769974971,-0.8802622489190334,2.0230770299653043,2.3736255635193495,-0.761921092691583,-0.6581280711807487,-0.4870657925122295,0.9512008043240716,0.3871954693313733,-0.24833708333028626,-0.06926367079450768,-0.43015520908013516,-0.6521415373853883,0.16946503838743554,-0.26011829135757747,-0.8921857965636463,0.8921857965636463,0.0016945960432690477,-0.0998703231808562,0.47833135647403274,-0.3852140208673457,0.829408540421866,-0.12383693271038776,-0.8763729495884156,-0.9156369940293587,-0.18529908812771634,0.46413501181184214,-0.04093370129374785,-0.4870657925122295,0.46413501181184214,1.1455695044534036,-0.07056768933283475,-0.31760075412479394,-0.07374630386718695,-0.4141298170316047,-0.31760075412479394,1.8724780559267686,-0.21703875501730324,0.5132913359184226,0.7814973300767375,0.08046462076231042,-0.5458115137293916,0.5458115137293916,0.8655913689912771,202693778.08031937,1.1506603488054765,0.6984126984126984,0.25396825396825395,0.29365079365079366,0.14261538218338704,-0.3902455287685036,-0.5677531986944238,-0.19723180365133497,-0.03612755089868469,-0.19504499735871839,0.632154279355624,0.3592554815259952,0.03927813331408081,0.5894874985031792,-0.26326961098856594,0.07249520270138499,1.4633366013340496,0.6568049770151114,-0.4114701150110244,0.06648075040089282,0.0317154646914497,-0.5197231968646885,0.5197231968646885,0.01610538380022608,0.9206349206349206,0.5079365079365079,233231693.38660014,19.267542913954298,0.6666666666666666,0.25396825396825395,0.2857142857142857,0.13437174120062184,-0.1750861720351341,-0.04239654614463262,-0.3028875757042239,-0.29111335513032843,0.3333333333333333,0.0007697914704146899,-0.43015520908013516,1.1455695044534036,-0.2961922154279546,-0.29111335513032843,-0.19810502892089044,0.9611267628045818,0.0484996247062707,-0.29111335513032843,0.29111335513032843,0.0,85928592.94696365,-0.13627877603379357,0.11106422436002801,-0.08006362274343215,0.005078860297626164,0.09652906290681074,0.1650757448731588,0.037632528078463734,1.0,3.0,1.0,0.0,1.0,0.0,63.0,126.0,0.842289156626506,0.8616715340929977,2.7348702972021544,5.621037107068836,5.621037107068836,1.0,0.28674028870677515,0.4431740572699804,1,1,1,1,1,1
historical_mega100_examples,2023-04-30,PLTR,7.75,-0.292440193052664,-0.25480766497420027,1.3624641611080965,1.4229845499422262,-0.25120775706681875,-0.04674048082311122,-0.11831626466057277,0.3254813593491416,0.1516495979939062,-0.11490327149350277,0.11104720349873232,-0.1467576754779737,-0.28339200953373156,0.11446019666580232,-0.1795793076148544,-0.3231440935283827,0.3231440935283827,0.0192086359273691,0.03333333333333344,0.16286661061092392,-0.14399998982747397,0.8413411107175977,0.005931752622145625,-0.39185047823540897,-0.3941955441423204,-0.1185289477765109,0.2071650946885688,0.040727387787109826,-0.11831626466057277,0.2071650946885688,0.21183802450972666,0.021284010189897673,-0.0038560679947704513,0.00771207469941948,-0.10038513090158119,-0.0038560679947704513,0.6588524381346145,-0.005450133398063089,0.6135141297823221,1.0738642725118828,0.0300440487314314,-0.23343221927001367,0.23343221927001367,0.29166666666666674,286449121.90936744,1.174940512176035,0.38095238095238093,0.0873015873015873,0.07142857142857142,0.05042303402313196,-0.04777113865244431,-0.12665398319277044,-0.06923836132900507,0.0011347564948569477,-0.05547701180966502,0.7939799842583518,0.8057595820617597,0.07780607714349252,0.14082338196182786,-0.01147961107605111,0.027253546840497522,0.707518094170108,0.5713144067520258,-0.11022630723426341,0.030211946762413965,0.0013515131694026294,-0.23343221927001367,0.23343221927001367,0.05442178238877515,0.7936507936507936,0.5396825396825397,336560678.0085677,19.634289014740844,0.38095238095238093,0.09523809523809523,0.07936507936507936,0.04971363151224987,-0.058818765934006034,-0.04020592959105984,-0.20494083235919647,-0.08284021598410107,0.5,-0.012706950822818345,-0.1467576754779737,0.21183802450972666,-0.08791907628172724,-0.08284021598410107,-0.06327431105416548,0.4042152802371192,0.02008333497837735,-0.12031786255724342,0.12031786255724342,0.0012920192735859093,217017763.27679953,-0.04907974903761825,0.04198156084333147,-0.010217116076450816,0.005078860297626164,0.09652906290681074,0.1650757448731588,0.037632528078463734,3.0,11.0,3.0,1.0,1.0,1.0,63.0,126.0,0.8698795180722891,0.8980645210512224,0.9780645062846525,1.56000001968876,1.56000001968876,0.9951923076923077,0.28674028870677515,0.4431740572699804,1,1,1,1,1,1
historical_mega100_examples,2023-04-30,SMCI,10.54300022125244,1.4666430362260277,1.5042755643044914,1.00243979466974,1.008440582080043,0.9520459501154701,0.9144725403445624,0.5150165330725516,-0.23085086044582726,-0.3465580937944863,0.0393734281726954,0.41825141772708485,0.296594283668838,0.3499407881993928,-0.05739168717277132,0.7929275517605977,-0.09017950029870248,0.09017950029870248,0.04960471147617107,0.16845843927806525,0.17643827815615287,-0.09010304185439189,1.541105680758005,0.1464144213152465,-0.04320437770425045,0.39464907150642614,0.13928681087952466,0.2841656726267243,0.3225468816591137,0.16845843927806525,0.5150165330725516,-0.11900124628157038,0.11467935756316394,0.45762484589978025,0.35448640951432875,0.3610957829929695,0.45762484589978025,0.6495127227311259,0.7071827057086795,1.0515784393301435,0.9963003933078249,0.032245624389186385,-0.09017950029870248,0.09017950029870248,0.577821006952745,129073722.92708972,1.1711775540870486,0.46825396825396826,0.1349206349206349,0.0873015873015873,0.05364089407992402,0.19721337579617826,0.18462892559695354,-0.024828630957609565,0.07188574019814564,0.03519243988038245,1.0551003406047996,1.1344398340248962,0.08757781031430367,0.19939313097529066,0.07614578903189817,0.04960872526257343,0.647109781115457,1.0554833124563863,0.0021771488236730363,0.033304408503626017,-0.013226637624595639,-0.09017950029870248,0.09017950029870248,0.4616665026085893,0.12698412698412698,0.9841269841269841,151168247.11465836,18.8339040004151,0.5396825396825397,0.1111111111111111,0.09523809523809523,0.05386320059086654,-0.004976830303312196,-0.0981145040464999,-0.01538981327303116,-0.010511451386730375,0.5,0.08650712732912963,-0.11900124628157038,0.35448640951432875,-0.01559031168435654,-0.010511451386730375,-0.0036902028443587254,0.6830135752946697,0.035046295964033976,-0.09017950029870248,0.09017950029870248,0.13025301711450732,163587593.77620333,0.011580943892239404,0.05310227531069298,0.0741284194728955,0.005078860297626164,0.09652906290681074,0.1650757448731588,0.037632528078463734,3.0,11.0,3.0,1.0,1.0,1.0,63.0,126.0,0.7540963855421687,1.1241582080800994,1.3641277353686347,2.1325998040548937,2.1325998040548937,0.9975961538461539,0.28674028870677515,0.4431740572699804,1,1,1,1,1,1
historical_mega100_examples,2023-05-31,CVNA,2.5840001106262207,-0.6986257312290376,-0.5611412864123844,1.7821690444780567,1.977773939013719,-0.6083661577440616,-0.04508498705746633,0.6757457963265296,-0.40534254539413017,1.049992677232492,0.2217898029521539,0.14976019057169343,-0.3852140208673457,0.4848433878125624,-0.3041958028026823,0.3866123362801704,-0.7633266112601524,0.7633266112601524,0.16667087271847958,1.7257384735590215,0.7510867472720365,1.1455695044534036,0.7507790681631118,0.39840466588702195,-0.12368355995055624,0.20191180767465555,0.2897879457613559,0.2704032509323995,0.8906291736059835,0.2704032509323995,1.7257384735590215,-0.07374630386718695,0.1115221589488109,0.3715499935238473,0.03927813331408081,0.18430136594806545,0.3715499935238473,1.7478640304866782,0.2872835395460881,0.973797739884359,0.7399440290921424,0.07669791308170316,-0.10588234711780409,0.10588234711780409,2.4731183459006467,208718622.1836084,0.7275021391607348,0.7063492063492064,0.2777777777777778,0.2777777777777778,0.1393112315503045,1.1534975273690478,3.0091050454426123,0.4614142136799758,0.1902093908769351,0.3608022169462497,1.104386891658761,0.7703167874455626,-0.29111335513032843,0.6347908243002944,0.3197140876525595,0.3094049041915654,1.2933215530235438,1.3160424323974047,0.34776051304149447,0.06357977314002589,0.5178982186151446,-0.05830898318471267,0.05830898318471267,0.8916544686595209,0.015873015873015872,0.8571428571428571,151843244.12125632,18.838359264576283,0.7142857142857143,0.2698412698412698,0.2698412698412698,0.11675167028811356,0.29398416967965546,0.677232635875753,0.5062503525543246,0.8616715340929977,0.5,0.21607424866593683,-0.3852140208673457,1.1455695044534036,0.7828336014055144,0.8616715340929977,0.15926430186988338,1.7020660425130936,0.08872939257919009,-0.05830898318471267,0.05830898318471267,0.8274399207114922,266412152.40292323,0.08818332812539453,0.11943276890294269,0.0616269903151514,0.07883793268748329,0.18724862757578187,0.19090240851396723,0.13748444481665323,1.0,3.0,1.0,0.0,1.0,0.0,63.0,126.0,0.772289156626506,1.006191870480404,2.5565012333363044,2.8970585385864407,2.8970585385864407,1.0,0.3064587553468335,0.3733639444801952,1,1,1,1,1,1
historical_mega100_examples,2023-09-30,COIN,75.08000183105469,-0.1854045614438895,0.16421157261713315,1.3852654438315406,1.4497780264212852,1.1215033378332175,0.15810581074347696,0.11114403093309067,0.0959299386831527,0.284654454903738,0.058901929479192594,-0.009565820062910069,-0.20393664113561338,-0.00835470603684052,-0.06180792151680814,0.13812605313622245,-0.31838401460743315,0.31838401460743315,0.053381973757214984,0.39579848583682864,0.1448261341833669,0.15634875821287508,0.5706104196599824,-0.00028625302631124505,-0.7663169878832236,-0.7547879772287038,-0.3062343908367553,0.20707396961624336,0.2380054954620542,0.11114403093309067,0.39579848583682864,0.15032157836225246,-0.023472092401431777,0.049336109416282525,0.37819701473694,0.0781147090064288,0.049336109416282525,0.8046565322725784,0.06120606641047055,0.5631695521583711,1.0017512387318646,0.035540439730001365,-0.31838401460743315,0.31838401460743315,0.5483604708637462,943538223.1968805,1.0412751593892808,0.4365079365079365,0.12698412698412698,0.10317460317460317,0.06600713023331192,-0.3211754700935463,-0.35972175973205467,-0.041034921293255366,-0.0986620943815043,-0.08542302204038765,0.780979861085356,0.4994452732355199,-0.19277965742386272,0.22940412243868932,-0.23861675929070847,-0.03487359276203106,0.806065677957742,0.5621850319559353,-0.24067892154703918,0.03232135340331146,-0.027449255552780327,-0.31838401460743315,0.31838401460743315,0.06466258373590872,0.8095238095238095,0.047619047619047616,982482913.7492105,20.705593511988255,0.38095238095238093,0.09523809523809523,0.06349206349206349,0.06216593360172634,-0.029781928613956343,-0.06697253597896191,-0.1253070035853289,-0.05678387851396649,0.5,0.03856119570643749,-0.20393664113561338,0.37819701473694,-0.0059851711663189144,-0.05678387851396649,-0.0316193762090321,0.4531580589212558,0.02280421880326767,-0.10029952574328771,0.10029952574328771,0.06466258373590872,510691072.75129044,0.006677249601912294,0.0532955278910572,0.031233718138899746,-0.050798707347647576,-0.02877859959014628,0.11949873696993119,0.34961613406102265,2.0,7.0,2.0,0.0,1.0,1.0,63.0,126.0,0.973798076923077,0.02717102911262259,0.6611614035565496,1.3164623591818865,1.3164623591818865,1.0,0.2983485615107387,0.35149033623304854,1,1,1,1,1,1
historical_mega100_examples,2023-10-31,COIN,77.12000274658203,-0.10683056935574964,0.16407551315595525,1.2221326866305455,1.241044505404736,0.31874150735728435,0.14133495774589044,0.4337237671308556,-0.3558761157366972,-0.1938523555450804,0.8332403593970976,-1.051169552488631,0.15634875821287508,0.342888181458211,-0.6516529602223889,0.5494843718164768,-0.2998638068247028,0.2998638068247028,0.04676389698943706,0.23987141158577518,0.17817512189268825,0.15032157836225246,0.5307544929203935,-0.020966912591899645,-0.25413870246085013,-0.41668365319176115,-0.045426572468770354,0.07784765139415839,0.25048094337026305,0.07784765139415839,0.4337237671308556,0.37819701473694,-0.058708738363353,-0.21792919309153336,-0.19277965742386272,-0.13373910917814213,-0.21792919309153336,0.7893286677054314,-0.3837518230359522,0.736836641929237,0.7194607116162822,0.03492349907961616,-0.2998638068247028,0.2998638068247028,0.590431018294419,896624844.887234,0.6950611335120802,0.4365079365079365,0.11904761904761904,0.0873015873015873,0.0645626796907747,0.1022062917594655,0.1321543710009776,0.16819120740723514,-0.0305595428039519,0.004260852043955543,1.0173559372506369,0.5962182224327741,-0.05678387851396649,0.1977645061379951,-0.03115572581757442,-0.018844267005675097,0.5678909649664816,1.0241513261702915,-0.07515986801763663,0.027285842036951894,0.020756725931618147,-0.150192807200198,0.150192807200198,0.09359056179371694,0.9841269841269841,0.3968253968253968,623209081.022414,20.250392625621323,0.36507936507936506,0.06349206349206349,0.06349206349206349,0.05694759830984713,0.02705705761227728,0.017165878426648185,0.04671722059835694,0.02717102911262259,0.6666666666666666,0.07707914074781015,-0.19277965742386272,0.37819701473694,0.047825764117113256,0.02717102911262259,0.015551988058363442,0.5816062848905487,0.03211199599726428,-0.060314328824767394,0.060314328824767394,0.08957338339400489,644431167.5203959,0.021632896604477203,0.06923349531898985,0.03129182176861134,-0.020654735004490665,-0.08419008391339122,0.0908355856726446,0.2709060825117049,2.0,7.0,2.0,0.0,1.0,1.0,63.0,126.0,0.9479495249953883,0.6172198752447624,1.2551866179316686,0.6623442995653164,1.2551866179316686,1.0,0.41023279886003255,0.5081668929143144,1,1,1,1,1,1
historical_mega100_examples,2023-10-31,SMCI,23.94700050354004,2.170249273553538,2.4411553560652433,0.878252391738685,0.9146753302308854,2.3107978930297257,1.2474895451604406,1.2713648867490295,-1.3106025502778746,-1.2020637028216885,2.1325998040548937,-2.4075263734146524,1.1241582080800994,1.1805293010763849,-1.5462914561087882,1.5185569707535895,-0.32217154530931724,0.32217154530931724,0.07015594788305446,0.06930118392734097,0.7273716234776846,0.11297158863954393,1.6338032026897937,-0.11718763263697474,-0.17988024969213134,-0.4053529591084556,-0.3095257956517562,-0.03923766352884528,0.433809469049175,-0.03923766352884528,1.2713648867490295,0.3250552231969108,-0.03956144677081841,-0.2749265693597588,-0.16710572972673288,-0.19073648544636757,-0.2749265693597588,0.8372190910414838,-0.3566974020250715,0.7554357185006094,0.9206141454504345,0.03570270505049555,-0.32217154530931724,0.32217154530931724,0.8107372259204992,798130837.6285161,1.140055082570274,0.46825396825396826,0.1349206349206349,0.09523809523809523,0.06180700655376095,-0.4253793513835168,-0.49819704916990326,-0.09836113455098305,0.019722790314228078,-0.10348331701746338,1.0204255437645686,0.5452133040364736,-0.003126310054129222,0.48152816637011875,-0.12945321330839565,0.04469000247153443,0.7707557380539451,0.8205780046221133,-0.5143216396328429,0.03540327812269714,-0.00748575368992066,-0.32217154530931724,0.32217154530931724,0.034248993604607314,0.9523809523809523,0.4444444444444444,909913117.9944599,20.628859679284812,0.47619047619047616,0.09523809523809523,0.14285714285714285,0.0604106940653272,-0.10545273037820235,-0.09578034594733387,-0.20036371609250475,-0.1267230788898901,0.5,0.21087165020763365,-0.16710572972673288,1.1241582080800994,-0.10606834388539943,-0.1267230788898901,-0.12323639324789393,0.6324652055833505,0.033342660431902954,-0.22828782837931427,0.22828782837931427,0.012044621735664673,874103690.8760071,-0.052395794312505295,0.07520178868333506,-0.011222664595371357,-0.020654735004490665,-0.08419008391339122,0.0908355856726446,0.2709060825117049,3.0,11.0,3.0,1.0,1.0,1.0,63.0,126.0,0.9758938041874193,0.14198018737368212,0.1870380422337492,1.2115921585806593,1.2115921585806593,0.9976133651551312,0.41023279886003255,0.5081668929143144,1,1,1,1,1,1
historical_mega100_examples,2023-11-30,ARM,61.5,,,0.562029235003521,0.560754095538805,,,,,,,,,,,,,,,,,,,,,,,,,,,,,,,,,,,,,,,,,,,,,,,0.4877643365038322,0.8563096976158124,0.1876207393109498,0.04426679522111221,0.14321617433229772,0.8688372257683012,0.9124024666498868,-0.0790358652103248,0.23104956740857557,0.1491031291850211,0.0996717477591218,0.5290007459881798,0.9330869037999635,-0.08759753335011322,0.0284623902024532,0.20251817054264531,-0.03725737364308179,0.03725737364308179,0.2847295043292073,0.06349206349206349,0.4444444444444444,596580847.1679063,20.206725327900266,0.41818181818181815,0.05454545454545454,0.05454545454545454,0.05143072511776709,0.1326592630488057,0.26280043552924237,0.5018551979398803,0.24771756659931943,0.5,0.08434085069449732,-0.0790358652103248,0.24771756659931943,0.1395295980299207,0.24771756659931943,0.08627495871998692,0.49360366818198165,0.026714930289065596,-0.03725737364308179,0.03725737364308179,0.21733965642807074,321243443.5491834,0.027002658579573957,0.04228803698886427,-0.009693724317425545,0.10818796856939872,0.030166871758306124,0.12051202048339271,0.3344204639625241,2.0,8.0,2.0,1.0,0.0,1.0,55.0,55.0,0.2955741626794258,0.22186986411490084,0.14910566128366365,1.293333224164761,1.293333224164761,0.9952267303102625,0.29841889677217714,0.4101956463265524,1,1,1,1,1,1
historical_mega100_examples,2023-11-30,CVNA,6.263999938964844,2.727836160076902,3.062256624039426,1.2187758100951354,1.2384189260826426,2.3248408312329865,3.512968218528834,1.4241484794080725,-1.7425380087900115,-1.215815161405152,2.8970585385864407,-3.2750128455578285,1.006191870480404,1.3036364589246798,-1.8021027863794605,0.9894375227770221,-0.4393125691492844,0.4393125691492844,0.03381177175938066,0.20833331800292054,0.8936891869042716,0.772762259516415,0.36525691583912084,-0.20475926303472725,-0.46746811643867336,-0.6687408354302624,-0.34164230324505607,-0.3183895293819391,0.4380307560096847,-0.3183895293819391,1.4241484794080725,0.09575627362588146,-0.16552533174097517,-0.377954306971388,-0.16623632940499067,-0.4081211787296941,-0.377954306971388,1.4393515978765,-0.45974042140817,0.69140416872636,0.571162538158925,0.055920730656365464,-0.4393125691492844,0.4393125691492844,1.119079752706063,613964388.1671154,0.5137602636695648,0.5555555555555556,0.1984126984126984,0.1746031746031746,0.10090161296516058,0.20862674205957155,0.40200698236789445,0.07733618411275212,-0.1335878954673656,-0.07479071733431053,0.6544995406204732,0.5431043032673977,-0.3568365704798949,0.5326309024454542,-0.25393044220229255,-0.04112313559597447,0.8221037119462461,1.210520863211757,-0.0628483880431594,0.037548731162119806,0.05699152985883349,-0.4393125691492844,0.4393125691492844,0.20507887536148073,0.8571428571428571,0.31746031746031744,315430505.9484603,19.569448952446187,0.4126984126984127,0.09523809523809523,0.19047619047619047,0.0759118861368435,0.009985907340265054,0.11025619587892477,0.16077592184072761,0.1599999682108566,0.6666666666666666,0.25193957865811195,-0.3568365704798949,1.006191870480404,0.051811999641457884,0.1599999682108566,-0.015960797267744686,0.9951736950347595,0.04368314928054921,-0.0834065206957022,0.0834065206957022,0.20507887536148073,270999144.63171506,-0.013014853455670772,0.0778256799562225,-0.004386801854302069,0.10818796856939872,0.030166871758306124,0.12051202048339271,0.3344204639625241,1.0,3.0,1.0,0.0,1.0,0.0,63.0,126.0,0.8852870813397129,0.6902938059887826,0.37484044529161364,1.4243295048323152,1.4243295048323152,0.9976133651551312,0.29841889677217714,0.4101956463265524,1,1,1,1,1,1
historical_mega100_examples,2023-11-30,SMCI,27.347000122070312,1.6963897808441892,2.0308102448067133,0.9528208383757752,0.978714965835223,1.7913647355045543,1.5938536989636587,0.22112076638024503,-0.3931012741980239,-0.12394921335533926,0.228309839602161,-0.2341626570185259,0.11297158863954393,0.10060874589685231,-0.22697358379660992,0.3227803115882299,-0.22593333430512075,0.22593333430512075,0.02483391435883453,0.09717155302490577,0.20097049995931474,0.3250552231969108,1.170189862556358,-0.016275497354357626,-0.3847254866509974,-0.3883265760385719,0.10265620166280554,-0.17198050781777885,0.04877060386245732,-0.17198050781777885,0.22112076638024503,-0.16710572972673288,0.014767612814604814,-0.005852817416364897,-0.003126310054129222,-0.03601968917467102,-0.005852817416364897,0.6850503529543905,-0.009313952843472837,1.0089341305535362,0.9172937764091672,0.031993867529621266,-0.22593333430512075,0.22593333430512075,0.2657131807177884,865082532.5397916,0.963841992761918,0.4365079365079365,0.10317460317460317,0.09523809523809523,0.06168381963511414,1.1144824729456841,1.4146970906528793,0.20345155565525908,-0.0029909097398630458,0.008905168717751932,0.9461611710778375,1.1711716879131595,-0.1267230788898901,0.18396827326466544,-0.0027350580015645942,0.009158666647942182,0.6283924252919658,1.0999029498522315,0.30664462457337893,0.030443512766954263,0.1381063866876211,-0.11871998965405817,0.11871998965405817,0.18109185950763163,0.5714285714285714,0.7777777777777778,833802872.0666795,20.541507569155428,0.3968253968253968,0.09523809523809523,0.09523809523809523,0.0570401170146695,0.024619803928542572,0.1749137173371822,0.20541986374890323,0.14198018737368212,0.5,0.04717531342323078,-0.16710572972673288,0.3250552231969108,0.0337922188042834,0.14198018737368212,-0.007840193012489727,0.6911706822434311,0.029742545213326695,-0.10219957504822219,0.10219957504822219,0.11211874552153156,903925196.0199447,-0.04917041058296634,0.06169128812893813,-0.03893868111833865,0.10818796856939872,0.030166871758306124,0.12051202048339271,0.3344204639625241,3.0,11.0,3.0,1.0,1.0,1.0,63.0,126.0,0.9640872285609128,0.03945589893611978,0.936629184142733,2.1671481012580536,2.1671481012580536,1.0,0.29841889677217714,0.4101956463265524,1,1,1,1,1,1
historical_mega100_examples,2023-12-31,MSTR,63.1619987487793,2.912982641330375,3.461538502993326,1.1115549914909575,1.0594313588563264,1.1607142169701699,1.094022428973032,0.8445767676897085,-0.07795573840318593,-0.4021267506538977,-0.041294359000638936,0.9653226413073015,0.278780370830634,0.7316211572408187,0.0794515146169541,1.4223491329753095,-0.05828152922320562,0.05828152922320562,0.0836982877997956,0.44245001703581077,0.21325644418754738,-0.1834977660045366,1.2845071654223281,0.4787774040949546,3.035204081632653,6.763846777940507,0.23089413997398245,0.7666210292865225,0.6845492713373472,0.44245001703581077,0.8445767676897085,-0.08181129896460193,0.26607237490916735,0.9240282823066626,0.2897222445266565,0.7780942965241988,0.9240282823066626,0.5937900534470038,1.5049868672111066,1.1549275089172382,1.033997849360952,0.02739595201140398,-0.05828152922320562,0.05828152922320562,1.0287797489845096,367588367.40197074,1.3111399825256425,0.3492063492063492,0.11904761904761904,0.047619047619047616,0.0497496500604255,1.1361242403781229,1.7076434204326096,-0.01610875314287763,0.2265091133338184,0.23411148651366132,1.4551100937898647,2.146705571011739,0.17692909622246855,0.20578616130427685,0.49181600183441354,0.20547831274167883,0.6139776382361267,1.1169534923414248,0.6153453381897402,0.03002302812573504,0.2078142495844051,-0.05828152922320562,0.05828152922320562,1.0287797489845096,0.031746031746031744,0.9682539682539683,481959805.6120494,19.993371279766155,0.42857142857142855,0.14285714285714285,0.047619047619047616,0.050801860189586864,0.13029673242901008,0.2589701642172557,0.3901365661734306,0.267549597186969,0.6666666666666666,0.12461204063293159,-0.1834977660045366,0.2897222445266565,0.2116798634394308,0.267549597186969,0.07485726552333682,0.6857844672473817,0.03196139756920311,-0.05828152922320562,0.05828152922320562,0.267549597186969,684181620.891571,0.041869744005262666,0.05249427034847561,-0.011035486023830532,0.05586973374753823,0.14593398578246375,0.1129556104488898,0.5485558616629509,2.0,8.0,2.0,1.0,0.0,1.0,63.0,126.0,0.9146850940300392,-0.206469089397887,0.6193913841906094,1.6987112033980414,1.6987112033980414,0.9976133651551312,0.2660708559663365,0.35615060337177473,1,1,1,1,1,1
historical_mega100_examples,2023-12-31,SMCI,28.426000595092773,1.9138071667187917,2.4623630283817426,0.9644602377826333,0.9961126293024081,1.667855589628069,0.26930118392734115,0.14046144293664198,-0.1070892895893587,-0.27977169735374185,0.1001806108076615,-0.06356768404520041,0.3250552231969108,0.02750583248775218,-0.1038485161741809,0.20535349182784285,-0.19539183817364436,0.19539183817364436,-0.024295847767047074,-0.13931025441709988,0.14116156968538565,-0.16710572972673288,0.9690553697332812,0.04809530216076352,-0.3738768223742933,-0.350952620327604,0.10608481509893586,0.03337215334728327,0.011507780622275124,-0.13931025441709988,0.14046144293664198,-0.003126310054129222,0.011856616433476352,0.036612926762461084,-0.1267230788898901,-0.10932105902000266,0.036612926762461084,0.6839983176638514,0.05719799813269326,0.8739537378348441,0.9358334925601586,0.03155697322300445,-0.19539183817364436,0.19539183817364436,0.2276929005506385,892913937.5310928,0.9952322710620656,0.4126984126984127,0.1111111111111111,0.07936507936507936,0.05825958552721206,-0.4846830080564194,-0.4643507129022283,0.0009943939946598368,0.06651593534878031,0.03875395395879866,0.8749569282176206,0.6167492978385639,0.14198018737368212,0.1811360306117115,0.1870380422337492,0.03357055077785431,0.6401085345246349,0.9338773882135485,-0.22245486119664015,0.030972155283643527,0.03765184170962965,-0.11772559565939833,0.11772559565939833,0.20133546643829847,0.12698412698412698,0.6666666666666666,888656765.9120408,20.60522162996381,0.3968253968253968,0.12698412698412698,0.07936507936507936,0.057168031059457614,-0.0028169037832745936,0.013106396829142275,0.06600372783178643,0.03945589893611978,0.5,0.03492269847266009,-0.16710572972673288,0.3250552231969108,-0.01641383481141845,0.03945589893611978,0.0016614667747087974,0.597782886395068,0.029633268785886374,-0.11772559565939833,0.11772559565939833,0.12169527489017784,893161895.5619448,-0.052232872177817136,0.0520926575610299,-0.02300034867626921,0.05586973374753823,0.14593398578246375,0.1129556104488898,0.5485558616629509,3.0,11.0,3.0,1.0,1.0,1.0,63.0,126.0,0.9611054696912327,0.8631181814686584,2.0469287869736665,2.5531906085123732,2.5531906085123732,1.0,0.2660708559663365,0.35615060337177473,1,1,1,1,1,1
historical_mega100_examples,2024-01-31,MSTR,50.12099838256836,0.5660024532237549,0.9910617611799208,0.8017825865942535,0.8003551477313818,0.5263108737687008,0.4637286821403168,0.1446286755164603,0.38214723936656503,0.25723971854211625,-0.033091202090539173,0.21689331247700494,-0.1834977660045366,0.05354304394374432,0.039173434870005464,0.2332427070524714,-0.2684667761941063,0.2684667761941063,0.08613699695717703,0.40186839405857655,0.19485493497711917,-0.08181129896460193,1.343442563843705,0.0803937103116319,0.5242118947026324,0.8043652576251297,-0.24577627422881776,0.5267759148830253,0.35775766148602073,0.1446286755164603,0.5267759148830253,0.2897222445266565,0.07259925479712748,0.18380211038646577,0.17692909622246855,-0.007586640059790817,0.18380211038646577,0.6200780180617778,0.27854547714477806,1.2035005645725132,1.0641627352718876,0.029744191317144952,-0.2684667761941063,0.2684667761941063,0.6098994416228043,438226208.24172,1.491844390231385,0.42063492063492064,0.1111111111111111,0.07936507936507936,0.05155793637417366,-0.4070046782146921,-0.5294398823209117,-0.21018524697090069,-0.005941802728989143,-0.08697903033417642,1.2374603395802302,1.1549827614513217,0.267549597186969,0.22730686531923025,0.0058397860891170605,-0.10764228564407208,0.6598639197825924,1.1309365801697853,-0.1368892433211667,0.03238553336899723,-0.20397798302697978,-0.2684667761941063,0.2684667761941063,0.18380211038646577,0.31746031746031744,0.9841269841269841,653765310.4177808,20.29825899397588,0.5079365079365079,0.12698412698412698,0.09523809523809523,0.05305636703623982,-0.0977133956569991,-0.22125110373137302,-0.27667021545256565,-0.206469089397887,0.5,0.04373713059484476,-0.206469089397887,0.2897222445266565,-0.22466118946180058,-0.206469089397887,-0.04418099271585618,0.7462642448163546,0.03905408656013326,-0.2684667761941063,0.2684667761941063,0.11332986653093213,793521866.1697024,0.038609270925866745,0.06686819408158963,0.007736787928596334,0.018192100063913585,0.19138875044625658,0.09108563157271599,0.425059307956166,2.0,8.0,2.0,1.0,0.0,1.0,63.0,126.0,0.9361244019138756,1.0407414034594473,2.400889829673202,1.1249177348608361,2.400889829673202,1.0,0.2521864394142365,0.313984791585766,1,1,1,1,1,1
historical_mega100_examples,2024-07-31,APP,77.0999984741211,1.2191731429810189,1.4554139939741142,0.9995209973801883,1.022159441043043,1.1158068435713404,0.9347553682891723,0.8745440425940201,-0.7607041536247445,-0.5835193122162041,0.7157791845896992,-0.6232469639926259,0.451981513975676,0.7415066207638477,-0.7820118219969467,1.4253925264667473,-0.12316617529247531,0.12316617529247531,0.07678123974511242,0.29102473037781595,0.3980284883221678,0.1590756832855964,1.441135687409346,0.0009671924461100989,-0.24060211554109034,-0.1703333429753876,-0.02513449867739903,0.11383988896927555,0.4264695539803705,0.11383988896927555,0.8745440425940201,0.019503011417418392,0.031957697759527504,0.09253222059707333,0.15459832378190508,-0.018701432868360346,0.09253222059707333,0.6135461119343971,0.1850111908110314,0.7763447724331081,0.8151692293708583,0.02595945051145437,-0.12316617529247531,0.12316617529247531,0.8823242235703219,305101128.74298096,1.0904495045256504,0.31746031746031744,0.03968253968253968,0.031746031746031744,0.044376867198291696,-0.7403316454287463,-0.7594276682581855,-0.08602630403089406,0.008859644251053123,-0.05323963710825452,1.024720576161211,0.3961730205970163,0.021354906628406,0.18449708716799773,-0.05375558053950158,0.021113565157954373,0.5001439112490489,0.9523725190563012,-0.5865984201589685,0.022835926306952043,-0.01863617521556249,-0.12316617529247531,0.12316617529247531,0.10553485568968068,0.19047619047619047,0.9841269841269841,332697374.6680002,19.622743852974427,0.30158730158730157,0.015873015873015872,0.031746031746031744,0.043004754938074596,-0.05655377171042997,-0.07356185037420526,-0.15439102763738458,-0.07354004634476652,0.8333333333333334,0.12216223212403922,-0.07354004634476652,0.451981513975676,-0.056758960158196925,-0.07354004634476652,-0.060025499804938764,0.4763233166469278,0.02340732826030013,-0.12316617529247531,0.12316617529247531,0.030335381364702263,225187966.98528472,-0.025210521912651607,0.04811189303885519,0.007895829002303456,-0.016781086186569594,0.11123365346543368,0.13303742183017242,0.23624085099309533,3.0,11.0,3.0,1.0,1.0,1.0,63.0,126.0,0.8368171021377672,0.20453961847683066,0.6932555854145368,1.1970168967837895,1.1970168967837895,0.9976303317535545,0.2174012471943811,0.28243789520303947,1,1,1,1,1,1
historical_mega100_examples,2024-07-31,LEU,43.68999862670898,-0.07427275525555288,0.16196809573754245,1.3540511727078892,1.381902029227652,-0.17674771287081892,-0.19702262912638113,-0.13002792583171352,0.18203851843709729,0.2011237249513872,-0.14516130502446212,0.16286450362988047,-0.18777379681321626,-0.26306534766188594,0.14773112443713188,-0.2612246259541267,-0.27183335622151705,0.27183335622151705,0.0026205810320958367,0.07109579911967367,0.11102028346266862,0.018141648618787976,1.682062519259082,0.006114031769018702,-0.29378757515030063,-0.2812853563355723,0.024871520162052407,0.052010592605383765,-0.0023071780355520266,-0.13002792583171352,0.07109579911967367,0.03371060840427509,0.00289562869301907,0.017703198605418358,0.1560680343655083,-0.09353045486001532,0.017703198605418358,0.4977628941252558,0.03022535038108771,1.2543978789337173,1.1766786638303355,0.02470700768040106,-0.1529663226881739,0.1529663226881739,0.14222218631918904,10203258.300935654,1.2121718121604814,0.3333333333333333,0.06349206349206349,0.03968253968253968,0.0493192422527314,-0.7596507979811759,-0.7543659343594613,0.018442193529459194,-0.042471188325515,-0.019092811405123866,0.9966101178252632,0.5778628040448209,-0.1386258496886329,0.12588138075641284,-0.11968572060383065,0.0004244231397183551,0.5857069771636267,1.066049651015503,-0.5696140693698095,0.02873797065276404,0.002281704104404536,-0.14282916263767198,0.14282916263767198,0.11397239334215703,0.6984126984126984,0.2698412698412698,12368102.104586646,16.330631386173902,0.4126984126984127,0.07936507936507936,0.07936507936507936,0.05147818459628346,0.0068598587618131646,-0.015988545513299535,0.03521545225416724,0.021988271969800577,0.6666666666666666,-0.016081847190579535,-0.18777379681321626,0.1560680343655083,0.03876935815637017,0.021988271969800577,0.001914823806107968,0.6243927186026295,0.03029642112382551,-0.10617844369876117,0.10617844369876117,0.11397239334215703,9804509.772618612,0.014913572000688546,0.050469214763446416,0.028823054203412468,-0.016781086186569594,0.11123365346543368,0.13303742183017242,0.23624085099309533,1.0,3.0,1.0,0.0,0.0,1.0,63.0,126.0,0.6178147268408551,-0.09361410577128182,0.2554360310872079,1.376058613449616,1.376058613449616,1.0,0.2174012471943811,0.28243789520303947,1,1,1,1,1,1
historical_mega100_examples,2024-08-31,ALAB,43.060001373291016,,,1.1315624893694411,1.1480274524281526,,,,,,,,,,,,,,,-0.4195983292048153,0.0511796924652787,0.14247202246922952,1.3798038388525629,-0.2783195603992211,4.688484608793092,2.795261103066471,-0.11193678437125132,-0.49197734440729657,-0.45578783680605595,-0.49197734440729657,-0.4195983292048153,-0.23855593099448646,-0.17304689188146016,-0.3328168459487667,-0.06244193580456836,-0.391206785255504,-0.3328168459487667,0.86215089584232,-0.41721685489627425,1.2504390086933606,0.9252522967748213,0.03925398830569552,-0.4975495576820528,0.4975495576820528,0.18394288253721314,154695829.35324553,0.7077692984760365,0.47368421052631576,0.10526315789473684,0.12280701754385964,0.07973224534549411,4.945573544609025,4.8397902396164705,0.08663985830156384,-0.20435764439052118,-0.1172502842093911,0.7715589927905421,2.7304366167475216,-0.27549163165342705,0.17065465631762755,-0.2883820431710771,-0.19679673531337227,0.7977070965445763,1.3514573409350639,0.9788585448625347,0.038319056830786624,-0.09784211620955996,-0.35884456484053473,0.35884456484053473,0.18394288253721314,0.8095238095238095,0.2698412698412698,109488958.61851525,18.51133427673592,0.5079365079365079,0.07936507936507936,0.14285714285714285,0.07144823527009829,-0.0021088407245414276,0.012997670769160363,-0.016503557808245754,-0.01779194289648811,0.2,-0.09036188377594809,-0.27549163165342705,0.14247202246922952,-0.028830565441047007,-0.01779194289648811,0.03419499720060837,1.0780671115411633,0.05283298870887032,-0.10700953373673239,0.10700953373673239,0.18394288253721314,152858872.27229163,0.01323609956773164,0.08052219207214,-0.03240301649613542,0.011038622544558896,0.058389939306737304,0.08805856861701877,0.2687020574333261,2.0,8.0,2.0,1.0,0.0,1.0,63.0,114.0,0.6978622327790973,0.2166743548258354,0.6293544223068182,1.3978169230631576,1.3978169230631576,0.990521327014218,0.3110229705691587,0.41481778767275485,1,1,1,1,1,1
historical_mega100_examples,2024-08-31,APP,92.87000274658205,0.8800716612979846,1.1487737187313107,0.9913503861859078,1.0388725270333006,1.4778549594678236,1.2579625658842168,0.5550904361734477,-0.23909209200180426,-0.21342616127012093,0.36436707453862094,-0.22457818253584194,0.1590756832855964,0.4670318675564289,-0.41530154417066867,1.036509840320934,0.0,-0.0,0.035881789032322864,0.34166427490332674,0.13125959950458382,0.019503011417418392,1.2366878408464226,0.16217957918089443,-0.31983372921615205,-0.22475403984561582,0.05727174512049338,0.3159983441716434,0.40425101841613925,0.3159983441716434,0.5550904361734477,0.15459832378190508,0.009564781253025512,0.139788892002779,0.021354906628406,0.0813989526960417,0.139788892002779,0.5355380282753276,0.2550399250009682,1.360635489208266,1.0234677804602426,0.024653043744251486,0.0,-0.0,0.5470598806443923,311588027.45963806,0.9680952609437568,0.30158730158730157,0.047619047619047616,0.03968253968253968,0.04577650483177857,0.6363441551483981,0.9710413643392433,0.12316617529247531,-0.004155937898881024,0.13224204225304081,0.9547855796260357,0.8813820168519872,-0.07354004634476652,0.10770011051732756,0.11595771910993724,0.021561471911739405,0.5481059171510041,1.3294365637933445,-0.2432985944803211,0.025263105345585096,0.14017961641491206,0.0,-0.0,0.38322912706044243,0.0,0.30158730158730157,301646892.75048876,19.524767665269394,0.30158730158730157,0.047619047619047616,0.047619047619047616,0.048563058756412515,0.14384367827342248,0.1868642187791929,0.2807018867995598,0.20453961847683066,0.8333333333333334,0.080921916207565,-0.07354004634476652,0.20453961847683066,0.19350099593227177,0.20453961847683066,0.11641720005223744,0.7286720470920305,0.032459868559957604,0.0,-0.0,0.38322912706044243,324321222.52982,0.03747398027935933,0.040578228495459674,0.02580247815176362,0.011038622544558896,0.058389939306737304,0.08805856861701877,0.2687020574333261,3.0,11.0,3.0,1.0,1.0,1.0,63.0,126.0,0.8203087885985748,0.40572842888779315,0.8239473929151209,2.6260362877225565,2.6260362877225565,0.9976303317535545,0.3110229705691587,0.41481778767275485,1,1,1,1,1,1
historical_mega100_examples,2024-08-31,LEU,39.59999847412109,-0.43431522140245693,-0.16561316396913084,1.2788849773690638,1.3296489198382448,-0.20831671108122274,-0.2114695836009649,-0.029173876310291114,-0.04839429996231004,-0.017298561972994397,0.21671978313741125,-0.41881533780460467,0.018141648618787976,-0.11723244492730989,-0.1729216783569023,-0.04973065477833449,-0.34000002543131524,0.34000002543131524,-0.01402674991722419,-0.04647243828328551,0.024522756221775376,0.03371060840427509,1.5301701363204059,-0.07524389069154902,-0.4459078080903104,-0.5578873769510602,-0.16356277255214613,-0.07756817627260115,-0.05107149695539259,-0.07756817627260115,-0.029173876310291114,0.1560680343655083,-0.06664201369032907,-0.20209555466719342,-0.1386258496886329,-0.2604854939739307,-0.20209555466719342,0.5866376873646336,-0.30094893740821266,1.426849210475817,1.1447060723018196,0.027656152987324805,-0.22307244407056714,0.22307244407056714,0.09999995761447456,10198129.068937756,1.0532514475856714,0.38095238095238093,0.07936507936507936,0.06349206349206349,0.04979056105850456,0.002837684449489286,-0.09104206861399256,-0.04702358677332508,-0.08222570401906426,-0.04309923043674713,0.7611845909760508,0.5691432252523083,0.021988271969800577,0.10419794728456892,-0.07368424621938974,-0.11167775918399647,0.6715277229673926,1.2464764929626457,-0.511878453038674,0.0314134255427914,-0.08728932045926552,-0.18985274941099706,0.18985274941099706,0.09999995761447456,0.5238095238095238,0.2857142857142857,10741194.204524206,16.18959692619069,0.4126984126984127,0.06349206349206349,0.12698412698412698,0.05222180733873033,-0.00490013743263118,-0.07687209261592609,-0.11183899452883098,-0.09361410577128182,0.6666666666666666,-0.00038856535025712696,-0.1386258496886329,0.1560680343655083,-0.10465272831584072,-0.09361410577128182,0.024049624565766647,0.8370435210515866,0.03671191249709212,-0.06382980642169589,0.06382980642169589,0.09999995761447456,9337924.35569763,0.015618960197124832,0.0447330519613255,0.015280462408135076,0.011038622544558896,0.058389939306737304,0.08805856861701877,0.2687020574333261,1.0,3.0,1.0,0.0,0.0,1.0,63.0,126.0,0.6299287410926366,0.3851010249398368,1.6214646858240265,1.2979798865262389,1.6214646858240265,0.9928909952606635,0.3110229705691587,0.41481778767275485,1,1,1,1,1,1
historical_mega100_examples,2024-08-31,MSTR,132.4199981689453,2.4350432023359074,2.7037452597692337,0.9758322010702227,1.0233455022600892,1.6574351455556138,1.64200639337224,0.2946306616279426,-0.051285401701788746,-0.5177732726233375,0.49044826386589047,-0.6218299474743109,0.6664971974930498,0.20657209301092383,-0.426012345236363,0.2603622733823878,-0.31001064050801563,0.31001064050801563,-0.03747234101029129,-0.2231426109953949,0.28528648992072114,-0.3751877181316916,0.8991644770935805,-0.07740337301478717,-0.6477836959465559,-0.6940584669674328,-0.05872289882929682,0.24334525992615386,0.10494443685290052,-0.2231426109953949,0.2946306616279426,0.4314057583902531,-0.062189353774498635,-0.1313816836084204,-0.09643227265457022,-0.1897716229151577,-0.1313816836084204,1.131618101963742,-0.15616176587783331,0.7640866894924913,0.7434644819408998,0.052794784001393674,-0.31001064050801563,0.31001064050801563,0.28779400049310944,2522668095.415036,0.7160353911668206,0.626984126984127,0.20634920634920634,0.16666666666666666,0.08335048641396443,0.03570480488452343,-0.1504916369826258,-0.16123639174812054,-0.039965626875330895,-0.0841666319027643,0.7896174261813406,0.3294745212844566,0.17202426863922748,0.39459943940934733,-0.038679348427513305,-0.13053910487658194,0.8413178659314177,1.0277379862152323,-0.5266127401415571,0.03962009524166468,-0.1770304795207971,-0.26437013597444114,0.26437013597444114,0.06203633766537631,0.4603174603174603,0.2698412698412698,1806319636.4845638,21.314557262706515,0.5079365079365079,0.12698412698412698,0.12698412698412698,0.07127816655573566,-0.08591703915277094,-0.16259790157181653,-0.20791837209464237,-0.1797775205724853,0.5,0.10308828552729721,-0.3751877181316916,0.6664971974930498,-0.1908161431170442,-0.1797775205724853,-0.02067295879065123,0.864654329299252,0.04171547261834464,-0.1172588292914647,0.1172588292914647,0.06203633766537631,1462417045.7771664,-0.03922336741438859,0.06909831953311206,-0.03198922519490777,0.011038622544558896,0.058389939306737304,0.08805856861701877,0.2687020574333261,2.0,8.0,2.0,1.0,0.0,1.0,63.0,126.0,0.9858669833729214,0.27322163143674727,0.8463978506332537,1.926068619381474,1.926068619381474,0.995260663507109,0.3110229705691587,0.41481778767275485,1,1,1,1,1,1
historical_mega100_examples,2024-08-31,PLTR,31.479999542236328,0.8327666010588193,1.1014686584921454,1.0689181454760392,1.1092897728422508,0.5700748498807169,0.9564946702112451,0.2551833986443073,0.1776796202953963,0.11291739358093844,-0.13556617340004584,0.5875956521413787,-0.08253587325044653,0.1671248300272885,0.19684608009702553,0.49453270214729744,-0.0325753332350156,0.0325753332350156,0.05448019548639582,0.3681007922252457,0.08992082744507675,-0.04519777945164716,0.7687676394133922,0.24888915787110788,-0.045661370539061275,0.38572782267888495,0.14807466467454178,0.4328630189397036,0.3520490699364189,0.2551833986443073,0.4328630189397036,-0.013199773201742038,0.12244345513883959,0.4520294787413328,0.16835791361399965,0.3936395394345955,0.4520294787413328,0.5160091487100492,0.8822726463550462,1.2061440169677764,0.992902356762437,0.022574651372672987,-0.0325753332350156,0.0325753332350156,0.5378603125647878,1201980091.6962366,1.0553635088515585,0.23809523809523808,0.047619047619047616,0.03968253968253968,0.04152003795299765,0.45605188309814637,0.7045932931871761,0.034068197201826744,0.08850758692744543,0.11727083550491857,0.9246552704213965,0.9961060965321464,0.06158703002925803,0.10868508735632315,0.24279509029033064,0.09509697094193492,0.5123466998651867,1.214765992600378,0.15199391227148373,0.023813655045973145,0.15736395743814602,-0.0325753332350156,0.0325753332350156,0.47654784206580536,0.1111111111111111,0.9841269841269841,1268525927.1422582,20.9611213767965,0.25396825396825395,0.06349206349206349,0.047619047619047616,0.04469015734194516,0.0795733664979148,0.15666167848363832,0.2742618108112957,0.17069543535783227,0.5,0.0432844921828757,-0.08253587325044653,0.17069543535783227,0.15965681281327337,0.17069543535783227,0.039029603218447395,0.6223813474172615,0.02712658279698593,-0.0325753332350156,0.0325753332350156,0.30676626578827815,1643017672.3307927,-0.0025032689008417375,0.033567808711729354,0.01857242614238963,0.011038622544558896,0.058389939306737304,0.08805856861701877,0.2687020574333261,3.0,11.0,3.0,1.0,1.0,1.0,63.0,126.0,0.9294536817102137,0.18170270978017866,0.3202033665067394,1.1308768362926522,1.1308768362926522,0.9881516587677726,0.3110229705691587,0.41481778767275485,1,1,1,1,1,1
historical_mega100_examples,2024-08-31,RKLB,6.269999980926514,-0.2750411956608627,-0.006339138227536623,1.3462536235923357,1.4481519982190048,0.4315068075578905,0.29278352664246565,0.36750271074382224,0.300050479902332,0.15804468031310304,-0.04689207214811342,0.48167471405300044,-0.10359866972313914,0.27944414212680346,0.06727993116106479,0.6201149551613473,-0.12795550333411299,0.12795550333411299,0.08641848839959554,0.5255473910569253,0.15009666806310024,-0.0851581828908281,1.3683356449208157,0.3116194385197497,0.2641649752877926,0.8138019630470454,-0.08628882359625212,0.6675531906461543,0.5202010974823006,0.36750271074382224,0.6675531906461543,0.1622340150646302,0.12445667715226794,0.434782641904887,0.098398241747498,0.3763927025981497,0.434782641904887,0.5926364260126608,0.6061908213439847,1.6702343770394552,1.210248350412468,0.02690149305510092,-0.12795550333411299,0.12795550333411299,0.7762039749983334,45299504.52230431,1.3183036646302986,0.3253968253968254,0.07142857142857142,0.047619047619047616,0.05124213947107765,0.599643186229341,0.9140769437489773,-0.044039413005479644,0.11298531155494262,0.15412225516655842,1.9823202365093073,1.0078850714803347,0.09166657560401847,0.1260272930265302,0.30624994412064765,0.12012679013367977,0.7172372569761633,1.3800757311259448,-0.13475385382165495,0.03256544201259081,0.2569417962938072,-0.12795550333411299,0.12795550333411299,0.4649531947586687,0.14285714285714285,0.9682539682539683,59718502.81769056,17.90515247703426,0.38095238095238093,0.12698412698412698,0.06349206349206349,0.05825173800305245,0.10280537838766679,0.20129868000984996,0.19858218521661034,0.19656493412184983,0.6666666666666666,0.06001781898733821,-0.10359866972313914,0.19656493412184983,0.18552631157729094,0.19656493412184983,0.05934530199506205,0.9898417318121456,0.046899076777967945,-0.12795550333411299,0.12795550333411299,0.36899565182807703,110885801.34690376,-0.05129369549850138,0.09166096549844678,-0.0031796472254066455,0.011038622544558896,0.058389939306737304,0.08805856861701877,0.2687020574333261,2.0,8.0,2.0,1.0,0.0,1.0,63.0,126.0,0.6349168646080761,0.5518340624936546,0.7065390497312258,3.3508773157307665,3.3508773157307665,1.0,0.3110229705691587,0.41481778767275485,1,1,1,1,1,1
historical_mega100_examples,2024-09-30,ALAB,52.38999938964844,,,1.2287561708126413,1.286460158278845,,,-0.29384017164543175,0.10558480515138202,-0.08806169162440824,-0.18439147687961377,0.050198795386922845,0.14247202246922952,-0.3963664747817739,0.15964749015274082,-0.37312411458888767,-0.38868143226085583,0.38868143226085583,-0.10106576458120986,-0.38190186326984,0.09695529753804398,-0.23855593099448646,1.3612707048440933,-0.02735799977284592,-0.2146378839363049,-0.3200277322336661,0.15988271963082534,-0.18825536649404973,-0.28799913380310715,-0.38190186326984,-0.18825536649404973,-0.06244193580456836,-0.101680715842828,-0.13419268149269092,-0.27549163165342705,-0.15432567250182105,-0.13419268149269092,0.7875132165316845,-0.16012532664831503,1.0309098127257095,1.0641698525897296,0.03665268839954535,-0.38868143226085583,0.38868143226085583,0.44047294276160387,130330724.98368157,0.9692814243849946,0.4523809523809524,0.12698412698412698,0.1111111111111111,0.07071956761174825,-0.7268250289687138,-0.6676350183659435,0.2247949679752197,0.027906317784291534,0.1858145771915607,0.6569714884711777,0.7467611314658587,-0.01779194289648811,0.19751021411756225,0.1950273541811527,0.0990992052086288,0.8380478235489864,0.9687455533690609,-0.4314253557359916,0.039644977589474245,0.19444213608358796,-0.13404959686531503,0.13404959686531503,0.44047294276160387,0.9841269841269841,0.5873015873015873,126327150.75331189,18.654385542468873,0.5079365079365079,0.15873015873015872,0.12698412698412698,0.0699772481582333,0.17337015135024836,0.1930657039783903,0.2668879633064396,0.2166743548258354,0.3333333333333333,-0.039189177342317506,-0.27549163165342705,0.2166743548258354,0.19045825884879042,0.2166743548258354,0.14576270329546936,0.8118551025737,0.03823025442141138,-0.04310503397902399,0.04310503397902399,0.3775966624056002,167719738.1653922,0.037343570616029664,0.045560767057791454,-0.007501987529135445,0.026216095977044995,0.02013299100913013,0.10252630313634215,0.37164001188746787,2.0,8.0,2.0,1.0,0.0,1.0,63.0,126.0,0.715914489311164,0.3391869532255054,0.9707959763863028,1.5281541991087049,1.5281541991087049,0.995260663507109,0.25937839243260796,0.3557622699896689,1,1,1,1,1,1
historical_mega100_examples,2024-09-30,APP,130.5500030517578,1.8953771563508044,2.2670171682382723,1.2799982027281769,1.4869285436626305,2.2760353337664,1.1860348356205335,0.8860156132547337,-0.2837819648359088,-0.03607932848339224,0.2022536803396171,0.36647981085000003,0.019503011417418392,0.7834893101183915,-0.3172821220651165,1.5393271500029615,-0.0012241118039235666,0.0012241118039235666,0.09930129294925694,0.8499362847713414,0.1544832879666538,0.15459832378190508,0.7338701484270793,0.4891807946864932,-0.6461985049987944,-0.44497974555865283,0.03591575945765768,0.6022336484188249,0.7793951821483001,0.6022336484188249,0.8860156132547337,0.021354906628406,0.14020925329164502,0.5687334911896171,-0.07354004634476652,0.548600500180487,0.5687334911896171,0.5755862964237518,0.8906592899062705,1.1331613719369011,1.1093964086318395,0.02624580699844987,-0.0012241118039235666,0.0012241118039235666,0.9543412737661912,365858561.9278378,1.051366292610858,0.31746031746031744,0.07142857142857142,0.03968253968253968,0.04694089031990019,-0.16734328618823113,0.1704892141094907,-0.0012241118039235666,0.285829186111082,0.4012668022833863,1.3450757346479925,0.7064193568298254,0.20453961847683066,0.1716089929147323,0.6932555854145368,0.35557297494081763,0.6385533701102117,1.0214215253629402,0.02217677110499805,0.028632164329285954,0.4282917233336099,-0.0012241118039235666,0.0012241118039235666,0.9444445075745094,0.047619047619047616,0.6190476190476191,384651359.87401086,19.767847925816973,0.3333333333333333,0.1111111111111111,0.06349206349206349,0.049180374549048146,0.25621252187109356,0.43604448106553817,0.6220613693024071,0.40572842888779315,0.8333333333333334,0.12203070714126446,-0.07354004634476652,0.40572842888779315,0.37951233291074815,0.40572842888779315,0.1747767382170713,0.6522321573236185,0.02944281583831352,-0.0012241118039235666,0.0012241118039235666,0.5436916580685245,613385402.8297061,0.02857638991347944,0.04477210956907298,0.010104915683162075,0.026216095977044995,0.02013299100913013,0.10252630313634215,0.37164001188746787,3.0,11.0,3.0,1.0,1.0,1.0,63.0,126.0,0.8558194774346793,0.29751049735703283,1.5794714065727917,1.4805053925880038,1.5794714065727917,0.9976303317535545,0.25937839243260796,0.3557622699896689,1,1,1,1,1,1
historical_mega100_examples,2024-09-30,MSTR,168.60000610351562,3.7642199445156583,4.135859956403126,1.1053257060904456,1.1539841579033625,1.669326643289199,0.6483517631059643,-0.010888367777864949,0.11683199766979258,0.593942448060189,-0.1918852593732846,0.415859507702243,-0.3751877181316916,-0.1134146709142071,0.23486261610682335,-0.01186861840620038,-0.12149062203361938,0.12149062203361938,0.016183408748987604,0.5830540802823241,0.31465635465773656,0.4314057583902531,0.5000015257186026,0.15502248487646475,-0.6090024330900243,-0.5214290469429109,0.1391163130927282,0.10594362989192763,0.22603644746546225,-0.010888367777864949,0.5830540802823241,-0.09643227265457022,-0.014645475883293901,0.2239742483289584,0.17202426863922748,0.20384125731982827,0.2239742483289584,0.9174081940469726,0.2581087684334529,0.8737534437671284,0.9458727509813489,0.04451325058790845,-0.06338014439178541,0.06338014439178541,0.6396471782622919,1869564764.384418,0.9075140499800429,0.5793650793650794,0.18253968253968253,0.1349206349206349,0.07398368845776382,0.709355376137383,1.1763882407108133,0.20098999158265574,-0.05047222146368047,0.18108337760671023,0.9050676462559896,0.7283398602633281,-0.1797775205724853,0.3047233924099964,0.044325003397793994,0.027546459526274658,0.8677514122760411,0.9237536897649327,0.3954371562784438,0.04208494754951977,0.10232220696308847,-0.06338014439178541,0.06338014439178541,0.47506563081340847,0.7777777777777778,0.25396825396825395,1696656291.0264878,21.251925264102876,0.5555555555555556,0.1746031746031746,0.09523809523809523,0.07153130329658659,0.213013680478634,0.16398939146884972,0.34085020924827536,0.27322163143674727,0.5,0.03754235785124679,-0.3751877181316916,0.4314057583902531,0.24700553545970227,0.27322163143674727,0.20794409442800132,0.8015885688887243,0.04086580161591353,-0.04324137478380785,0.04324137478380785,0.47506563081340847,1607753641.4742243,0.10923244719012137,0.0603287692291183,0.0323039110068537,0.026216095977044995,0.02013299100913013,0.10252630313634215,0.37164001188746787,2.0,8.0,2.0,1.0,0.0,1.0,63.0,126.0,0.9820665083135391,0.4501778834449386,1.2981612526325028,0.7177935031590037,1.2981612526325028,0.9928909952606635,0.25937839243260796,0.3557622699896689,1,1,1,1,1,1
historical_mega100_examples,2024-09-30,RKLB,9.729999542236328,0.8498210127724157,1.2214610246598836,1.3948791369046123,1.5103455638039376,0.7594935213526033,1.1221372870846706,1.3673964053904641,-0.14085182940782515,0.22036943687421306,0.16788322014735546,0.8591999372694985,-0.0851581828908281,1.264870102254122,-0.3403132479736102,2.0384458627197963,-0.005112494079759333,0.005112494079759333,0.15437179785339028,1.5877658422646772,0.1820635098759899,0.1622340150646302,1.3449909857842368,0.7722325150763962,0.3551273777286912,1.746955883548297,0.0368036792841373,1.226544575982639,1.3939022745459269,1.226544575982639,1.5877658422646772,0.098398241747498,0.17119167182111394,1.027083157416854,0.09166657560401847,1.0069501664077238,1.027083157416854,0.6708033950757052,1.3084311473149772,1.2106788241265432,1.1701983503144628,0.03068518374961902,-0.005112494079759333,0.005112494079759333,1.7563738303390415,57816347.61844703,1.432296163597109,0.38095238095238093,0.1111111111111111,0.047619047619047616,0.0552411020111436,1.49625580625789,2.873774788848554,0.12284300925435365,0.25042035912450644,0.5375376621523444,1.6168967576299782,1.9493824344350028,0.19656493412184983,0.21115329843180972,0.8568702227557621,0.24748748335591975,0.7849730263029311,1.0345928310368941,0.8170466609372629,0.036778259801829756,0.2187405622986165,-0.005112494079759333,0.005112494079759333,1.1244540839125134,0.015873015873015872,0.5873015873015873,82810132.88709852,18.232061001807253,0.4444444444444444,0.19047619047619047,0.047619047619047616,0.06342853190848406,0.3772765318415181,0.3817672395215814,0.6794919343185961,0.5518340624936546,0.8333333333333334,0.16925660769013717,-0.0851581828908281,0.5518340624936546,0.5256179665166096,0.5518340624936546,0.33424746575678177,0.8121274655703478,0.038855981181094554,-0.005112494079759333,0.005112494079759333,0.6746987328852596,107842209.29530235,0.2027193699402583,0.05953603091232316,0.09547396809419251,0.026216095977044995,0.02013299100913013,0.10252630313634215,0.37164001188746787,2.0,8.0,2.0,1.0,0.0,1.0,63.0,126.0,0.6546318289786224,0.09969170736526722,1.8037000996996464,1.6176773393249824,1.8037000996996464,1.0,0.25937839243260796,0.3557622699896689,1,1,1,1,1,1
historical_mega100_examples,2024-10-31,APP,169.38999938964844,3.2600047293399617,3.648463385657011,1.2244907640686562,1.2815394731946719,3.1184049353444534,1.4471250563772786,1.4003117489324848,-0.36486357655841006,-0.32139677089040175,0.09253222059707333,1.1044846761867162,0.15459832378190508,1.257326596327729,-0.20329485214869525,2.5134092664946994,-0.016546713960879034,0.016546713960879034,0.16375127437914294,1.078914978042083,0.1992948724180465,0.021354906628406,0.7116969013438342,0.6410038719335713,-0.009678917104182339,1.1757521523633314,0.10661946133159628,1.0354481723740747,1.1715582997828808,1.0354481723740747,1.4003117489324848,-0.07354004634476652,0.3274121117507083,1.1970168967837895,0.20453961847683066,1.1684436988426512,1.1970168967837895,0.5571363834770193,2.1178054076457418,0.6909103669922028,1.0145015319833004,0.024417531932715522,-0.016546713960879034,0.016546713960879034,1.5229371601061525,412817863.8617682,1.187176103359108,0.2777777777777778,0.07142857142857142,0.031746031746031744,0.04455493433532862,-0.27316574484259093,-0.05692492409458161,-0.015322602156955467,0.3573715691693591,0.34233771693394743,1.3002440894400127,0.5283570144627443,0.40572842888779315,0.17586818942417884,0.8239473929151209,0.32456952078208645,0.5652157145610717,0.6810343259329605,-0.2552442856759153,0.02504684077234059,0.26320808030591647,-0.016546713960879034,0.016546713960879034,1.5229371601061525,0.031746031746031744,0.9841269841269841,490087503.0164446,20.0100945127509,0.25396825396825395,0.12698412698412698,0.015873015873015872,0.04501816956802452,0.16726100801266885,0.2971053575565079,0.7728924483532186,0.29751049735703283,0.8333333333333334,0.1683652881312002,-0.07354004634476652,0.40572842888779315,0.3061567901733374,0.29751049735703283,0.10790804515611763,0.38493130317281604,0.017637129188003302,-0.016546713960879034,0.016546713960879034,0.25242143726172594,534713562.5900995,0.04399650821945511,0.03560845040911553,0.006961158631357378,-0.00864629281630458,0.02857319794113833,0.14298515260475586,0.3884586563170491,3.0,11.0,3.0,1.0,1.0,1.0,63.0,126.0,0.8813539192399049,0.9880158286403482,0.9117420611553242,1.1818879371250328,1.1818879371250328,0.9976303317535545,0.238809718742682,0.29482455578974126,1,1,1,1,1,1
historical_mega100_examples,2024-10-31,RKLB,10.699999809265137,1.1410921146091413,1.5295507709261904,1.4140911938024114,1.4082334996112686,1.206185571064616,1.603406195054236,1.845744637341562,-0.6165780989904448,-0.39723203105433846,0.3936169639384923,0.6483678216795159,0.1622340150646302,1.7027594847368062,-0.8037598517235538,2.6238199414086227,-0.06713168612359,0.06713168612359,0.22925099194684884,1.4485126062872236,0.3125365408420954,0.098398241747498,1.496945147648947,0.5554699226474877,1.5599427529554766,4.227364153588163,0.016784404205043346,1.2291665383511172,1.507807927326634,1.2291665383511172,1.845744637341562,0.09166657560401847,0.32252052843361145,1.0419847856180082,0.19656493412184983,1.01341158767687,1.0419847856180082,0.7034570506201185,1.2588898949758354,0.896785933143625,1.17661950471343,0.0328340471329571,-0.06713168612359,0.06713168612359,1.6952140383260565,76211296.97595003,1.5487176608753388,0.4126984126984127,0.1349206349206349,0.03968253968253968,0.059217356802234486,-0.35891141365986345,-0.2950001979152296,-0.06201919204383066,0.37140619854828927,0.24618572201264133,1.4673871999951034,1.1492659484579637,0.5518340624936546,0.17739563310826012,0.7065390497312258,0.3781744423546751,0.8277012864878142,0.7621715682522536,-0.05800238069472996,0.03904386851635553,0.296317975423517,-0.06713168612359,0.06713168612359,1.3362445387568669,0.031746031746031744,0.9523809523809523,118029781.58486912,18.58644754537076,0.4603174603174603,0.20634920634920634,0.047619047619047616,0.06968618818486946,0.07844782703792141,0.17882907280903093,0.1580274964239552,0.09969170736526722,1.0,0.20006492273281973,0.09166657560401847,0.5518340624936546,0.1083380001815718,0.09969170736526722,0.018950555751186426,0.6308503875668252,0.028198959028262433,-0.06713168612359,0.06713168612359,0.15675673613677144,126015581.27996808,-0.03516683912922092,0.06344461108492226,-0.03725034331502719,-0.00864629281630458,0.02857319794113833,0.14298515260475586,0.3884586563170491,2.0,8.0,2.0,1.0,0.0,1.0,63.0,126.0,0.6989311163895486,1.549532819900028,1.3803738100350245,1.7149532481211947,1.7149532481211947,1.0,0.238809718742682,0.29482455578974126,1,1,1,1,1,1
historical_mega100_examples,2025-03-31,LEU,62.209999084472656,0.4353957106566664,0.4979533087654451,1.279989453383957,1.4013839647470365,0.45520465694672874,0.5709596333728999,0.13418415342024326,-0.4505577898546097,-0.5349162548793605,0.21440296195776543,-0.2804591319857105,0.8926162342114305,0.17043608220767004,-0.20024032344818832,0.1142926875441068,-0.4759497972853597,0.4759497972853597,-0.016859840698419726,-0.4007321014591172,0.28759174546399496,-0.12339849590462981,1.4233683370995613,-0.23595401867631305,0.7017878840479084,0.5893742942277429,-0.08409369715493631,-0.31637363643436645,-0.19430719482441347,-0.4007321014591172,0.13418415342024326,-0.268021971314818,0.016558509495050222,-0.06605617002794506,0.23555025217891878,0.015337169752672075,-0.06605617002794506,1.174039707207516,-0.0633361299661588,0.5503462464745178,0.8883397198461276,0.05100379592216592,-0.4759497972853597,0.4759497972853597,0.13418415342024326,85367404.15037851,0.8010534462695107,0.6031746031746031,0.2222222222222222,0.15873015873015872,0.08692330574960928,0.32665764546684706,-0.09036296862878768,-0.24024938499213055,-0.12837169487402944,-0.2792845069170662,0.6164462399238047,1.26007326007326,0.10243013356723951,0.44781754987144057,-0.24410696503438423,-0.24095755997460977,1.0429461045889543,0.6195222775469785,0.2207695181172955,0.043946055085520165,-0.2736132583671329,-0.4759497972853597,0.4759497972853597,0.0,0.5079365079365079,0.0,68383853.29374284,18.040647306391893,0.5873015873015873,0.15873015873015872,0.15873015873015872,0.07616308685065526,-0.23826356318053932,-0.24321447695548448,-0.4864966622945271,-0.3143392837787373,0.5,0.08747281149323395,-0.3143392837787373,0.8926162342114305,-0.2384774263579732,-0.3143392837787373,-0.1677647733051566,0.6461283460736983,0.03618277316046453,-0.29943697132292835,0.29943697132292835,0.0,46030779.91460165,-0.13056239690942129,0.07311640877331854,-0.08857830363649033,-0.07586185742076412,-0.08139333978061714,-0.03625192878742678,0.0625575981087787,1.0,3.0,1.0,0.0,0.0,1.0,63.0,126.0,0.6541567695961996,0.11380810055054025,1.0401864657899345,1.944542603626274,1.944542603626274,1.0,0.3342806330056423,0.4819195530189001,1,1,1,1,1,1
historical_mega100_examples,2025-04-30,ALAB,65.30999755859375,-0.3561495608290234,-0.22947149702020664,0.9544139769669397,0.9808352215157626,0.48973534058572477,0.24661191676780447,-0.06912779148178583,-0.43778048286030347,-0.2983298592824394,0.4455529201136321,-0.8015971053067691,0.4716361831628755,-0.05486068682274725,-0.28691639371135114,-0.06709911165535203,-0.5520883433774908,0.5520883433774908,-0.07664711386833234,-0.3674576507642252,0.22364366468750227,0.2828086871500455,1.3812186043535297,-0.29406235880769593,-0.7284904047859528,-0.8251598173860567,-0.08272610565009975,-0.5069082743420893,-0.3144979055293668,-0.5069082743420893,-0.06912779148178583,-0.23427708187432073,-0.20941434463655717,-0.35604418519313696,-0.26690988151795325,-0.26775812837843227,-0.35604418519313696,1.0302340787588056,-0.3908067249768619,1.040705647090398,0.884312893769164,0.043274321914049355,-0.5520883433774908,0.5520883433774908,0.23366073390194475,458374212.5245412,0.7685490351595697,0.5317460317460317,0.1349206349206349,0.14285714285714285,0.07254002143673527,-0.5343389387842123,-0.49032472424369755,0.19742308919259655,-0.13939406039388513,-0.02161850898556872,0.5821806815158294,0.38781489290866716,-0.19744452732282747,0.3074734923306176,-0.12158710290591179,-0.11049942067364538,0.9110492794468081,1.176852282063477,-0.6761940648859677,0.04414419368533372,-0.08706842688903782,-0.38716338795517835,0.38716338795517835,0.23366073390194475,0.9206349206349206,0.2698412698412698,352283058.7777637,19.679945557505246,0.6031746031746031,0.14285714285714285,0.19047619047619047,0.07675346435292735,0.0495303139886738,0.016502287268266302,0.0881574886024243,0.09451985189742684,0.5,0.02505553858254106,-0.26690988151795325,0.4716361831628755,0.08055158645678206,0.09451985189742684,0.08876760609620238,1.0721704235892626,0.045883524260831185,-0.012101089765117146,0.012101089765117146,0.23366073390194475,219327077.1682921,0.06139027461468061,0.06515520612533081,-0.0035093584638492548,0.013968265440644778,-0.0882860568147047,-0.014267104659038576,0.12667806380881674,2.0,8.0,2.0,1.0,0.0,1.0,63.0,126.0,0.8149643705463183,0.3890675947325284,0.3844740705712597,1.0935538330845884,1.0935538330845884,0.9928909952606635,0.40908493906823584,0.5577255704085546,1,1,1,1,1,1
historical_mega100_examples,2025-04-30,LEU,69.29000091552734,0.48734477390296194,0.6140228377117787,1.19492666151667,1.2670755285299333,0.5859465116386691,0.2632634975955237,-0.3325305602052654,0.37276476348733667,0.09395914169457686,-0.20720542349203896,0.049125208986474656,-0.12339849590462981,-0.3182634555462268,0.17445034569970108,-0.30646883498997135,-0.4163086391212809,0.4163086391212809,-0.045392017993369005,-0.23857141851068853,0.1938704309364887,-0.268021971314818,1.1845206684256817,-0.10853395400846533,-0.5639947818524425,-0.6329185802627537,-0.16770098796620747,0.04023420328207128,-0.17695592514462755,-0.3325305602052654,0.04023420328207128,0.23555025217891878,-0.14581368473514222,-0.1580802145055643,0.10243013356723951,-0.06979415769085962,-0.1580802145055643,1.085038745346315,-0.1570319513392053,0.8365924739010965,0.9277783685000656,0.047997383686725896,-0.4163086391212809,0.4163086391212809,0.2730112167377394,76891531.90567985,0.7990439498428381,0.5714285714285714,0.1984126984126984,0.18253968253968253,0.0853417988939887,-0.6931864545083639,-0.6582685876727841,0.05964115816407878,-0.18754642450735182,-0.060229905299825304,0.6701484728496532,0.43760153238125254,-0.3143392837787373,0.22541076046110434,-0.23630554004347237,-0.14165790993241012,1.0066754769167623,0.9017158648068193,-0.5533115533115534,0.04325942173918483,-0.054575681729194025,-0.4163086391212809,0.4163086391212809,0.2730112167377394,0.8412698412698413,0.2698412698412698,61439713.363381036,17.93356699775937,0.6190476190476191,0.12698412698412698,0.20634920634920634,0.08069619313534408,0.044279007941540494,0.02241561636556999,0.125375874485674,0.11380810055054025,0.5,-0.042328544116914425,-0.3143392837787373,0.23555025217891878,0.09983983510989547,0.11380810055054025,0.07993112278024195,0.9077352482478156,0.0443830710056494,-0.0235343600689355,0.0235343600689355,0.2730112167377394,38494367.559778124,0.024287853116286007,0.06277963048739552,-0.007107430502880319,0.013968265440644778,-0.0882860568147047,-0.014267104659038576,0.12667806380881674,1.0,3.0,1.0,0.0,0.0,1.0,63.0,126.0,0.6477434679334917,0.8317216985416946,1.6436713848380404,2.10867356112583,2.10867356112583,1.0,0.40908493906823584,0.5577255704085546,1,1,1,1,1,1
historical_mega100_examples,2025-04-30,RKLB,21.790000915527344,4.668534960338737,4.795213024147554,1.1291575213788931,1.0846135176115785,3.158397302921556,1.2394657698533833,1.036448719995244,-1.1809323673072263,-1.2376950408505696,1.7149532481211947,-1.9648671383863365,1.549532819900028,1.0507158246542825,-1.2863626102603858,0.9789168571885956,-0.30978773753045896,0.30978773753045896,0.005342178404515785,-0.20124632085532557,0.698774197125191,-0.06634902227759387,1.3651402154830787,-0.06244886773236713,-0.4959311371005656,-0.6219049475892897,-0.20808584401044383,-0.1444836473119825,0.2302395839426453,-0.20124632085532557,1.036448719995244,0.14055751944323713,-0.1596105363362501,-0.24991389026514177,-0.2946643611274854,-0.16162783345043708,-0.24991389026514177,1.0587709389047373,-0.2763504976281969,1.0099278138120504,0.8541381730000378,0.04805377686043503,-0.30978773753045896,0.30978773753045896,1.036448719995244,448251662.0491043,0.8496738016998003,0.5714285714285714,0.20634920634920634,0.15873015873015872,0.08661659676544638,-0.31273087725094995,-0.1624387294840679,0.14573107661896068,-0.02308980297102803,0.10291144882579784,0.7517021621757576,0.5348428785584066,-0.1273792405810813,0.6693039048397567,0.0634456397721197,0.05971422855406128,0.904336675381627,1.182393956547831,-0.5054110992925227,0.04449422401583178,0.10443221433631078,-0.28790847569000055,0.28790847569000055,0.33109345133960066,0.873015873015873,0.2698412698412698,380867693.8115165,19.757962615070497,0.5555555555555556,0.15873015873015872,0.2222222222222222,0.08557251438746799,0.11475861682689659,0.17425761045801869,0.20451120749115625,0.2186801978906301,0.5,0.23672965220795575,-0.2946643611274854,1.549532819900028,0.2047119324499853,0.2186801978906301,0.09727699922916044,1.0692822196557934,0.05052784202379767,-0.038817783758493096,0.038817783758493096,0.33109345133960066,317337979.17926425,0.043507452041186445,0.07306102820104807,-0.019528387104991163,0.013968265440644778,-0.0882860568147047,-0.014267104659038576,0.12667806380881674,2.0,8.0,2.0,1.0,0.0,1.0,63.0,126.0,0.8384798099762469,0.22946304680680618,0.6415786578638607,1.1073885378418304,1.1073885378418304,0.9976303317535545,0.40908493906823584,0.5577255704085546,1,1,1,1,1,1
historical_mega100_examples,2025-04-30,SEDG,12.234999656677246,-0.9180676744079121,-0.7913896105990954,1.2236024612041918,1.3409703531653128,-0.5760568469188191,-0.4659537434235601,-0.28282532006507344,0.1824576225279232,0.057192377595355115,-0.23212187622738045,0.16609128847136423,-0.07385693520816994,-0.26855821540603486,0.21679473230905721,-0.26036139463166413,-0.7976013316416987,0.7976013316416987,-0.004247617193056774,-0.22563294246971832,0.09332124951082332,-0.13924049257639992,1.0858299753859422,-0.17024973415780487,-0.06786976744186046,-0.12941887456282652,-0.07094292276625891,-0.10036769753715025,-0.20294198669064734,-0.28282532006507344,-0.10036769753715025,-0.0367647048511307,-0.021162872253750353,-0.06603058775601622,0.2587785718268889,0.02225546905868847,-0.06603058775601622,1.0862797860842206,-0.06380932439904899,1.1990508001745679,0.9526191738976877,0.050857553516910646,-0.37671929802571436,0.37671929802571436,0.16913516275980678,67037081.69055061,0.892303441244927,0.5952380952380952,0.20634920634920634,0.18253968253968253,0.09219045253665592,-0.3123713321072713,-0.4800286553209947,-0.20096794789391492,-0.14874177791170107,-0.2008282674078392,0.8832137642548756,0.8000319361277445,-0.018799240160411568,0.16866218584920514,-0.258035183353577,-0.19778825165334224,1.0348109524413072,1.258688501165259,-0.22475526351079522,0.04891438533761659,-0.2540826232126179,-0.37671929802571436,0.37671929802571436,0.05656301703683986,0.7777777777777778,0.20634920634920634,59817418.683495596,17.90680747555664,0.5873015873015873,0.20634920634920634,0.1746031746031746,0.090320128183394,-0.1436071290870039,-0.23736941344400564,-0.18719285676271405,-0.243819565765804,0.16666666666666666,-0.0422837277891712,-0.243819565765804,0.2587785718268889,-0.25778783120644877,-0.243819565765804,-0.06686753948101076,1.3025046467177432,0.06483428028894163,-0.27302437836357196,0.27302437836357196,0.05656301703683986,47972564.52864692,-0.015212525329958981,0.10566875409754543,-0.013942644729185494,0.013968265440644778,-0.0882860568147047,-0.014267104659038576,0.12667806380881674,1.0,3.0,1.0,0.0,0.0,1.0,63.0,126.0,0.6485748218527316,0.45974671937195155,0.6673477883913945,1.0972619997915714,1.0972619997915714,0.995260663507109,0.40908493906823584,0.5577255704085546,1,1,1,1,1,1
historical_mega100_examples,2025-05-31,ECHO,17.729999542236328,-0.23536309730875216,-0.076562560535965,0.5537753126975302,0.5630425706897405,-0.04368939230270674,-0.2924980079775277,-0.2989324278216767,-0.06006975438928375,0.0731682285895302,0.23487538203535596,-0.6671520454321076,-0.09450380428929417,-0.3204776610674229,-0.1333442355750749,-0.5041441794728747,-0.43227666339675164,0.43227666339675164,-0.010374071444965605,-0.22576419923214652,0.06672621320937938,0.20786027546612384,1.7161731275875047,-0.29624985903705914,1.412403946710317,0.36957801786122624,-0.4293530828328308,-0.3590021822109605,-0.2945662697549279,-0.3590021822109605,-0.22576419923214652,0.1290672347982038,-0.10612576500846138,-0.43227666339675164,-0.18091577654008795,-0.4553282570466186,-0.43227666339675164,0.5929502709606522,-0.5655541629689649,1.6659854642062104,1.2890486704159736,0.02357533086277583,-0.43227666339675164,0.43227666339675164,0.0,55658101.34219821,1.228081031575621,0.2222222222222222,0.031746031746031744,0.07142857142857142,0.047633760770887754,7.648084759576202,5.8207536454982325,-0.14917376396456583,-0.07017023700644942,-0.22450445605437563,1.35437239878641,3.051299746951921,-0.12118844373399795,0.17240725130062598,-0.3068803911212995,-0.024147468731739674,0.76434175840462,1.2924147105078663,1.2339995508645853,0.03080525222839606,-0.06138604780425172,-0.4293530828328308,0.4293530828328308,0.0,0.9841269841269841,0.0,68352658.51186723,18.04019103057282,0.30158730158730157,0.047619047619047616,0.14285714285714285,0.05842114887105186,-0.19316184559062133,-0.13353404660368995,-0.21389854572849204,-0.21129893668705413,0.3333333333333333,-0.045163241831017754,-0.21129893668705413,0.20786027546612384,-0.30308181117111865,-0.21129893668705413,-0.1890408701634474,0.9878465324175805,0.03968989350181522,-0.2688659982582957,0.2688659982582957,0.0,72987347.87790208,-0.1455010091187886,0.10103939514901189,-0.0940214883436048,0.09178287448406452,0.023051593649866975,0.021545233245746198,0.15880053677278716,1.0,3.0,1.0,0.0,1.0,0.0,63.0,126.0,0.5783847980997625,0.5623238284328564,0.8381275236331582,2.4850537231166574,2.4850537231166574,1.0,0.3002246838935618,0.4063464519618715,1,1,1,1,1,1
historical_mega100_examples,2025-05-31,UUUU,4.889999866485596,-0.4602291272748449,-0.3014285905020577,1.4034521827545214,1.524664417827135,-0.0020408629973885928,-0.18770766080085677,-0.32644632061688805,0.24735026019883566,0.2796626475951812,-0.4325069207065807,0.6194001251519069,-0.2933884362657898,-0.34799155386263425,0.5133395250622143,-0.48926171203294383,-0.3292181218005633,0.3292181218005633,-0.04743652756667194,-0.04678367302170683,0.15299097906937179,0.035087685053246886,1.3480814384070632,0.05784620158652465,-0.4404193171491627,-0.33583749018546594,0.3297546340317212,-0.0790960604180524,-0.15077535135221576,-0.32644632061688805,-0.04678367302170683,-0.22410547458453434,0.04476900446852872,0.1868932044453262,-0.0946601643977164,0.16384161079545922,0.1868932044453262,0.6672222914408377,0.24768991102591686,1.176780316329439,1.130875110988275,0.029820273150950875,-0.32644632061688805,0.32644632061688805,0.42151156544943347,36457752.78368337,1.049532648303615,0.3253968253968254,0.10317460317460317,0.06349206349206349,0.05679820301774832,0.2862983244057833,0.3915926241476655,0.08136323461574768,0.12859329041394485,0.11694834240545604,0.9084125009581839,0.9809947370916505,0.21179623533869574,0.19217863140419508,0.31099191460600784,0.13196693282044558,0.7545450828870085,1.040592639182807,-0.03180194817349369,0.032652082464575474,0.05679826012994016,-0.10275228667485947,0.10275228667485947,0.42151156544943347,0.047619047619047616,0.5714285714285714,38263601.83025769,17.46000968456484,0.3333333333333333,0.14285714285714285,0.07936507936507936,0.0617365527497593,0.04666092434433522,0.13930131196225548,0.10425507713713489,0.0818583821062846,0.5,-0.04723529545830222,-0.2933884362657898,0.21179623533869574,-0.009924492377779925,0.0818583821062846,0.03557810549397944,0.7851740591838021,0.026499452415961973,-0.10275228667485947,0.10275228667485947,0.12413792498660747,47370963.475892656,0.014733318256743066,0.05331582859387879,-0.06285936414596904,0.09178287448406452,0.023051593649866975,0.021545233245746198,0.15880053677278716,1.0,3.0,1.0,0.0,0.0,1.0,63.0,126.0,0.6178147268408551,0.17586915275980974,0.8588957874800112,1.3640083303161274,1.3640083303161274,0.9976303317535545,0.3002246838935618,0.4063464519618715,1,1,1,1,1,1
historical_mega100_examples,2025-06-30,ALAB,90.41999816894533,0.3364152417008113,0.49429847425344087,0.9320147163060721,0.9698113046111694,0.7259018748301629,-0.1242615189448395,-0.31732729141338545,0.5334671706955308,0.20886741960707544,-0.5494903771703166,1.0648247318477995,-0.23427708187432073,-0.3991947056137636,0.8326616460908683,-0.35546177162568865,-0.37987792549951827,0.37987792549951827,-0.06381819151917889,-0.10845987180631,0.26881772622289996,-0.26690988151795325,1.1737719063242606,0.15348182249298747,0.061082536044559266,0.6078948200166292,0.4930562779909101,0.2161398792821454,-0.06988242797918336,-0.31732729141338545,0.2161398792821454,-0.19744452732282747,0.1769997662940339,0.5153343546774829,0.09451985189742684,0.33760784663974985,0.5153343546774829,0.8927184770449524,0.6201163268119724,0.8456472878946878,0.9308965184352072,0.04028773063238913,-0.37987792549951827,0.37987792549951827,0.7079712979691533,407147565.05057317,0.8599747932463451,0.49206349206349204,0.12698412698412698,0.15873015873015872,0.06979681447173308,-0.6425717953551839,-0.6437537789391224,-0.021610170134817253,0.20627825139711686,0.07816130985753911,1.1187222187010875,0.6329100509475503,0.3890675947325284,0.25198544349087887,0.3844740705712597,0.09101173804047158,0.8310285222239266,0.908422441321599,-0.2918882387465097,0.03692591279531278,-0.017184945109983807,-0.09153019915686478,0.09153019915686478,0.7079712979691533,0.1111111111111111,0.9206349206349206,350136643.0751195,19.673834047900137,0.4126984126984127,0.14285714285714285,0.1111111111111111,0.0654397985257721,-0.027006103868666753,-0.04846414783635389,-0.004380451146050319,-0.003306911901686971,0.3333333333333333,-0.03639182599780553,-0.26690988151795325,0.3890675947325284,-0.06716526895812691,-0.003306911901686971,-0.022573674565031676,0.7549249589665401,0.03725028878123068,-0.09153019915686478,0.09153019915686478,0.052006996851842846,459299802.83283055,-0.020426747199178807,0.07132429315033587,-0.009182762065918837,0.06385835705643994,0.17772650803773304,0.08186741420037813,0.1578832325526296,2.0,8.0,2.0,1.0,0.0,1.0,63.0,126.0,0.8223277909738718,0.512165433492553,1.0150409272051792,1.165450199256973,1.165450199256973,0.995260663507109,0.2542830316486978,0.3734547102379937,1,1,1,1,1,1
historical_mega100_examples,2025-06-30,ECHO,27.700000762939453,0.3974228647838398,0.5553060973364694,0.8427880314353745,0.9436644422271101,0.11603549973918037,0.09529457335576597,0.2096070403654111,-0.3226393436327488,-0.2081608756601323,0.11703058296154567,-0.03415330205629008,0.20786027546612384,0.12773962616503298,-0.12672975946015552,0.20886543313399417,-0.11303230326733771,0.11303230326733771,-0.03770289239394442,0.0014461647052788074,0.16357078785891724,0.1290672347982038,1.6881104476230153,0.14012886220238108,0.1400431284730861,0.23452680307565643,0.14238753205625487,-0.11303230326733771,0.03267363393445074,-0.11303230326733771,0.2096070403654111,-0.18091577654008795,-0.05543880377740429,0.08287728090525559,-0.12118844373399795,-0.09484922713247745,0.08287728090525559,1.0035506460800585,0.06102242646122505,2.0492333610917317,1.3533394023517413,0.033172545795261445,-0.11303230326733771,0.11303230326733771,0.732332780452718,69171026.9475846,1.1405977853564733,0.30952380952380953,0.05555555555555555,0.10317460317460317,0.05286636399878288,-0.7409246833534379,-0.5952404594442885,0.3908248383489977,-0.04168111323995838,0.2733290771127146,1.237520511429805,0.7258988689873697,-0.21129893668705413,0.29776621514919205,0.2322064647241464,-0.0318382191167611,1.3581446315956902,1.5142050527241822,-0.4346246392409836,0.04746129182389098,0.2060095904136976,-0.038528244483833074,0.038528244483833074,0.732332780452718,0.015873015873015872,0.2222222222222222,78896320.14724793,18.18364515795145,0.42857142857142855,0.07936507936507936,0.1746031746031746,0.06522778315975918,0.3067065404254903,0.30444242757788675,0.2734360519196949,0.5623238284328564,0.5,0.06430803028934068,-0.21129893668705413,0.5623238284328564,0.4984654713764165,0.5623238284328564,0.2930028857829634,2.056509463492417,0.07536955728993644,-0.038528244483833074,0.038528244483833074,0.732332780452718,122925120.409248,0.0800483813740589,0.06738008635223135,0.05051581961545182,0.06385835705643994,0.17772650803773304,0.08186741420037813,0.1578832325526296,1.0,3.0,1.0,0.0,1.0,0.0,63.0,126.0,0.626603325415677,0.17653426913225556,1.2306858921894972,1.7566786464683273,1.7566786464683273,1.0,0.2542830316486978,0.3734547102379937,1,1,1,1,1,1
historical_mega100_examples,2025-06-30,UUUU,5.75,-0.20903833910488367,-0.05115510655225408,1.3943282214715786,1.491686982262849,0.04735887790918447,-0.20798900568552758,0.12085767480078347,0.27477343192671766,-0.03799513959138778,-0.27290449593294164,0.8144594478356688,0.035087685053246886,0.038990260600405335,0.4206972771019437,0.17108207523246136,-0.2112482811949945,0.2112482811949945,0.004901643182891657,0.08286253520939568,0.17066939232271644,-0.22410547458453434,1.2301613983645303,0.23554943999680433,-0.20890843957433358,0.21951111238264165,0.34022252303929157,0.3956311067275011,0.19978377224589342,0.08286253520939568,0.3956311067275011,-0.0946601643977164,0.15254935647375634,0.5415549519027272,0.21179623533869574,0.36382844386499413,0.5415549519027272,0.7064309609090582,0.6826928486757873,1.038031554635757,1.1229164728228982,0.031636785662171575,-0.02542374456658214,0.02542374456658214,0.6715116001032961,42771234.714140214,1.1639224208303953,0.3492063492063492,0.1111111111111111,0.0873015873015873,0.06022448187242759,0.04512289900126443,0.22892777777849282,0.07732854210827733,0.14259125994152555,0.14273222020245524,1.2709876887278337,0.9265615546387724,0.0818583821062846,0.1656181816413353,0.2721238991734154,0.18416576245809502,0.7932629629168902,0.9244067388434074,0.11082937093400291,0.03489927599195348,0.18927974027151362,-0.02542374456658214,0.02542374456658214,0.6715116001032961,0.031746031746031744,0.8888888888888888,49782399.05038712,17.723172066887088,0.4126984126984127,0.12698412698412698,0.09523809523809523,0.06670336110940371,0.08069164342610802,0.10739300381931716,0.23983324901338188,0.17586915275980974,0.6666666666666666,0.030974302712631036,-0.22410547458453434,0.21179623533869574,0.1120107957033698,0.17586915275980974,0.032038052384107285,0.7332976285952614,0.03426266664532033,-0.02542374456658214,0.02542374456658214,0.18069817969613622,66241592.671467006,0.012323931764099738,0.06732919349433472,0.01018972170654675,0.06385835705643994,0.17772650803773304,0.08186741420037813,0.1578832325526296,1.0,3.0,1.0,0.0,0.0,1.0,63.0,126.0,0.6218527315914489,0.5808695917544158,1.0104348555855127,1.6695652837338657,1.6695652837338657,0.9976303317535545,0.2542830316486978,0.3734547102379937,1,1,1,1,1,1
recent_month_non_top10_control,2025-07-31,ABNB,132.41000366210938,-0.25742016841891535,-0.05123240198884693,1.1593368375663644,1.1622878336088514,-0.017657020124418166,0.007609770733826959,0.009453423118653603,0.09895110288908149,-0.05597168971488098,-0.07051917457592782,0.15655924717031866,0.05870242475969767,-0.07517020898334636,0.07658664947573723,0.020687885651994396,-0.17971747513262581,0.17971747513262581,-0.00854743483431597,-0.046518266596227376,0.07844873323888546,-0.13977098520335818,1.1767745042395474,0.026918936674810823,-0.4854795466008335,-0.44121016943907043,0.17611856981932728,0.10840452600773509,0.02377989417672044,-0.046518266596227376,0.10840452600773509,0.020592659495444643,0.036676080908713216,0.08604007259439084,0.05807088203236255,-0.10361337102039303,0.08604007259439084,0.4569545326031061,0.31095252898994463,0.4710288344257708,0.6055272405747688,0.01821643220268425,-0.17971747513262581,0.17971747513262581,0.2528148415505669,697614705.6822944,0.9110939979960835,0.14285714285714285,0.023809523809523808,0.05555555555555555,0.030178287237267648,0.05744837556943727,0.05800776149449094,-0.009568742391364626,0.02288615461829835,-0.018917718392436833,0.7355101710839026,0.6123593434888607,0.025891444479772208,0.07396311413752259,0.0264341369155765,0.02203077166362366,0.27669841719529203,0.7778821543662816,-0.320123002811994,0.013100208715632899,0.045375344045346155,-0.0685846915365459,0.0685846915365459,0.08827160068048134,0.047619047619047616,0.9365079365079365,635592571.2609427,20.270068306373755,0.07936507936507936,0.015873015873015872,0.0,0.023145251376290473,-0.027395862423638895,0.03276447050837761,0.002457717020672827,0.0005289959661174404,0.8333333333333334,0.004002570255006055,-0.13977098520335818,0.05870242475969767,-0.02370781153123458,0.0005289959661174404,-0.039309847683458576,0.21523876087761395,0.009431474424297486,-0.0685846915365459,0.0685846915365459,0.0,461383868.61012775,-0.04449540911136318,0.023421838049970042,-0.03697613403496791,0.02423680749735202,0.18965344361478387,0.08462363210199997,0.20618776643006842,2.0,7.0,2.0,1.0,1.0,0.0,63.0,126.0,0.7431116389548693,-0.014198359873246358,-0.08299981262147615,-0.04433201861062863,-0.014198359873246358,0.13744075829383887,0.25590549099175486,0.4154574718328839,0,0,0,0,0,0
recent_month_non_top10_control,2025-07-31,ADBE,357.69000244140625,-0.5577875369162054,-0.351599770486137,0.8874777785861455,0.9140362768399988,-0.25181975299579173,-0.1956238006367873,-0.1823294263114048,0.11495530585111635,-0.002069505573354835,-0.14280489079318648,0.09669574353639498,0.002537399292692477,-0.2669530584134048,0.1362202790546133,-0.5313880583604897,-0.3901798484604895,0.3901798484604895,-0.041158268601192316,-0.18439893188475964,0.0669748854491678,-0.12547883775456425,1.3204606361235955,-0.06963351174123755,0.3653305097564665,0.3023762842279154,0.04231119638708125,-0.06737412046028846,-0.14470082621881764,-0.18439893188475964,-0.06737412046028846,-0.02229287883654929,-0.011590276624212192,-0.046109147256791494,0.10696566263908114,-0.23576259087157536,-0.046109147256791494,0.34311916393821906,-0.1879684843324784,0.6001052343096684,0.7149193896084508,0.013356361167432189,-0.2292990589925431,0.2292990589925431,0.052029418945312544,1470033346.6577196,0.9385013289902483,0.10317460317460317,0.007936507936507936,0.015873015873015872,0.023274330480477345,-0.028500699601765156,-0.10180008595552281,-0.06938766508894334,-0.07097692874677675,-0.0793813144109553,0.576653787106461,1.1010694099947138,-0.06796114506241846,0.08062275371668715,-0.13828325038640477,-0.07033812230754355,0.24530254324567355,0.839402655785201,0.011157663612125557,0.01052906200079792,-0.04021462579629198,-0.14973374377450255,0.14973374377450255,0.0,0.7936507936507936,0.0,1379628249.4982522,21.0450799161283,0.07936507936507936,0.0,0.015873015873015872,0.01839612452702232,-0.04380733258189862,-0.054049166930968284,-0.36642530397777556,-0.07544975721929081,0.3333333333333333,-0.030279926156841535,-0.12547883775456425,0.10696566263908114,-0.09968656471664283,-0.07544975721929081,-0.031846812191286045,0.2059076062712825,0.010176065251649824,-0.06422663358147229,0.06422663358147229,0.0,1254430088.5928202,-0.02883176138226695,0.016528675758483404,-0.024091451352963977,0.02423680749735202,0.18965344361478387,0.08462363210199997,0.20618776643006842,2.0,8.0,2.0,0.0,1.0,1.0,63.0,126.0,0.6152019002375296,-0.0027677324711841145,-0.013810848521592312,-0.04858957411218001,-0.0027677324711841145,0.1895734597156398,0.25590549099175486,0.4154574718328839,0,0,0,0,0,0
recent_month_non_top10_control,2025-07-31,ADI,222.2617034912109,-0.21868136915850445,-0.012493602728436026,0.8528979428015374,0.8632729507149954,0.020098316735246646,0.06671604006319365,0.06958576171073294,0.04933491983632132,-0.08447528379819991,-0.07608618870374018,0.23375452165147903,0.08575209145801055,-0.015037870391267028,0.08808257123700591,0.14553677097748288,-0.08568054584448537,0.08568054584448537,0.01626701026228372,-0.014889522087466966,0.06766975996799297,-0.11958864094773114,1.587133437939529,0.04853821164054439,0.20935815554649628,0.40003563986826474,0.11139900691524762,0.11892068154705426,0.05787230705677341,-0.014889522087466966,0.11892068154705426,-0.033470425248674385,0.06992745414901669,0.15766833294773885,0.0977835470765267,-0.031985110667045014,0.15766833294773885,0.4781318236165834,0.5583628813121346,0.4383039828163415,0.5905821079035503,0.017939645675327503,-0.08568054584448537,0.08568054584448537,0.3709157516259345,861073309.4565982,0.9692004394075668,0.15873015873015872,0.031746031746031744,0.023809523809523808,0.02901788717885781,0.6386289010955288,0.5464465778554348,-0.08568054584448537,0.05111107189922803,-0.025791530123431383,0.7445286308302438,0.9897010397810466,0.11741146922235224,0.09786471029195941,0.05455063161648721,0.032681379037943215,0.2823761002472503,0.7421558779899954,-0.1794138890169502,0.012437864722936776,-0.00925178519100145,-0.08568054584448537,0.08568054584448537,0.16471932986517035,0.30158730158730157,0.9841269841269841,834552629.8874627,20.54240636784609,0.09523809523809523,0.015873015873015872,0.0,0.02071499401212394,-0.051487065728768044,-0.03580325655981875,-0.26843798570338545,-0.056255765523520296,0.5,0.015272046006160611,-0.11958864094773114,0.11741146922235224,-0.08049257302087232,-0.056255765523520296,-0.05378910884474497,0.209567082602389,0.009998798080173333,-0.08568054584448537,0.08568054584448537,0.0,787200087.891279,-0.030664235902199355,0.022913873281257734,-0.019151541417242846,0.02423680749735202,0.18965344361478387,0.08462363210199997,0.20618776643006842,2.0,7.0,2.0,1.0,1.0,0.0,63.0,126.0,0.8005938242280285,0.11877310280422226,0.09812460306067305,0.046414002663574205,0.11877310280422226,0.7109004739336493,0.25590549099175486,0.4154574718328839,0,0,0,0,0,0
recent_month_non_top10_control,2025-07-31,ADP,301.131591796875,-0.003260285457969525,0.2029274809720989,1.0539041877835644,1.061332971436948,0.08672447858044374,0.06823302910687867,0.031991864948778925,-0.013936630375171344,-0.03984819079124058,-0.002667444222386961,0.037419452437081335,0.040163730142287024,-0.05263176715322104,0.002760143265915449,0.14664581555749667,-0.04823461269315665,0.04823461269315665,-0.0011682361165599175,-0.007856325842461653,0.02022175783137586,-0.025452018256083897,1.1222566952814208,0.017243037929177918,-0.39245960502693,-0.3713463562300672,0.003354384759701401,0.01805523457360758,0.014063591226641617,-0.007856325842461653,0.031991864948778925,-0.016136014724817627,0.005207744443519902,0.034752008214694374,0.08293427007024468,-0.1549014354000895,0.034752008214694374,0.2181573666262274,0.21757759553545877,0.6067464163320098,0.7321428923516731,0.00934073227040235,-0.04823461269315665,0.04823461269315665,0.1238851389907325,521029219.93672204,0.9127919506175706,0.031746031746031744,0.007936507936507936,0.007936507936507936,0.01832075601399043,-0.15911538142963633,-0.15611613469630625,0.003382668334047878,-0.029617277582613122,-0.004087429276287358,0.8294244505084157,0.738613765339283,-0.047888292283781775,0.04790596662752631,-0.04449232348370047,-0.019648203402460984,0.15972236538955048,0.8287267726974926,-0.17351424694708273,0.007048675100125113,-0.0015332177203233321,-0.04823461269315665,0.04823461269315665,0.04136872696095639,0.5873015873015873,0.9841269841269841,475591277.9947917,19.98006938576415,0.015873015873015872,0.0,0.0,0.015258753681445207,0.012660150462053155,0.014082699531783538,0.026946271642263292,0.0035667755921489075,0.5,0.006198075089999551,-0.047888292283781775,0.08293427007024468,-0.020670031905203112,0.0035667755921489075,0.013748642602713135,0.13236620039689187,0.006982177918152598,-0.004631210450591561,0.004631210450591561,0.03796361592228359,431416408.9760917,0.011193356712109637,0.015684269754142846,0.0018774719288947583,0.02423680749735202,0.18965344361478387,0.08462363210199997,0.20618776643006842,2.0,7.0,2.0,1.0,1.0,0.0,63.0,126.0,0.3197149643705463,-0.017609055199503842,-0.04677070538779915,-0.15459767843461547,-0.017609055199503842,0.12796208530805686,0.25590549099175486,0.4154574718328839,0,0,0,0,0,0
recent_month_non_top10_control,2025-07-31,AEP,109.66706085205078,-0.009755867119489059,0.19643189931057936,1.0516568188003352,1.0702639742200957,0.17812859398420322,0.24923551652975529,0.17138071500417773,-0.12672779949186475,-0.09500901564312891,0.1117673706521165,-0.05814703070897309,0.08826784994396242,0.08675708290217776,-0.11776037506103432,0.8459087897443637,-0.000971208808851487,0.000971208808851487,0.008852002323395114,0.07637169936104882,0.0659453428559963,0.030362987914680284,1.0166888098401405,0.08274474431294387,-0.12922395496908734,-0.08253264742018385,0.007539849767821849,0.044652915512312985,0.09746844329251318,0.044652915512312985,0.17138071500417773,-0.008511058576673336,0.009613570410893502,0.053620339943143414,-0.036245692951099584,-0.13603310367164045,0.053620339943143414,0.20259952028157732,0.29470181652548316,0.9217437215939037,0.8980661712079361,0.009971100895319078,-0.000971208808851487,0.000971208808851487,0.17712502782248585,363990790.91129,0.8354412559004,0.031746031746031744,0.0,0.0,0.018263866618611055,0.45343930012629774,0.5848315495852847,0.04098400542547631,0.031764828792895994,0.08341145164591657,0.9615511616152872,1.00279836207263,0.0026090142262920057,0.052224004594369176,0.09324579121147658,0.04858268322213477,0.18194777546784074,1.0263650398434676,0.19337841027889247,0.008371124637781967,0.06999309751265015,-0.000971208808851487,0.000971208808851487,0.1475810336521921,0.015873015873015872,0.8412698412698413,304092923.495108,19.532843885343397,0.047619047619047616,0.0,0.0,0.015234320418035064,0.06956833031838872,0.07578205629549029,0.4840879229879958,0.0904009196996185,0.6666666666666666,0.027814003376130048,-0.036245692951099584,0.0904009196996185,0.06616411220226648,0.0904009196996185,0.05429917474207313,0.18674483581748066,0.009395399494432789,-0.000971208808851487,0.000971208808851487,0.09568077422732357,330118847.1663702,0.031066944632787363,0.01683754270349137,0.02231864162951469,0.02423680749735202,0.18965344361478387,0.08462363210199997,0.20618776643006842,2.0,7.0,2.0,1.0,1.0,0.0,63.0,126.0,0.20403800475059383,-0.010647767356155025,0.0025413445027266945,0.07169429900528579,0.07169429900528579,0.4976303317535545,0.25590549099175486,0.4154574718328839,0,0,0,0,0,0
recent_month_non_top10_control,2025-07-31,AKAM,76.30999755859375,-0.4297327551722865,-0.22354498874221806,0.7721761185819148,0.7906096259568444,-0.2450534608602556,-0.202195542694817,-0.2361361722419415,0.18408645247291977,0.18197153751149653,-0.19339338738467793,0.14040251898765932,-0.19239240167302918,-0.32075980434394147,0.1831453038449229,-0.4924365487299683,-0.2846161163541694,0.2846161163541694,-0.028342605395894838,-0.05416463473044497,0.10567713038122029,-0.0022310399664715597,1.0717760835971433,-0.028749356165934215,0.620789942771367,0.5349028762147581,0.10391505316761396,-0.05204971976902173,-0.11411684224713607,-0.2361361722419415,-0.05204971976902173,0.0009938115658967295,-0.0013330084426376176,-0.05299086839701861,-0.05770664457948482,-0.24264431201180248,-0.05299086839701861,0.47952608889603104,-0.17463422858144695,0.40652019479433354,0.6327897362314125,0.016494891424480355,-0.2525955073551175,0.2525955073551175,0.11875089551152018,200264713.40885466,0.9107890910370744,0.12698412698412698,0.015873015873015872,0.023809523809523808,0.02712763668488746,-0.11264060814628385,-0.15102317938387455,-0.040379265906537065,0.01538936175934058,-0.026220979386846865,0.6968886456913911,0.6752086088185674,0.05044121975057614,0.0834641169856135,0.005004573316089722,0.005853029880061866,0.30343918730860037,0.6424253926989554,-0.23553011977107785,0.011280308380817214,0.0003908285327316463,-0.10685866832779822,0.10685866832779822,0.006197273778985046,0.9047619047619048,0.7301587301587301,182398916.29245093,19.021706699690238,0.06349206349206349,0.0,0.015873015873015872,0.02138212645744215,-0.03539378142974314,-0.009495117867821645,-0.22189123592951224,-0.043254820527011684,0.3333333333333333,-0.04069164590492073,-0.19239240167302918,0.05044121975057614,-0.0674916280243637,-0.043254820527011684,-0.03363475960110296,0.19493703906697946,0.008716202240938033,-0.05498455035797212,0.05498455035797212,0.0,105260383.91142346,-0.03832342268076672,0.01957242481896095,-0.032384876570858756,0.02423680749735202,0.18965344361478387,0.08462363210199997,0.20618776643006842,2.0,7.0,2.0,1.0,1.0,0.0,63.0,126.0,0.523396674584323,0.03695452476798877,-0.007207383566497638,-0.015856363821052044,0.03695452476798877,0.34360189573459715,0.25590549099175486,0.4154574718328839,0,0,0,0,0,0
recent_month_non_top10_control,2025-07-31,ALGN,129.00999450683594,-0.64982244044159,-0.44363467401152157,0.643154987685369,0.723349821712054,-0.37077503158107195,-0.38127668742225995,-0.41120900850044995,0.22330767406239282,0.10099137148422488,-0.20907305659707776,-0.04649536674388555,-0.146410486703906,-0.4958326406024499,0.15564058515948664,-0.6217906671676637,-0.4983474442167489,0.4983474442167489,0.0016242124987204676,-0.31021763701622507,0.11182341159600294,-0.15061753917983545,2.5554707956208897,-0.2788696996808976,4.383357515391554,3.0075413229022088,-0.14632669405083498,-0.18790133443805712,-0.30310932665157736,-0.41120900850044995,-0.18790133443805712,0.09089766074484906,0.0335471595973047,-0.2555684233409633,0.04408539674039513,-0.44522186695574717,-0.2555684233409633,0.6613303000727877,-0.3162761785056109,1.9850699513426089,1.2218623698193223,0.021266771120093026,-0.42753818708984315,0.42753818708984315,0.0,213203521.02994162,0.9379111772872966,0.15873015873015872,0.023809523809523808,0.047619047619047616,0.037792176919726785,23.41419171260893,15.635898739086656,-0.37161067784711754,0.05878513341247715,-0.3112759724738313,1.4392755364073888,4.059906448544234,0.046368958088001344,0.159090936446689,-0.2870012558521259,0.06232053034907015,0.8080546076802599,1.6246264721583517,1.65816632781489,0.021719992046236584,0.04171049249995318,-0.3773348473060604,0.3773348473060604,0.0,0.047619047619047616,0.0,199965965.41098943,19.11365774208705,0.14285714285714285,0.031746031746031744,0.031746031746031744,0.032280284411430354,-0.329827494341558,0.004361083390285847,-0.24268766881039733,-0.31859719400438313,0.5,-0.07237886738581317,-0.31859719400438313,0.09089766074484906,-0.34283400150173515,-0.31859719400438313,-0.3382898208436774,1.3127869065868816,0.03235883594421116,-0.3773348473060604,0.3773348473060604,0.0,268854830.1543463,-0.33200437890032697,0.08278427773048518,-0.3218138518534478,0.02423680749735202,0.18965344361478387,0.08462363210199997,0.20618776643006842,2.0,7.0,2.0,1.0,1.0,0.0,63.0,126.0,0.6237529691211401,0.10037991441310434,-0.029377516839844464,0.06875444348233462,0.10037991441310434,0.6492890995260664,0.25590549099175486,0.4154574718328839,0,0,0,0,0,0
recent_month_non_top10_control,2025-07-31,AMZN,234.1100006103516,0.045871309191522824,0.25205907562159124,1.0800128294830993,1.104877837131644,0.25595498002195494,0.06709513314943605,-0.015020162299901552,0.24549428912397286,0.11785604866030663,-0.22408278419752303,0.49352212339481416,-0.10686635257151178,-0.09964379440190152,0.2844595014971927,-0.040255785986564326,-0.03284308447668116,0.03284308447668116,0.008176421823198332,0.10283588636040508,0.12277962278473169,-0.10373094214756728,1.3615684570243365,0.14764135770828402,0.8913359854285792,1.400936303542513,0.23812277935636972,0.2304741268240713,0.10609661696152495,-0.015020162299901552,0.2304741268240713,-0.030694820280155244,0.07192510731932322,0.26943933919729113,0.1116473080052216,0.07978589558250726,0.26943933919729113,0.37311809797763346,1.0423671733685822,0.43433514181352834,0.692777802524669,0.016344201346410445,-0.03284308447668116,0.03284308447668116,0.3991751754870101,9434324917.20242,0.9558218108313588,0.11904761904761904,0.015873015873015872,0.015873015873015872,0.02685345954050842,0.7721378621717911,0.8910396879933644,0.017510092291414314,0.05952146645672718,0.07690155986566549,0.5667651660436516,1.6245740040158758,0.07014294555445666,0.09486832887933724,0.1419443289753628,0.061754523172861786,0.25848793599912906,0.6269472552825655,0.4566598968474975,0.011772731810442458,0.07088018306261024,0.0,-0.0,0.26539110081267214,0.0,0.9365079365079365,9017533526.331825,22.922436688764645,0.031746031746031744,0.015873015873015872,0.0,0.01910123952736009,0.04923092433164,0.061597040007849824,0.4140184879274867,0.06709513314943605,0.5,0.0012655452849800002,-0.10686635257151178,0.1116473080052216,0.04285832565208403,0.06709513314943605,0.03174655798075565,0.1620583019983094,0.008499009029803226,0.0,-0.0,0.06724106472902669,8831801828.829084,0.01656130145115542,0.014742771242160847,0.00949515310327742,0.02423680749735202,0.18965344361478387,0.08462363210199997,0.20618776643006842,2.0,8.0,2.0,0.0,1.0,1.0,63.0,126.0,0.7323040380047506,-0.021827348669553825,-0.062107527436783605,0.04318483013965069,0.04318483013965069,0.3791469194312796,0.25590549099175486,0.4154574718328839,0,0,0,0,0,0
recent_month_non_top10_control,2025-07-31,ARM,141.375,-0.22557458896210447,-0.019386822532036052,0.8785952314638653,0.8984085159362797,0.0005307639534495312,0.14603598654762595,-0.11391415044888387,0.4377740510760031,0.18745805947039806,-0.28517705502794555,0.5247649219028079,-0.17461610828872132,-0.19853778255088383,0.3535020173237462,-0.16885085927415178,-0.21427774270659872,0.21427774270659872,0.016561477165274452,0.0735439090215142,0.21963786084879186,-0.189080424210318,1.7863755256274636,0.09163182404515546,5.053646920318938,6.504027272771733,0.19617678080193357,0.3238599006271192,0.09449655306658318,-0.11391415044888387,0.3238599006271192,0.0679839130441926,0.11417914675403984,0.23958786687486233,0.09197718178936842,0.049934423260078464,0.23958786687486233,0.6746435933969938,0.45959355311533245,0.8650431055305137,0.7727099281315782,0.02921641142418637,-0.1840297559606463,0.1840297559606463,0.6473432824834453,710177821.5008509,1.042436992695737,0.35714285714285715,0.07936507936507936,0.09523809523809523,0.04728923723102094,3.09011859136597,2.5751236318512634,-0.12308113542133248,0.10466796425997749,-0.03221964135329336,1.088867747741523,2.9132648024550933,0.2986992476647614,0.19195793494827665,0.13517744468214232,0.0645131133911605,0.5213038025682207,1.119492676407301,0.9996611977102858,0.023126151179874332,0.032196496403605224,-0.1455639171798041,0.1455639171798041,0.2250866389139181,0.36507936507936506,0.9841269841269841,740315632.524557,20.422587185013604,0.25396825396825395,0.06349206349206349,0.06349206349206349,0.03723442345273349,-0.08506791943407821,-0.004105200334842074,-0.2157520487438058,-0.12591198714918306,0.5,-0.005158029524983325,-0.189080424210318,0.2986992476647614,-0.15014879464653508,-0.12591198714918306,-0.08350998186665459,0.5835957891584006,0.02143142927864223,-0.13989776601741233,0.13989776601741233,0.0,808394119.1139585,-0.11092733938983557,0.04991739862597891,-0.11164242300467997,0.02423680749735202,0.18965344361478387,0.08462363210199997,0.20618776643006842,2.0,8.0,2.0,1.0,0.0,1.0,63.0,126.0,0.8939429928741092,-0.021679946535145933,0.0008134782894009263,0.20120252749226353,0.20120252749226353,0.8578199052132701,0.25590549099175486,0.4154574718328839,0,0,0,0,0,0
recent_month_non_top10_control,2025-07-31,AXON,755.489990234375,1.3120281785131749,1.5182159449432433,1.0072846488026825,1.0182835345940613,0.7839196935876624,0.2711838419099921,0.15840718623509242,0.27802208023479635,0.27122659706094443,-0.059615451745605674,0.2914595823041167,-0.18971753481904186,0.07378355413309245,0.07343694432341863,0.2700427140220108,-0.08750635552502917,0.08750635552502917,0.053847140248884706,0.42963378329603685,0.15859083760992707,-0.004730816429654228,1.0798054134963202,0.11895416734487196,-0.012317167051578148,0.21667130062091577,0.04870302271258231,0.4364292664698888,0.34149007866700604,0.15840718623509242,0.4364292664698888,0.16608037562237699,0.06333939783581832,0.23184413055851105,0.2234795373986882,0.042190686943727185,0.23184413055851105,0.5866004821081041,0.5221517278295784,0.7441107429532193,0.7569321826207183,0.02328740966580018,-0.08750635552502917,0.08750635552502917,0.5211718504356613,458115345.99788606,0.9868729079136098,0.21428571428571427,0.047619047619047616,0.06349206349206349,0.039084410853129505,-0.03151538026042655,-0.11626393971588034,-0.08750635552502917,-0.008972373975547843,-0.00924022403745206,0.8951388841559745,0.6669843607849932,0.10339039741504275,0.15777705632873962,0.006836725015938905,-0.045017977165275225,0.44401678324845284,0.9830613099008323,-0.2886054893263099,0.01727801057972643,-0.07165583744470694,-0.08750635552502917,0.08750635552502917,0.2556551127583637,0.3492063492063492,0.9365079365079365,452101623.6647833,19.929417545854445,0.1111111111111111,0.015873015873015872,0.031746031746031744,0.030425474157042404,-0.010239239886130624,-0.07649330541144927,-0.20047471579590423,-0.08750635552502917,0.5,0.035165933943730444,-0.18971753481904186,0.2234795373986882,-0.11174316302238119,-0.08750635552502917,0.00812111838550078,0.436495720558178,0.01816100302421936,-0.06250464849078363,0.06250464849078363,0.07128275094241765,448799549.2300851,0.028298660423942135,0.02958156484649729,0.019794123973970956,0.02423680749735202,0.18965344361478387,0.08462363210199997,0.20618776643006842,2.0,7.0,2.0,1.0,1.0,0.0,63.0,126.0,0.8003562945368171,-0.010853899208495665,-0.050099903473499796,-0.030787978750597467,-0.010853899208495665,0.14691943127962084,0.25590549099175486,0.4154574718328839,0,0,0,0,0,0
recent_month_top_future_return,2025-07-31,APP,390.7000122070313,3.861257368969918,4.0674451353999865,0.9853818751124538,1.0150851575808622,1.3065116808242183,0.2064973239278538,0.05711738975164593,0.41738919743594693,0.1423055362634147,-0.2713276868230433,0.7220722404931196,-0.1186450026732504,-0.027506242350354038,0.39362716391843033,0.06069254605727309,-0.234116777160004,0.234116777160004,-0.015949847068053136,0.19942292601506062,0.21218530754646453,-0.18655980486137713,1.3126182563928568,0.19956227175562025,-0.14412744263249222,0.24165245123659163,0.40701078242545774,0.47450658718759287,0.24368230098476648,0.05711738975164593,0.47450658718759287,0.016379198844761467,0.059257669667536206,0.45074455367007626,0.459284852262104,0.2610911100552924,0.45074455367007626,0.9410939804328948,0.7627134032761705,0.47228225123739975,0.6279659763094619,0.0424119750517618,-0.234116777160004,0.234116777160004,0.7810093490603365,2467622532.5328646,0.8266415147763941,0.5158730158730159,0.15079365079365079,0.1349206349206349,0.06999424671646373,-0.03220027057002528,0.08009420876791262,0.09720267106391267,-0.048623740942060456,0.07363217972962732,0.7228715619396661,0.9010927907583718,-0.10921123009601619,0.23674640866168833,-0.005852386241650631,-0.02556767786026226,0.5909750002215005,0.7520825475497717,-0.006829012044576199,0.028234395729792073,0.06787969430542473,-0.06506497281175905,0.06506497281175905,0.3979034164314712,0.5873015873015873,0.9841269841269841,2039839228.1893291,21.43613683247601,0.36507936507936506,0.1111111111111111,0.031746031746031744,0.04873734572885421,0.11164120362962326,0.08433327512798416,0.2610587710584018,0.1160306992481579,0.5,0.029546452120729944,-0.18655980486137713,0.459284852262104,0.09179389175080588,0.1160306992481579,0.09330754431350585,0.444461983704813,0.020521055512621785,0.0,-0.0,0.16592063590216788,1447296705.6004117,0.06940603686595725,0.041884719101820705,0.05552375759478734,0.02423680749735202,0.18965344361478387,0.08462363210199997,0.20618776643006842,3.0,11.0,3.0,1.0,1.0,1.0,63.0,126.0,0.97458432304038,0.22495516095424772,0.8391091773157933,0.6312515924676336,0.8391091773157933,0.9881516587677726,0.25590549099175486,0.4154574718328839,1,1,1,1,1,0
recent_month_top_future_return,2025-07-31,CIEN,92.83999633789062,0.5541458206618759,0.7603335870919443,0.7717159732294196,0.8131408939885857,0.4618170176586671,0.09468221920121023,0.065411946157522,0.47091100385144813,0.10135940854853542,-0.22928615868125113,0.6116564873813597,-0.0868716978178391,-0.019211685944477974,0.31695838254258657,0.12023034201068791,-0.05438993634840772,0.05438993634840772,0.005360301901017106,0.16677135470605742,0.24785724548639393,-0.24054291143717865,0.9972073425659785,0.2650069163163207,0.13875790684301315,0.5741851419924238,0.2775966121162198,0.5363229500089701,0.25616875029084984,0.065411946157522,0.5363229500089701,0.11136858055513166,0.07114045846665618,0.38237032870010856,0.19207851687123045,0.1927168850853247,0.38237032870010856,0.544055228186136,0.9638620001578257,0.4817284994270267,0.729165878548933,0.02337099674406243,-0.0030069415854017123,0.0030069415854017123,0.7353270343530958,168657947.14665186,0.9959684757035353,0.21428571428571427,0.06349206349206349,0.05555555555555555,0.04104216232217718,0.08634593230566678,0.2400879147457482,0.02933268466553063,0.05922139225801226,0.15076448335816095,0.7915976917659157,0.8032639485123615,0.01586315652247494,0.16249192946113983,0.15963026691255555,0.10595748439495156,0.39670650843948413,0.6606569418548276,-0.027054912300814027,0.01618755679188379,0.13272477901699964,-0.0011834385579682083,0.0011834385579682083,0.29973394849843626,0.015873015873015872,0.9841269841269841,167977998.53493828,18.939343573642983,0.07936507936507936,0.047619047619047616,0.015873015873015872,0.02972754489323075,0.12280188023801175,0.12734236317897718,0.5399816553892909,0.14152212280463772,0.6666666666666666,0.02223629458307617,-0.24054291143717865,0.19207851687123045,0.1172853153072857,0.14152212280463772,0.09647927198540573,0.26208690867953593,0.014343046959059339,-0.0011834385579682083,0.0011834385579682083,0.1940835541850885,164387528.73208183,0.049324066568683156,0.02636641043289107,0.017960104561906443,0.02423680749735202,0.18965344361478387,0.08462363210199997,0.20618776643006842,1.0,3.0,1.0,0.0,1.0,0.0,63.0,126.0,0.6517814726840855,0.012171530885243254,0.569043557894813,1.0456700308101325,1.0456700308101325,0.9928909952606635,0.25590549099175486,0.4154574718328839,1,1,1,1,1,1
recent_month_top_future_return,2025-07-31,ECHO,32.59000015258789,0.41682021546303805,0.6230079818931065,1.0021449806640481,1.064069069109501,0.3004788845617934,0.4231441351735499,0.17823573146682548,0.09580649878296366,-0.13468784064754247,-0.1872740540040323,0.6370071863982962,0.1290672347982038,0.09361209936482551,0.27149740092743846,0.17518873461273674,-0.007007908116239192,0.007007908116239192,0.006511738135297707,0.04354789081928301,0.11579244372068873,-0.18091577654008795,1.8235037228335589,0.3327717098726797,1.8937245313773432,3.1951283291597994,0.2731714107520258,0.27404223024978913,0.16527528417863255,0.04354789081928301,0.27404223024978913,-0.12118844373399795,0.14720692095701948,0.44973313239426393,-0.21129893668705413,0.26007968877948007,0.44973313239426393,1.0173926529055894,0.3392683066795554,0.5544865678568129,1.302935735244134,0.03387643300925335,-0.007007908116239192,0.007007908116239192,1.0381488817437865,75230651.0845805,1.1965637172228676,0.3333333333333333,0.07142857142857142,0.10317460317460317,0.05455984613071423,0.2915499618056818,0.5195527903608406,0.03152033636759388,0.36026338266934843,0.29799267024186826,0.8852061091016246,0.8539235767339134,0.5623238284328564,0.29500763478214187,0.8381275236331582,0.3838945909939364,1.3255972442455242,0.4255670888886301,-0.37012222885831036,0.04459482960270513,0.15073927127957787,-0.007007908116239192,0.007007908116239192,1.0381488817437865,0.015873015873015872,0.5714285714285714,90018267.5108622,18.31552319115021,0.4126984126984127,0.1111111111111111,0.12698412698412698,0.06062317451153813,0.12144708353090428,0.14374630747986505,0.3129315828006661,0.17653426913225556,0.5,0.059087029233695965,-0.21129893668705413,0.5623238284328564,0.15229746163490354,0.17653426913225556,0.07382328391722259,0.5641305602723581,0.023350993139786107,-0.007007908116239192,0.007007908116239192,0.1589615640095532,80042930.13878778,0.09044065490311581,0.04184017898392938,0.055649132667934476,0.02423680749735202,0.18965344361478387,0.08462363210199997,0.20618776643006842,1.0,3.0,1.0,0.0,1.0,0.0,63.0,126.0,0.6378859857482186,0.895980381289466,1.3430500231000462,1.2973305429897888,1.3430500231000462,1.0,0.25590549099175486,0.4154574718328839,1,1,1,1,1,1
recent_month_top_future_return,2025-07-31,INTC,19.799999237060547,-0.5579898871892057,-0.3518021207591373,0.9537838362310072,0.9828617742831453,-0.07992570558160039,-0.012468828404636478,0.019042662175677183,-0.14718004503456694,-0.1846558261448079,0.034482762005694445,-0.04940819179253919,0.22130721407735177,-0.06558096992632279,-0.03396809196252193,0.028388258732447512,-0.3518021207591373,0.3518021207591373,-0.003410738603265684,-0.16561316396913073,0.09760820829163684,-0.04298358522713841,1.0442053580361796,-0.07929676482440873,0.32750782241757737,0.3076941976225964,0.09738973648278815,-0.12813738285888976,-0.09156929488411443,-0.16561316396913073,0.019042662175677183,-0.11492729230391929,0.03274684522988114,-0.014925429786844746,-0.02736324049606631,-0.2045788734016286,-0.014925429786844746,0.6707935965763057,-0.03312452808937902,0.71505949377775,0.671719935810878,0.028646336653477152,-0.277108445480886,0.277108445480886,0.09211252915597656,2125255251.5827057,0.8154611729971759,0.31746031746031744,0.0873015873015873,0.07936507936507936,0.045009749012868756,0.17590632717010113,0.039417177559323946,-0.15511541313450394,0.06246526055400903,-0.08185413059435664,0.7709023483932909,1.045508411674059,0.14578007635248613,0.14056001109048358,0.012787724284207602,0.053853208012563325,0.450585431634584,1.06452027944437,-0.03564587067163738,0.020872905284101424,-0.009556315729099985,-0.1687657644528504,0.1687657644528504,0.012787724284207602,0.23809523809523808,0.6666666666666666,1733063140.3740413,21.273156281738622,0.2222222222222222,0.047619047619047616,0.031746031746031744,0.032604581775789516,-0.11205456540786485,-0.09508168384677396,-0.24198827040854945,-0.11607144757801224,0.3333333333333333,0.010956954137450273,-0.11607144757801224,0.22130721407735177,-0.14030825507536426,-0.11607144757801224,-0.11632788368817515,0.4796573295972094,0.020841528968441592,-0.1687657644528504,0.1687657644528504,0.0,1855377216.2492752,-0.09028259720820075,0.03993507913446661,-0.028745257638582156,0.02423680749735202,0.18965344361478387,0.08462363210199997,0.20618776643006842,1.0,3.0,1.0,0.0,1.0,0.0,63.0,126.0,0.9441805225653207,0.22979804645106938,0.694444471202984,1.0196971322915869,1.0196971322915869,0.990521327014218,0.25590549099175486,0.4154574718328839,1,1,1,1,1,1
recent_month_top_future_return,2025-07-31,LEU,215.3999938964844,3.7240022236608006,3.9301899900908692,1.2534804139683922,1.2209810839382276,1.0749446003493603,2.233748565121767,1.6172537777552822,0.8452120165939627,-0.24317700131015574,-0.1580802145055643,2.2667537756313942,0.10243013356723951,1.5326301456532823,0.4914197833705476,1.6693643197709171,-0.13611936688814574,0.13611936688814574,0.24322071894273978,1.3740767764451265,0.5712718356520131,-0.3143392837787373,1.5687322749942954,0.7312634926376882,2.567154255319149,10.089118121968136,0.28018927223313517,2.462465794349245,1.8179321161832178,1.3740767764451265,2.462465794349245,0.11380810055054025,0.4730781196141385,2.10867356112583,0.8317216985416946,1.919020117511046,2.10867356112583,0.9687842004297864,2.321004163963237,0.8376876378720642,0.9377917024367719,0.04300214596079032,-0.13611936688814574,0.13611936688814574,2.9573763124892336,133414298.66658771,1.5394817948492654,0.5952380952380952,0.1746031746031746,0.14285714285714285,0.07783361542937166,-0.21506949524506214,-0.07700604490890017,-0.08894117534474522,0.3859344980368882,0.22179904601197276,1.6443311093258153,1.1436184385824673,0.4432713151472576,0.38378059011965626,0.697132028080885,0.30849844150775985,0.9085177846148963,0.8932555445899171,-0.10813731194414433,0.042744870182395825,0.2775075655324313,-0.13611936688814574,0.13611936688814574,2.0299620902030804,0.14285714285714285,0.9841269841269841,205388883.9697944,19.140415739923405,0.5714285714285714,0.2222222222222222,0.07936507936507936,0.07497103772339923,0.05524263201800017,0.30614363465792693,0.21673964683474886,0.17589257838726313,0.8333333333333334,0.22546409040254298,-0.3143392837787373,0.8317216985416946,0.1516557708899111,0.17589257838726313,-0.0016546603340537036,0.8115385484658042,0.04346059133606351,-0.13611936688814574,0.13611936688814574,0.23899905858058257,235709799.77177212,-0.06594742961776978,0.07751028895581204,-0.05944616753096976,0.02423680749735202,0.18965344361478387,0.08462363210199997,0.20618776643006842,1.0,3.0,1.0,0.0,0.0,1.0,63.0,126.0,0.7471496437054631,-0.06346331734584365,0.4395079670857849,0.7059424413524811,0.7059424413524811,0.9834123222748815,0.25590549099175486,0.4154574718328839,1,1,1,1,1,0
recent_month_top_future_return,2025-07-31,LRCX,94.31798553466795,-0.16469256634292373,0.04149520008714469,0.8978415197939699,0.8928584514163296,0.286560404907402,0.3202673033452752,0.17659375005948408,0.13119151179066124,0.06608179589080843,-0.11306236425690352,0.4396423881992939,-0.05317703088803827,0.09197011795748411,0.1499862738829063,0.3378173316053515,-0.06782001357727396,0.06782001357727396,0.04777972676276798,0.2426755459502925,0.06559635612165413,-0.049786243811725694,1.2666632549618742,0.14251360954068115,1.4623505639181404,2.2665050700370855,0.12465018791705329,0.3077852618501453,0.24235151928664064,0.17659375005948408,0.3077852618501453,-0.01416783138071831,0.12412286950969964,0.3265800239423904,0.12724996448130477,0.13692658032760652,0.3265800239423904,0.5227492302431253,0.9730886702065263,0.5114981074984792,0.6420129651266326,0.021174529736129027,-0.06782001357727396,0.06782001357727396,0.6090028798834664,966593974.2851348,0.9558050273084217,0.24603174603174602,0.047619047619047616,0.03968253968253968,0.03369906710503582,2.3658785880291546,2.2794319921957578,-0.06782001357727396,0.10572424580562934,0.018330124616612542,1.003513437959623,1.6483017518770111,0.20785010170984286,0.10899425584559094,0.17682862341255956,0.08513411438299912,0.3356117833260536,0.7967099346624406,0.5068610556783248,0.014483168214823003,0.038886133784174604,-0.06782001357727396,0.06782001357727396,0.32547004130016144,0.12698412698412698,0.9841269841269841,923875379.9877591,20.64408775144944,0.15873015873015872,0.015873015873015872,0.0,0.024231928750974612,-0.03147414753227229,0.008756572392295325,-0.09605323948767008,-0.025683218681994746,0.3333333333333333,0.032047623571445104,-0.05317703088803827,0.20785010170984286,-0.049920026179346766,-0.025683218681994746,-0.044264855231886724,0.26738524196564534,0.01185029440078889,-0.06782001357727396,0.06782001357727396,0.0,1006115539.8296901,-0.03561052933246156,0.03175271786953847,-0.02917401716297341,0.02423680749735202,0.18965344361478387,0.08462363210199997,0.20618776643006842,3.0,11.0,3.0,1.0,1.0,1.0,63.0,126.0,0.8735154394299288,0.05598923902363362,0.4146395127113591,0.6635488103609264,0.6635488103609264,0.9786729857819905,0.25590549099175486,0.4154574718328839,1,1,1,1,1,0
recent_month_top_future_return,2025-07-31,MU,108.98185729980467,-0.20773216230706626,-0.0015443958769978394,0.8266014437244211,0.785603870836553,0.09911770313810697,0.29972626940244385,0.1988706949209471,0.058382432925800254,-0.03060241491284077,-0.1555218331811713,0.5751804365967271,0.026194680996242115,0.11424706281894714,0.22078790849460872,0.31423857021938645,-0.14594073619232095,0.14594073619232095,0.04674495789787758,0.16826828000810634,0.04520936373824071,-0.07077719344476185,1.1180716847861167,0.10596035429201733,0.47751942687557203,1.097573166077527,0.13254807439866267,0.25725312784674736,0.20813070092526695,0.16826828000810634,0.25725312784674736,-0.11439755669290996,0.14026581183555376,0.41965860341555583,0.2275504489458009,0.23000515980077196,0.41965860341555583,0.6328653251639512,1.1079381818138112,0.5833771020664585,0.5985070913542866,0.02787014056154607,-0.14594073619232095,0.14594073619232095,0.6879283417405955,2213666954.437994,1.0797533268636992,0.3333333333333333,0.07142857142857142,0.05555555555555555,0.04094954496057748,0.28178440944398386,0.13611047467532367,-0.10950886930256032,0.07521930124529308,-0.035062325140861494,0.8744299527448205,1.252379649753839,0.30478510457356767,0.18173084209387183,0.15649715629588523,-0.011590777069131253,0.37877438498286126,0.9747204510917451,0.15690623919601188,0.01901527220985145,-0.09701821152345469,-0.14594073619232095,0.14594073619232095,0.404689762976727,0.4126984126984127,0.9841269841269841,2390214258.622657,21.594648847249335,0.2222222222222222,0.031746031746031744,0.0,0.030092544979742605,-0.08020077544173099,-0.10170290316790975,-0.3078266288008452,-0.1136493264353644,0.5,0.04328435965709574,-0.11439755669290996,0.30478510457356767,-0.13788613393271643,-0.1136493264353644,-0.059768207709668175,0.3691991393924928,0.018308859068578355,-0.12358477617942054,0.12358477617942054,0.0,2548814103.767104,-0.022699880905900804,0.03528235101396478,-0.02265610314281541,0.02423680749735202,0.18965344361478387,0.08462363210199997,0.20618776643006842,3.0,11.0,3.0,1.0,1.0,1.0,63.0,126.0,0.9446555819477435,0.09043443683944874,0.5330769710041747,1.051586513185299,1.051586513185299,0.995260663507109,0.25590549099175486,0.4154574718328839,1,1,1,1,1,1
recent_month_top_future_return,2025-07-31,PLUG,1.5,-0.5989003240716202,-0.3927125576415518,1.5024288576619955,1.600588548849798,-0.23469389244597516,-0.29577468572403354,-0.19354839329913054,0.30465948478731375,0.12522540365456747,-0.5322580655498551,1.2563959871345332,-0.13440860111681163,-0.2781720254011305,0.9176863148838085,-0.16575612524671984,-0.5238095382263688,0.5238095382263688,-0.010335083490937813,-0.06832298964456307,0.15313142115150294,-0.16149067587149946,1.7572511395477963,0.22379048773514576,-0.7267007403810396,-0.5287943825499344,0.36906353882657983,0.11111109148818321,-0.050253430485170135,-0.19354839329913054,0.11111109148818321,-0.3555555634047267,0.34570956736100134,0.7241379215846779,0.011494241848790887,0.5344844779698941,0.7241379215846779,1.1676696291678106,0.5374974948136104,1.0034374772981995,1.1537849303092123,0.05216210177102029,-0.23076924957937472,0.23076924957937472,1.1428571793497833,112177281.37004726,1.152453695498539,0.5873015873015873,0.1746031746031746,0.23015873015873015,0.09466146381611636,-0.8227135272041737,-0.8215236862472102,-0.18478262348413887,0.422810331400417,0.14960147552303638,1.2840465802414924,0.3699305948354437,0.6931818381937083,0.3607337624438093,0.7045454637817115,0.40435524879393636,1.347239621713566,0.869691959860561,-0.6984135238572847,0.06076625019627182,0.4448160465112385,-0.18478262348413887,0.18478262348413887,1.1428571793497833,0.1111111111111111,0.8253968253968254,129279122.46589036,18.67748437259256,0.6349206349206349,0.23809523809523808,0.2222222222222222,0.10396946991870368,-0.0035429550033817536,0.29513343702108674,0.005728000045648511,0.006711402952518153,0.5,0.009988773766996584,-0.3555555634047267,0.6931818381937083,-0.017525404544833867,0.006711402952518153,-0.08786864938331795,1.1716834670098721,0.04967323961168189,-0.18478262348413887,0.18478262348413887,0.09489050713806946,131790821.6351441,-0.1319444430072182,0.10999999159858344,-0.09090909090909083,0.02423680749735202,0.18965344361478387,0.08462363210199997,0.20618776643006842,1.0,3.0,1.0,0.0,0.0,1.0,63.0,126.0,0.6844418052256532,0.04666670163472486,0.5533332824707031,0.7933333714803059,0.7933333714803059,0.985781990521327,0.25590549099175486,0.4154574718328839,1,1,1,1,1,0
recent_month_top_future_return,2025-07-31,TER,107.15568542480467,-0.3833015976760391,-0.1771138312459707,1.2730097961260334,1.3073745601634303,0.015230213303654594,-0.14463143038611992,-0.06979860055623566,0.37238314175792775,0.04916758226940865,-0.3584161440106063,0.8082677740976668,-0.050203328048435525,-0.15442223265823563,0.5196502306432962,-0.11209365578827975,-0.23065693878465465,0.23065693878465465,-0.04125988300239258,-0.020631018286827008,0.20230132365162634,-0.24813403603756756,1.6074647607702999,0.2730597825107197,1.1558414751616897,2.125650276972469,0.3719758688555126,0.3025845412016921,0.07071830745287648,-0.06979860055623566,0.3025845412016921,-0.10157390303208147,0.0895754193303191,0.44985163008706053,0.06076817895312958,0.26019818647227666,0.44985163008706053,0.6226810970289867,0.8658926366179299,1.1738821652466644,0.8343332858126501,0.02442484351106416,-0.0924211719519823,0.0924211719519823,0.5831883732548429,323270718.40882677,0.9832498404491795,0.21428571428571427,0.06349206349206349,0.05555555555555555,0.03784051888384492,3.8641138421733503,4.811295942109693,0.010367103754580054,0.09904764154779633,0.20937609847752303,1.2085119874639838,2.2381957727810273,0.14402052481366212,0.16538562113698915,0.36679404497023715,0.0870654944220941,0.51952356569762,1.4069703141512446,0.8575041991898034,0.020321672022591674,0.07139086071268874,-0.0020436451319154614,0.0020436451319154614,0.45830131913716565,0.015873015873015872,0.9841269841269841,317855882.29737055,19.57710864084149,0.12698412698412698,0.07936507936507936,0.0,0.029691666792254462,0.15557959827321466,0.07383557870108226,0.266403278325536,0.19472860436036354,0.5,-6.565983182155177e-05,-0.24813403603756756,0.19472860436036354,0.17049179686301152,0.19472860436036354,0.136182141522184,0.7309542344385552,0.024198147281831683,-0.0020436451319154614,0.0020436451319154614,0.19168064939595952,449440071.10392255,0.12643121308184702,0.042692261484922445,0.1031586219712759,0.02423680749735202,0.18965344361478387,0.08462363210199997,0.20618776643006842,3.0,11.0,3.0,1.0,1.0,1.0,63.0,126.0,0.7629453681710213,0.1006237046203271,0.2824953311152425,0.6935945677890745,0.6935945677890745,0.981042654028436,0.25590549099175486,0.4154574718328839,1,1,1,1,1,0
recent_month_top_future_return,2025-07-31,UUUU,9.09000015258789,0.3913517873794121,0.5975395538094805,1.5757420690291408,1.6568209076682687,0.5099668075395718,0.7719298147771181,0.7118644539626291,0.7251328935188335,0.4944463239694392,-0.14877588895782523,1.159837878105138,-0.22410547458453434,0.6272408218606291,0.2991975351846836,0.9379548149793469,-0.09462149530624109,0.09462149530624109,0.15880205851296703,1.2063107779320683,0.3704751844861666,-0.0946601643977164,1.457004606883638,0.6840506409913332,1.3383864758806943,3.702640157579803,0.08949402598436607,1.4369973474814626,1.1183908597920533,0.7118644539626291,1.4369973474814626,0.21179623533869574,0.29509885028476135,1.0110619891473127,0.0818583821062846,0.8214085455325288,1.0110619891473127,0.7589538883899262,1.241177859254481,1.22625853188839,1.0733179023905934,0.033765707054226976,-0.09462149530624109,0.09462149530624109,1.6424418608680682,58449429.627782576,1.343786400614668,0.3968253968253968,0.14285714285714285,0.0873015873015873,0.06426021612585346,0.7394310702671505,1.749813685938177,-0.06919775073965895,0.37322981461234717,0.3904610633845875,1.8311134433252885,1.4076694381154549,0.17586915275980974,0.2792377139642563,0.8588957874800112,0.4598878073621695,0.8145987954978601,1.1424933182956822,0.4117779532713368,0.03481964786252709,0.6727753049138334,-0.09462149530624109,0.09462149530624109,1.0896552533041253,0.047619047619047616,0.7936507936507936,78543548.65749829,18.179163801630136,0.4126984126984127,0.15873015873015872,0.09523809523809523,0.06543272943382579,0.23343436785666283,0.6708683321395152,0.6241388401171097,0.5808695917544158,0.6666666666666666,0.12193795382949252,-0.22410547458453434,0.5808695917544158,0.5566327842570638,0.5808695917544158,0.10880704768346283,0.930673680948016,0.04502220876830541,-0.09462149530624109,0.09462149530624109,0.6261180508876507,122505967.19889641,-0.042452310683164685,0.07606473171851479,-0.04756914273652613,0.02423680749735202,0.18965344361478387,0.08462363210199997,0.20618776643006842,1.0,3.0,1.0,0.0,0.0,1.0,63.0,126.0,0.6390736342042757,0.2717271975320714,0.6886688805059742,1.2563256198673125,1.2563256198673125,0.9976303317535545,0.25590549099175486,0.4154574718328839,1,1,1,1,1,1
recent_month_non_top10_control,2025-08-31,AAPL,231.485107421875,-0.1859698537988992,0.018429683303215816,1.1229974647100713,1.1257157929305297,-0.018396022443860405,-0.012864135726587511,-0.03775954238515178,0.13285704438523083,0.0853813325146573,-0.1684030911734814,0.3255026996516842,-0.08150014949966111,-0.16315493131620973,0.1948591508633546,-0.09531343415030114,-0.10059402287162356,0.10059402287162356,0.0103943624995666,0.047621790129505515,0.06732373207417945,-0.043352954219933904,1.1382572010888163,0.11387452689157818,-0.44339938350661323,-0.3559576445767759,0.15366774025831942,0.09509750200007905,0.034986583248144264,-0.03775954238515178,0.09509750200007905,-0.05358407005224708,0.04995566162024656,0.1570996084782028,0.021508528939144567,0.05706184311383211,0.1570996084782028,0.39616180784765564,0.7352966342667507,0.7318482676435829,0.5393117964496527,0.015154252677694834,-0.02661057892662344,0.02661057892662344,0.34965919579727456,12072559642.663622,0.9434778966641134,0.14285714285714285,0.023809523809523808,0.015873015873015872,0.02545893261410644,-0.5115343055128726,-0.4530947976212375,0.026756249224857198,0.06005739303875468,0.07780901715125954,0.7007455831674679,0.5906332433728995,0.011697701048496878,0.07238338350034745,0.1327361208426443,0.06887576633442327,0.2136547362750613,1.3570040048473229,-0.44227032452072723,0.0095920511008267,0.08134213072049801,-0.00510008410075935,0.00510008410075935,0.18791386411405142,0.19047619047619047,0.8095238095238095,11390193179.012335,23.156018574754416,0.047619047619047616,0.015873015873015872,0.0,0.019035965161083825,0.05126459463643385,0.09201094856736858,0.4126471291679001,0.11963891948030181,0.5,-0.0042653373839831405,-0.08150014949966111,0.11963891948030181,0.11009920860343358,0.11963891948030181,0.028533853480769977,0.28993033277985675,0.012834249733723824,-0.00510008410075935,0.00510008410075935,0.14835179516828956,12874778667.025467,0.012924471706444285,0.016347896630057458,0.007849537775012072,0.009539710876868224,0.1000377653643707,0.12539538893105795,0.204399537102115,2.0,8.0,2.0,0.0,1.0,1.0,63.0,126.0,0.8019002375296912,0.0968812192629327,0.16468502778530691,0.20237923226280707,0.20237923226280707,0.8578199052132701,0.25012918788105165,0.38131713704285053,0,0,0,0,0,0
recent_month_non_top10_control,2025-08-31,ABNB,130.52999877929688,-0.09170665929261701,0.112692877809498,0.9737063025769555,0.9869097296303718,-0.040996266299555884,-0.004879159858065418,-0.06005614337966092,0.13067622818658986,0.15272314304200307,-0.07107363335656891,0.08293408901003296,-0.13977098520335818,-0.18545153231071887,0.07191659903312497,-0.14471991232652384,-0.19136414161842796,0.19136414161842796,0.005389365222217668,0.09266699966234215,0.08254968351276265,0.020592659495444643,0.7930318807382194,0.006911756847056694,-0.5650482594192139,-0.5598895335886585,0.013435525204808951,0.07062008480692894,0.03441031369653672,-0.06005614337966092,0.09266699966234215,0.05807088203236255,-0.02115686886145085,0.011860455653464053,0.025891444479772208,-0.08817730971090665,0.011860455653464053,0.41498189443453665,0.039773496899141246,0.9344372808790864,0.7185854992544125,0.01727456977994085,-0.08451397739520339,0.08451397739520339,0.23502692557568783,672823682.542595,0.9062002612199566,0.12698412698412698,0.015873015873015872,0.05555555555555555,0.02887787221397755,0.07297820198632787,0.05774367133837721,-0.013224569741014824,-0.04514971162622694,-0.01194329148217843,0.6980587825420322,0.6953793512757427,0.0005289959661174404,0.06900167675153542,-0.013676874782227344,-0.08387628493061527,0.29819997179378344,1.3003842713896072,0.06634876685638114,0.013407857929662795,-0.07727167375745148,-0.08180926127756072,0.08180926127756072,0.10338119536808721,0.38095238095238093,0.2222222222222222,609712996.8750727,20.22849890912723,0.06349206349206349,0.0,0.015873015873015872,0.022217793092814877,0.004130978113635386,-0.06049717989736503,-0.03661498610878513,-0.014198359873246358,0.6666666666666666,-0.008147560517151283,-0.13977098520335818,0.05807088203236255,-0.02373807075011458,-0.014198359873246358,0.03375768166370441,0.3877745530494605,0.016297799532697277,-0.0032835057462224926,0.0032835057462224926,0.10338119536808721,715363583.628264,0.020818334126943228,0.020125086467474143,0.010481806159799323,0.009539710876868224,0.1000377653643707,0.12539538893105795,0.204399537102115,2.0,7.0,2.0,1.0,1.0,0.0,63.0,126.0,0.6786223277909739,-0.06979239022100159,-0.030567669509565465,-0.10373095106222363,-0.030567669509565465,0.1895734597156398,0.25012918788105165,0.38131713704285053,0,0,0,0,0,0
recent_month_non_top10_control,2025-08-31,ADBE,356.70001220703125,-0.5834144761110526,-0.37901493900893757,0.8357742456749888,0.8525723713519012,-0.3086271058655291,-0.18459251970893453,-0.18665629744451462,0.13790703550062033,0.11670091805395744,-0.05351605561692252,-0.08715219619835102,-0.12547883775456425,-0.31205168637557257,0.04598804562924108,-0.530734235211241,-0.39186766749548774,0.39186766749548774,-0.02271853804711388,-0.06995537939055718,0.07425985246906916,-0.02229287883654929,1.1449380847016808,-0.05064045636851022,-0.37624370760759107,-0.4639864148172078,-0.06432761176647628,-0.048749261943894284,-0.1017869795929887,-0.18665629744451462,-0.048749261943894284,0.10696566263908114,-0.06347324989929826,-0.14066825181527354,-0.06796114506241846,-0.24070601717964424,-0.14066825181527354,0.3516944735442256,-0.521280159088681,0.823584646752995,0.7672896695306376,0.014222692335997378,-0.20951152396364403,0.20951152396364403,0.06908442599192188,1455281956.531561,0.9867296402203486,0.10317460317460317,0.007936507936507936,0.015873015873015872,0.023617372195013718,-0.41519133190046753,-0.4168099258405965,0.005293565128242417,-0.04952274324287487,-0.01970695523577537,0.8769159014106557,0.6797822746121552,-0.07544975721929081,0.08021894451919999,-0.07800866494747616,-0.05246362706748875,0.26985153638150045,1.0733686109143028,-0.32887208740538576,0.012551576168053441,-0.03006715037157992,-0.14444017864626013,0.14444017864626013,0.06908442599192188,0.9206349206349206,0.2222222222222222,1435969841.387552,21.085106306229044,0.06349206349206349,0.0,0.015873015873015872,0.021094494984490602,0.003228825460932949,-0.025903089087964237,-0.009555431930329424,-0.0027677324711841145,0.16666666666666666,-0.0311641147841543,-0.12547883775456425,0.10696566263908114,-0.012307443348052338,-0.0027677324711841145,0.018930382382800204,0.2896501687589016,0.014728749850543996,-0.017923458608522402,0.017923458608522402,0.06908442599192188,1260605555.2746,-0.0014975726208761309,0.021644850349228185,-0.0009130673078139306,0.009539710876868224,0.1000377653643707,0.12539538893105795,0.204399537102115,2.0,8.0,2.0,0.0,1.0,1.0,63.0,126.0,0.6285035629453681,-0.011073765270124603,-0.045949016225221406,-0.10252314570427667,-0.011073765270124603,0.26540284360189575,0.25012918788105165,0.38131713704285053,0,0,0,0,0,0
recent_month_non_top10_control,2025-08-31,ADI,248.6604156494141,-0.1158812802746827,0.0885182568274323,0.9921036376422516,1.001590771845175,0.167742194837035,0.19662378134433434,0.10211510597915496,0.19305308689097855,0.14970325670705797,-0.0658480983483094,0.24565098054603918,-0.11958864094773114,-0.023280282951902986,0.07768777621857481,0.22252580836459643,-0.016899448249734106,0.016899448249734106,0.03457714879603824,0.25181836268621294,0.10129146657362091,-0.033470425248674385,0.9752441108568117,0.1338703448177052,-0.6705238295768716,-0.6112830645193228,0.05060397722347265,0.2951681928701335,0.2163672205118338,0.10211510597915496,0.2951681928701335,0.0977835470765267,0.02754166648586298,0.17980288219772977,0.11741146922235224,0.07976511683335907,0.17980288219772977,0.458891068544485,0.7169961407543172,0.6341567157689951,0.5464749084222525,0.01679324809159288,-0.016899448249734106,0.016899448249734106,0.5337436691297295,858556096.3921562,0.9680272326332641,0.15079365079365079,0.031746031746031744,0.023809523809523808,0.02820121679188262,-0.32600471927787555,-0.24595220851110589,0.06878109759475126,-0.008145316641594125,0.060704658672795064,0.9995672118028456,0.6890236119974474,-0.056255765523520296,0.103393238033905,0.05583566545884677,0.00034117758777885143,0.25077245465863707,1.1604498321796546,-0.11481861037097774,0.011376420310580313,0.06897071021627799,-0.016899448249734106,0.016899448249734106,0.17175318661583971,0.047619047619047616,0.9841269841269841,831105682.0509169,20.53826752048678,0.07936507936507936,0.015873015873015872,0.0,0.020820186165477032,0.0698853131705286,0.11012328563634743,0.40814257576996726,0.11877310280422226,0.5,0.020775547897195896,-0.11958864094773114,0.11877310280422226,0.10923339192735404,0.11877310280422226,0.05823424879660366,0.29100885292389544,0.012010398432317998,-0.016899448249734106,0.016899448249734106,0.138798274354202,929493055.5208479,0.014496253353269983,0.025176648071579745,-0.011509003020014674,0.009539710876868224,0.1000377653643707,0.12539538893105795,0.204399537102115,2.0,7.0,2.0,1.0,1.0,0.0,63.0,126.0,0.7904988123515438,-0.01845637841291814,-0.06467718964576374,0.060003219153607956,0.060003219153607956,0.5616113744075829,0.25012918788105165,0.38131713704285053,0,0,0,0,0,0
recent_month_non_top10_control,2025-08-31,ADP,295.8289489746094,-0.07957659386436333,0.12482294323775167,0.982827860280276,0.9915613235997991,0.006057273008717168,0.013819463233456952,-0.025327038566540283,0.041858041550784764,0.025455282318397332,0.0383419186906071,-0.09965982959363273,-0.025452018256083897,-0.15072242749759823,-0.03599087233648535,-0.11304108452379207,-0.06499430193522004,0.06499430193522004,0.005126064806398434,0.00012824375185704895,0.021091536813029246,-0.016136014724817627,0.8598498488033979,-0.005766157983916886,-0.6215726495726496,-0.644777024129422,-0.06444168528084449,0.01653100298424448,-0.0028892639434795844,-0.025327038566540283,0.01653100298424448,0.08293427007024468,-0.01948013983107133,-0.06131791090302563,-0.047888292283781775,-0.16135567626739633,-0.06131791090302563,0.22405162400233017,-0.3553559042176877,0.7872636855092485,0.7701507066868585,0.009697851684238786,-0.06499430193522004,0.06499430193522004,0.10409458354034284,515134792.38884336,0.9160358940918746,0.031746031746031744,0.007936507936507936,0.007936507936507936,0.018335090763973782,-0.45483648542159183,-0.4644362998425585,-0.01675968924206339,-0.003959020884872877,-0.002186971385363168,0.7345768039097211,0.4640636136227063,0.0035667755921489075,0.04545709948450433,-0.014105087155641405,-0.005375000200977809,0.1725535165597329,1.0222202987984117,-0.4018804373277617,0.007919931895786643,-0.003894488320470235,-0.06499430193522004,0.06499430193522004,0.019686057314431515,0.9206349206349206,0.5238095238095238,471881960.12374634,19.972239429909077,0.015873015873015872,0.0,0.0,0.015162203194934993,-0.001217637794356241,-0.01687817941269265,-0.09983153289648668,-0.017609055199503842,0.3333333333333333,-0.003430722466965593,-0.047888292283781775,0.08293427007024468,-0.027148766076372066,-0.017609055199503842,0.0012793635771619627,0.17638770725640684,0.008627053824110675,-0.016114902874855508,0.016114902874855508,0.015395401176966361,429003543.5924712,-0.002728942437585702,0.01282449274352305,0.0011326527516060114,0.009539710876868224,0.1000377653643707,0.12539538893105795,0.204399537102115,2.0,7.0,2.0,1.0,1.0,0.0,63.0,126.0,0.3326603325415676,-0.02968436378881467,-0.1394441021267061,-0.1559741288254265,-0.02968436378881467,0.1943127962085308,0.25012918788105165,0.38131713704285053,0,0,0,0,0,0
recent_month_non_top10_control,2025-08-31,AEP,108.49935150146484,-0.05659917288854044,0.14780036421357456,1.1628729084183453,1.167025359095428,0.14149999422075177,0.15890812566532664,0.06491074391750296,-0.022509108235787112,-0.03138104961749422,-0.015434856448638845,0.09704002081219998,0.030362987914680284,-0.060484645013554994,0.016694420446058178,0.3248158339514218,-0.02664943533085018,0.02664943533085018,0.017854470348038998,0.03352969430000874,0.016176843390818763,-0.008511058576673336,0.9308572297895226,0.052425431509000475,-0.2567366422008931,-0.1960825137222847,0.01779882698106383,0.042401635681715844,0.04694735796640918,0.03352969430000874,0.06491074391750296,-0.036245692951099584,0.04490866582850117,0.08160516436356113,0.0026090142262920057,-0.018432601000809568,0.08160516436356113,0.19983860739747916,0.5377838653613811,0.6697056148115909,0.7593298642502566,0.009581414740946198,-0.02664943533085018,0.02664943533085018,0.1353618577835276,372023658.6079552,0.8534303585437903,0.031746031746031744,0.0,0.0,0.01730224488646343,-0.3861772248479325,-0.3927130669556612,-0.025678226521998693,0.06308922722802834,0.025807875473894626,0.7794110344542112,0.6499551166965889,0.0904009196996185,0.04434108019598852,0.07879058438171938,0.05772330634373346,0.15174342262708818,0.8819692815227825,-0.20000368296994697,0.007342705672083457,0.03405470647896913,-0.02664943533085018,0.02664943533085018,0.10608028003349679,0.30158730158730157,0.7936507936507936,317496284.35255986,19.5759766765516,0.015873015873015872,0.0,0.0,0.013793749488204957,-0.004618061717342581,0.02278479957541113,-0.07956008143136298,-0.010647767356155025,0.5,0.011328067159443808,-0.036245692951099584,0.0904009196996185,-0.02018747823302325,-0.010647767356155025,-0.013850563611708222,0.1338330374302209,0.006800244184982527,-0.02664943533085018,0.02664943533085018,0.0028906428009629614,363126430.58333623,-0.01350636742306377,0.012462370952636283,-0.011098687632569715,0.009539710876868224,0.1000377653643707,0.12539538893105795,0.204399537102115,2.0,7.0,2.0,1.0,1.0,0.0,63.0,126.0,0.21068883610451308,0.013331057861603712,0.08322826152764451,0.12363490154541523,0.12363490154541523,0.7464454976303317,0.25012918788105165,0.38131713704285053,0,0,0,0,0,0
recent_month_non_top10_control,2025-08-31,AKAM,79.12999725341797,-0.42739639394727935,-0.22299685684516435,0.9524314738444297,0.9608083469003819,-0.15837055861825022,-0.20790794749968555,-0.01921173829815137,0.0012171423104667678,0.0021930706387472965,-0.0588745659647113,0.10101860567735244,-0.0022310399664715597,-0.14460712722920932,0.061355778010792505,-0.05072618325215497,-0.25817944490735945,0.25817944490735945,-0.013552456736305007,-0.017018667659404074,0.00109874400509584,0.0009938115658967295,0.802703809575027,0.020979530726379148,-0.6211072107178512,-0.605139137959511,0.11236488357563457,-0.017994595987684603,-0.018075000648413348,-0.01921173829815137,-0.017018667659404074,-0.05770664457948482,-0.010869673389948598,0.042144039712641135,0.05044121975057614,-0.057893725651729566,0.042144039712641135,0.378734157913117,0.16985140434710044,0.8908289070753702,0.6551376291765407,0.015183346888717503,-0.09586379926253252,0.09586379926253252,0.1600938031889103,178941305.3163498,0.8737960892586603,0.12698412698412698,0.015873015873015872,0.023809523809523808,0.026116003559632655,-0.31899745311414685,-0.2938313276281901,0.08679671480975448,-0.03262546173380121,0.020860987054775793,0.7666418282389182,0.6588883184766883,-0.043254820527011684,0.04261556960197036,-0.007898757095523234,-0.046000816281255186,0.24812299830337306,1.3597584193035528,-0.2724180581323439,0.010776752657097786,-0.028317234824575266,-0.02006195351804374,0.02006195351804374,0.12193390930052739,0.3968253968253968,0.23809523809523808,156358212.79226637,18.867660175136557,0.047619047619047616,0.0,0.015873015873015872,0.021430536563381782,0.0339870891769547,-0.012857577086740624,0.10953145192067605,0.03695452476798877,0.5,-0.002467158164751071,-0.05770664457948482,0.05044121975057614,0.02741481389112055,0.03695452476798877,0.050395876340257884,0.3373873359658527,0.015463798638514256,0.0,-0.0,0.12193390930052739,169308167.89558047,0.026276181850912295,0.01961510363703171,0.016441860043483247,0.009539710876868224,0.1000377653643707,0.12539538893105795,0.204399537102115,2.0,7.0,2.0,1.0,1.0,0.0,63.0,126.0,0.45724465558194777,-0.042588085860725045,-0.050928837598598564,0.1313029160910233,0.1313029160910233,0.7630331753554502,0.25012918788105165,0.38131713704285053,0,0,0,0,0,0
recent_month_non_top10_control,2025-08-31,ALAB,182.1999969482422,3.0269054126756165,3.2313049497777317,1.046824506640097,1.1877637251755047,0.7646488808546459,0.7964898465560375,1.4505716299598892,0.33920028489555065,0.6028891131152876,0.2201748901485172,0.7882024742321008,-0.19744452732282747,1.3251762410288312,-0.4421942655792712,1.6039814830743966,-0.05907871554154631,0.05907871554154631,0.27576392281293405,2.053460743075177,0.3022316755167738,0.09451985189742684,1.0805938939792006,0.7193877724768727,-0.6633181618234538,-0.32381581720816666,0.010841313480501213,1.7897719148554398,1.7646014292968353,1.4505716299598892,2.053460743075177,0.3890675947325284,0.3422338522078663,1.008377364380618,-0.003306911901686971,0.9083395990162473,1.008377364380618,0.90435684281064,1.080872117475238,1.2648959425221342,1.0315943276551234,0.03966730262455373,-0.05907871554154631,0.05907871554154631,2.441632067899596,485844339.73036265,1.3799387849853348,0.4523809523809524,0.16666666666666666,0.11904761904761904,0.06521045185582384,-0.5503009664500348,-0.4007521019476753,-0.05907871554154631,0.5578027794171809,0.3753943176969057,1.4436029416592404,0.6879237922875153,0.512165433492553,0.2684441708799183,1.0150409272051792,0.6412657470035243,0.9329293892195523,1.226156356828095,-0.29993715661691045,0.03938377476742113,0.4762862752102661,-0.05907871554154631,0.05907871554154631,1.1198371543626733,0.19047619047619047,0.7619047619047619,670435447.8595189,20.323437982911287,0.4126984126984127,0.19047619047619047,0.07936507936507936,0.06163381894318396,0.14571738445883975,0.43308632206764686,0.2907143952281716,0.33255322636966134,0.6666666666666666,0.18792577787794248,-0.19744452732282747,0.512165433492553,0.3230135154927931,0.33255322636966134,0.03245255507896316,1.1439173010633061,0.04129248253852954,-0.05907871554154631,0.05907871554154631,0.38977870683223603,988622542.965771,0.01797946644127313,0.058765887927243236,0.008568967596247923,0.009539710876868224,0.1000377653643707,0.12539538893105795,0.204399537102115,2.0,8.0,2.0,1.0,0.0,1.0,63.0,126.0,0.9096199524940618,0.0746432839259541,0.024588341397237867,-0.13518106496467241,0.0746432839259541,0.6161137440758294,0.25012918788105165,0.38131713704285053,0,0,0,0,0,0
recent_month_non_top10_control,2025-08-31,ALGN,141.9600067138672,-0.605967676452256,-0.401568139350141,0.7561584061150063,0.7948802966832486,-0.3901275761128534,-0.3521062191665183,-0.24097734245624491,0.06013489706672803,0.13459440256229183,-0.0325616017624909,-0.18286890117542054,-0.15061753917983545,-0.36637273138730286,0.025546839518333475,-0.3568739183122531,-0.4479916036021112,0.4479916036021112,-0.02569316481227779,-0.10638293989395309,0.06742412649906329,0.09089766074484906,2.469289097993565,-0.18555708583021369,-0.18344277283683819,-0.3593541069621845,-0.26504710804642373,-0.18084244538951688,-0.1760675759132383,-0.24097734245624491,-0.10638293989395309,0.04408539674039513,-0.0854816443001527,-0.21543050293791144,0.046368958088001344,-0.31546826830228214,-0.21543050293791144,0.6752450377878204,-0.2640090043525504,0.6428210237601766,1.2084454607587078,0.022209345524240136,-0.3148317725706202,0.3148317725706202,0.10037991441310434,219952997.3492819,1.0308823684008714,0.19047619047619047,0.03968253968253968,0.047619047619047616,0.037369494493776634,-0.9284387497177322,-0.9212554375391034,0.06250307473544015,-0.1843022009212889,-0.1713035810161152,0.663920949735857,0.2887486773523533,-0.31859719400438313,0.16778774050167872,-0.25019803865769397,-0.2732856397611886,0.8159968008145337,0.5319404512940031,-0.8070294903357603,0.022376851664622496,-0.25731889163310406,-0.3148317725706202,0.3148317725706202,0.10037991441310434,0.38095238095238093,0.3333333333333333,226745666.84429833,19.239339541349437,0.1746031746031746,0.047619047619047616,0.015873015873015872,0.03291022587482502,-0.09593434572048887,-0.25162435259356664,0.23125724502902736,0.10037991441310434,0.6666666666666666,-0.03124713386631145,-0.31859719400438313,0.10037991441310434,0.09084020353623612,0.10037991441310434,0.001951564665705341,0.43406170647974585,0.02082514332862291,-0.05087918859197205,0.05087918859197205,0.052959494153401065,261100063.48499116,-0.010276475201707713,0.03232802611406836,-0.0028237580419685493,0.009539710876868224,0.1000377653643707,0.12539538893105795,0.204399537102115,2.0,7.0,2.0,1.0,1.0,0.0,63.0,126.0,0.6941805225653207,-0.11792057411567336,-0.028740501818080966,0.03684133192583294,0.03684133192583294,0.466824644549763,0.25012918788105165,0.38131713704285053,0,0,0,0,0,0
recent_month_non_top10_control,2025-08-31,AMZN,229.0,0.07851362816399154,0.28291316526610655,1.002583872853096,1.0247419970460097,0.10154408904867562,-0.03651966064986212,0.07876390294352009,0.16296694118226385,0.12485223608549756,-0.03424724097544107,0.15126595292103895,-0.10373094214756728,-0.04663148598753786,0.03825480900207778,0.20328136784948225,-0.05395355568997884,0.05395355568997884,0.03204434709567994,0.20361613902901765,0.08524380282310431,-0.030694820280155244,1.2338181862587465,0.08773561214216974,-0.4930436498875761,-0.4337202707847787,0.008262071575857233,0.24173084412578394,0.17470362869944056,0.07876390294352009,0.24173084412578394,0.1116473080052216,0.030334110752306076,0.11701871194559788,0.07014294555445666,0.016980946581227174,0.11701871194559788,0.3874624800923224,0.4302074205878519,0.9901519868332704,0.7020172151655723,0.016478348837364685,-0.021827348669553825,0.021827348669553825,0.3686348910818711,9458305054.216572,0.9666373307916422,0.1349206349206349,0.015873015873015872,0.023809523809523808,0.02633000416377747,-0.7489471268421088,-0.7544269454390193,-0.021827348669553825,0.015112576116795173,0.02238258739832122,0.8139881432888125,0.4368380187401451,0.06709513314943605,0.08079047160175039,0.0438032756145994,-0.007666155113998374,0.27200533125555815,1.4104383274984804,-0.5851149915832781,0.01168313477488438,-0.009765688643234016,-0.021827348669553825,0.021827348669553825,0.11321760014586002,0.3333333333333333,0.9682539682539683,9142750751.421005,22.936227134729112,0.047619047619047616,0.0,0.015873015873015872,0.018444094964353806,0.01104943358842747,-0.01135793761872117,-0.056894393040541315,-0.021827348669553825,0.5,0.015438712601972993,-0.10373094214756728,0.1116473080052216,-0.03136705954642205,-0.021827348669553825,0.017022921592517726,0.38364674448675956,0.014689568059837075,-0.011226278216735053,0.011226278216735053,0.08197498985991603,9308453238.128372,0.004178962570959399,0.0196693691698671,-0.0011950856735403192,0.009539710876868224,0.1000377653643707,0.12539538893105795,0.204399537102115,2.0,8.0,2.0,0.0,1.0,1.0,63.0,126.0,0.7542755344418052,-0.04117900731782209,0.0664628874266513,0.0184279529288347,0.0664628874266513,0.5924170616113744,0.25012918788105165,0.38131713704285053,0,0,0,0,0,0
recent_month_top_future_return,2025-08-31,AMAT,160.0466766357422,-0.380955009754398,-0.176555472652283,0.7467552825324739,0.7553798318231029,-0.07245392654387484,-0.10146055228961892,0.022832703555655698,0.04995070347463848,0.09127413570619347,-0.005531134720284214,0.03405272978094187,-0.08192583735206871,-0.10256268537540225,0.005688891505001958,0.04717737326443684,-0.24057845620960383,0.24057845620960383,0.03236314593008194,0.11410683926184917,0.045704971789948264,0.03851982791749875,1.0043425191045343,-0.049252070366729295,-0.5284608736643621,-0.5150118256477607,-0.0905706663226532,0.07278340703029418,0.06990764994926635,0.022832703555655698,0.11410683926184917,0.04303440217706478,0.0165754044664721,0.028521595060657656,0.16791088646480845,-0.07151617030371304,0.028521595060657656,0.4839757276793408,0.07239135344873435,1.1149628168040766,0.8140733389606356,0.01915611078481574,-0.19102441954479854,0.19102441954479854,0.273565774936682,1224294980.0765932,1.0216785425078447,0.16666666666666666,0.015873015873015872,0.03968253968253968,0.02884233927795868,-0.3668706155387942,-0.4331134443991823,-0.09453184309783214,-0.05561055406666715,-0.1131460325182333,0.943615061079708,0.8260599445248387,-0.016441896324233318,0.09909492095199171,-0.11934925260100382,-0.09940271021018987,0.39399173660782427,1.3696097924390942,-0.0460036559196757,0.015241659450053261,-0.13299424121759662,-0.19102441954479854,0.19102441954479854,0.02512072913153318,0.5238095238095238,0.9841269841269841,1250835910.8443246,20.94707789423616,0.07936507936507936,0.0,0.015873015873015872,0.022153559697618463,-0.09067334657853487,-0.12267745818250297,-0.19389313582523468,-0.10462763297072508,0.5,0.007744958318724145,-0.10462763297072508,0.16791088646480845,-0.1141673438475933,-0.10462763297072508,-0.0654452939331076,0.5396149405981605,0.017235947378856226,-0.15160372634303365,0.15160372634303365,0.0057556990769978,1387716019.4936843,-0.01044532653348762,0.03168022262343103,-0.01606037810612604,0.009539710876868224,0.1000377653643707,0.12539538893105795,0.204399537102115,2.0,7.0,2.0,0.0,1.0,1.0,63.0,126.0,0.7862232779097388,0.27357560465100983,0.4499875534128297,0.5721850095802015,0.5721850095802015,0.9786729857819905,0.25012918788105165,0.38131713704285053,1,1,1,1,1,0
recent_month_top_future_return,2025-08-31,AMD,162.6300048828125,-0.10969027784361662,0.09470925925849838,1.0970120970739934,1.064093745848374,0.18552276983409088,0.4025874011485082,0.6285800509594044,0.041990133240906946,-0.04565219166106638,0.10885242018970342,0.3598552466797844,0.02884034884653719,0.5031846620283464,-0.15987238408991655,1.0441961375617712,-0.11815417797678984,0.11815417797678984,0.12242541219436043,0.582927859298338,0.04383391192381935,-0.05246252191668743,1.3619868215542552,0.22562950972972207,0.03957770480901113,0.52683574535958,-0.058776011214248025,0.6705701842003113,0.6273593648193513,0.582927859298338,0.6705701842003113,0.13744227110973561,0.1651102063012133,0.46870766686948784,0.28149543569574,0.36866990150511714,0.46870766686948784,0.6019750776201465,1.0192447922654393,0.8121217380618787,0.7639150126829792,0.025907408604516603,-0.11815417797678984,0.11815417797678984,1.0794016978207597,6412427109.335019,1.3598264848226493,0.2698412698412698,0.07142857142857142,0.05555555555555555,0.03886079367909807,-0.47722924588902993,-0.5177913251039311,-0.10032788949055005,0.1333758858474936,0.021897017986968415,1.0923343982188205,0.90424043470873,0.24249475082579197,0.15114923204296568,0.14608887863272635,0.0935856680235565,0.4598577990550316,1.0631048278650663,-0.26077504390671946,0.022625529799146005,0.0028925970349495955,-0.11815417797678984,0.11815417797678984,0.4187386267076205,0.19047619047619047,0.9841269841269841,8719788215.268501,22.88886078744719,0.2222222222222222,0.07936507936507936,0.031746031746031744,0.03482123571450445,-0.04236522667280951,-0.051603512860149525,-0.15871182247487584,-0.07759056698548772,0.6666666666666666,0.0933699529292716,-0.07759056698548772,0.28149543569574,-0.08713027786235594,-0.07759056698548772,-0.048156912986678346,0.48887704630680767,0.02382645959534672,-0.11815417797678984,0.11815417797678984,0.0,10665137182.526361,-0.024812889109161018,0.03894467316937698,-0.018314157301549394,0.009539710876868224,0.1000377653643707,0.12539538893105795,0.204399537102115,3.0,12.0,3.0,1.0,1.0,1.0,63.0,126.0,0.9479809976247031,-0.00516516984233617,0.5748631090661394,0.3375760453063017,0.5748631090661394,0.981042654028436,0.25012918788105165,0.38131713704285053,1,1,1,1,1,0
recent_month_top_future_return,2025-08-31,CIEN,93.97000122070312,0.4256091139561211,0.6300086510582361,0.7835638774802611,0.8244404131985014,0.34781984474204286,0.07837964056568536,0.18097274828587917,0.2182231435648465,0.374049603958833,0.006158072962785255,0.1675866695589594,-0.24054291143717865,0.05557735935482122,-0.007228005764134515,0.3327611046574343,-0.04288041425327549,0.04288041425327549,0.08246798679464984,0.5550223522447122,0.18789018617621753,0.11136858055513166,1.01597939012275,0.18285621624689274,-0.031395197359850635,0.1368947946801875,-0.008122324308193374,0.3991958918507257,0.37839699746043903,0.18097274828587917,0.5550223522447122,0.19207851687123045,0.07643584535506465,0.17374474252174466,0.01586315652247494,0.07370697715737395,0.17374474252174466,0.5438518677601584,0.40387916277920727,0.8256972020463808,0.7910056764443483,0.023261314446219455,-0.040044929955938224,0.040044929955938224,0.7564486209477219,163733026.08728257,1.1230418553023525,0.23015873015873015,0.06349206349206349,0.05555555555555555,0.039561168365106494,0.1263949906579811,0.14010494207575785,-0.038861491397970016,0.10264130869966959,0.08206267362342756,1.1447546982094772,0.9819726618388325,0.14152212280463772,0.15399997032720494,0.15541619457854283,0.09056228550352952,0.4301899145431463,1.0438574926010322,0.10905233849315521,0.018950680022390823,0.030042030051187663,-0.040044929955938224,0.040044929955938224,0.3022449619143519,0.015873015873015872,0.8412698412698413,183879041.3913303,19.02978872109741,0.1746031746031746,0.031746031746031744,0.015873015873015872,0.031114417781509154,0.030677963028212574,0.023727549451028507,0.0271046477826727,0.012171530885243254,0.8333333333333334,0.03874349936692323,-0.24054291143717865,0.19207851687123045,0.00263182000837503,0.012171530885243254,0.01766319820695217,0.44905696553726104,0.02321561892011894,-0.040044929955938224,0.040044929955938224,0.08460297648536752,157030234.28998676,0.031119037735549915,0.035398829003534034,0.006469189939305675,0.009539710876868224,0.1000377653643707,0.12539538893105795,0.204399537102115,1.0,3.0,1.0,0.0,1.0,0.0,63.0,126.0,0.6688836104513065,0.5501755483307564,1.02107050869233,1.1731404071630083,1.1731404071630083,1.0,0.25012918788105165,0.38131713704285053,1,1,1,1,1,1
recent_month_top_future_return,2025-08-31,COHR,90.47000122070312,-0.04378369665796389,0.16061584044415111,0.6835845086089275,0.6946821747037436,-0.09674522850553757,-0.00022098180504426246,0.20321849026676397,0.20334248065909843,0.18991359811484587,0.005851772811878764,0.19036671860971777,-0.13632131489804877,0.07782310133570602,-0.006999998845167443,0.25959927075815675,-0.22383319221309528,0.22383319221309528,0.09210104753012915,0.39313208838160985,0.11372164414035288,-0.009547316342364498,1.212428105196915,0.07893379853096438,0.006783858723450109,0.20433346866977908,-0.15535179030648905,0.4065609709258624,0.33430384985807876,0.20321849026676397,0.4065609709258624,0.175839515115916,0.09211872200961779,0.19621849142159653,0.17955840703724157,0.09618072605722583,0.19621849142159653,0.7828161060440064,0.3397385820710735,1.0719025829754854,0.7377943244737484,0.032352731073759626,-0.22383319221309528,0.22383319221309528,0.7886516003476518,305118428.86449724,1.119757961396912,0.36507936507936506,0.09523809523809523,0.0873015873015873,0.05216701152818169,0.09600562670339663,-0.07847925843975057,-0.22383319221309528,0.06857295729519053,-0.058874673799566124,1.3863525023148986,1.158318019450352,0.20614280437594235,0.16656062330030924,0.014124001223644989,0.011000862161632874,0.5775572801459079,1.4528474229454782,0.08345323741007182,0.024723415595994943,-0.11779586156476729,-0.22383319221309528,0.22383319221309528,0.1783016756845488,0.20634920634920634,0.9841269841269841,341658789.8899381,19.649323109549155,0.2698412698412698,0.031746031746031744,0.015873015873015872,0.03894253572284504,-0.09554720709783204,-0.12881711650760141,-0.18972735762683773,-0.1592007202261988,0.5,0.04274522917708131,-0.1592007202261988,0.20614280437594235,-0.16874043110306702,-0.1592007202261988,-0.08511271945976107,0.8391026060633819,0.033578506913417974,-0.22383319221309528,0.22383319221309528,0.045291716126238724,536637078.5313561,0.005490364162745731,0.06616243520333594,-0.013327210646857934,0.009539710876868224,0.1000377653643707,0.12539538893105795,0.204399537102115,1.0,3.0,1.0,0.0,1.0,0.0,63.0,126.0,0.8089073634204276,0.1906709380706022,0.45860511698179907,0.8156294052226312,0.8156294052226312,0.9928909952606635,0.25012918788105165,0.38131713704285053,1,1,1,1,1,0
recent_month_top_future_return,2025-08-31,INTC,24.350000381469727,-0.09959012830054959,0.10480940880156542,1.0497929261107475,1.081113518250309,0.012474060454308988,0.25321667519394486,0.02612730093525184,0.18531548112151341,0.0460876423986023,-0.1761483516986977,0.4216727164930407,-0.04298358522713841,-0.09926808799580611,0.2193970638590912,0.041352419227414595,-0.11098937845641677,0.11098937845641677,-0.0012927049114193068,0.07221494333385414,0.0964799542224639,-0.11492729230391929,0.958217623001329,0.13374463724097851,-0.44230538694228916,-0.3053777713220679,0.20782656779980635,0.21144278205676525,0.10326167544195708,0.02612730093525184,0.21144278205676525,-0.02736324049606631,0.04199358479826332,0.24552436479434303,0.14578007635248613,0.14548659942997233,0.24552436479434303,0.6318203728678282,0.4680368747326955,0.9259218902040218,0.8302729708737507,0.027417131074684808,-0.060570975702276986,0.060570975702276986,0.3430778548607567,2180063553.2164135,1.061177484521809,0.3253968253968254,0.0873015873015873,0.07142857142857142,0.04324876007125491,-0.29703568734200114,-0.13549586156837412,0.13083612775868736,0.002481463539948381,0.08362854918227414,1.425943994234015,0.7968240923567013,-0.11607144757801224,0.1431207599974826,0.08705360697088227,0.019257807074458233,0.5245833780395327,1.1152017742184397,-0.1740753859577886,0.024579655820529192,0.12033080900510074,-0.03792963669416305,0.03792963669416305,0.26100471542821846,0.12698412698412698,0.31746031746031744,2313434357.4998703,21.56199899266474,0.2857142857142857,0.1111111111111111,0.047619047619047616,0.03884277274098262,0.0892905260916459,0.20700481034334217,0.3928062192200396,0.22979804645106938,0.3333333333333333,0.012372092866403209,-0.11607144757801224,0.22979804645106938,0.22025833557420116,0.22979804645106938,0.06620546323092968,0.5850163139151894,0.030148353393944755,-0.03792963669416305,0.03792963669416305,0.26100471542821846,3129204086.1753554,-0.0013943419360148424,0.057318846838855346,-0.010403956532171299,0.009539710876868224,0.1000377653643707,0.12539538893105795,0.204399537102115,1.0,3.0,1.0,0.0,1.0,0.0,63.0,126.0,0.9504750593824227,0.37782335570688486,0.6422998378636191,0.6657084491939904,0.6657084491939904,0.985781990521327,0.25012918788105165,0.38131713704285053,1,1,1,1,1,0
recent_month_top_future_return,2025-08-31,LEU,201.72999572753903,3.8897924704902884,4.094192007592404,1.0130567671285342,1.0247304997645104,1.2168131398630662,1.4511541706829907,1.223409988578192,0.6879768358132758,1.0193162402651383,0.39887571335845307,0.1905506862465396,-0.3143392837787373,1.098014599647134,-0.6339835889731993,1.3780700040245655,-0.19094409765625164,0.19094409765625164,0.22067260747135387,2.2427262288433303,0.5199524858462902,0.11380810055054025,1.4829124748010356,0.32827734338521153,0.23176259300436164,0.957795983367032,-0.1835922875755458,1.9113868243914678,1.79250768060433,1.223409988578192,2.2427262288433303,0.8317216985416946,0.15135561056044056,0.5894263996049927,0.4432713151472576,0.48938863424062196,0.5894263996049927,0.8877705668110482,0.7225997115666198,1.0243264752590269,0.9188213059689845,0.04189319853292219,-0.19094409765625164,0.19094409765625164,2.706228083712805,172035495.75307935,1.590880341316118,0.5873015873015873,0.19047619047619047,0.14285714285714285,0.0763160316208682,0.3423112767940355,0.25712375025795087,-0.0548247307681059,0.022752554986469553,-0.006163156780832013,1.205104577468466,1.3650407531433628,0.17589257838726313,0.4000481536850201,0.10126653452044998,-0.0735016603587676,0.8157025115981529,1.1148266464922438,0.1135479215524573,0.04179741122652885,-0.18162422098014974,-0.19094409765625164,0.19094409765625164,0.6192807253375141,0.47619047619047616,0.9841269841269841,273687888.2021465,19.427498924592555,0.6349206349206349,0.23809523809523808,0.12698412698412698,0.07829334151506058,-0.03371208493490119,-0.12376536124667337,-0.06978846234350666,-0.06346331734584365,0.6666666666666666,0.1978151819170291,-0.3143392837787373,0.8317216985416946,-0.07300302822271187,-0.06346331734584365,0.00916212425813634,0.9093668955402694,0.04255873648423179,-0.14135526674368593,0.14135526674368593,0.21100968609745507,331521175.1347133,0.06891542750453716,0.07603515122135528,0.005282292162585023,0.009539710876868224,0.1000377653643707,0.12539538893105795,0.204399537102115,1.0,3.0,1.0,0.0,0.0,1.0,63.0,126.0,0.7907363420427553,0.5370545476192152,0.8215436436700156,0.2853814171650755,0.8215436436700156,0.995260663507109,0.25012918788105165,0.38131713704285053,1,1,1,1,1,0
recent_month_top_future_return,2025-08-31,LRCX,99.5987777709961,0.02967433824543053,0.23407387534754553,0.7707020401596043,0.7755639430042566,0.3672365383408951,0.24247033876527802,0.3122520041213279,0.08860222586555055,0.06875515934613063,0.05595285602995492,0.18676550646870393,-0.049786243811725694,0.18685661519026997,-0.06953364162266906,0.6101215460649229,-0.06733092592043532,0.06733092592043532,0.069026280328085,0.38100716346745855,0.046496473727348636,-0.01416783138071831,1.1069468493270584,0.1285803719836882,-0.36540986681673226,-0.2113831888326837,-0.015014168673306738,0.4008542299868785,0.364704465858555,0.3122520041213279,0.4008542299868785,0.12724996448130477,0.06606850878006632,0.24271836249865886,0.20785010170984286,0.14268059713428816,0.24271836249865886,0.5117865548844284,0.7625004232774455,0.7665750601803859,0.6219760644160784,0.020542958331826927,-0.06733092592043532,0.06733092592043532,0.6990897267149767,972808026.5300357,1.0702468247954326,0.23015873015873015,0.03968253968253968,0.03968253968253968,0.03249487998515963,-0.5597249636683079,-0.5350742994229938,0.0004890876568386382,0.021779245099392996,0.008702203012532772,1.094775670798988,0.8095587868716244,-0.025683218681994746,0.10071989460378535,0.02886803647195646,0.019076412251135544,0.3183189872280801,1.2324832160543981,-0.2397578804342172,0.01488047533090163,0.02669257396485536,-0.06733092592043532,0.06733092592043532,0.21725514073678998,0.1746031746031746,0.9841269841269841,1041144701.5292819,20.763586620309447,0.14285714285714285,0.0,0.015873015873015872,0.025661033830140234,0.0009528798195779231,0.049892525863582726,0.142712168967798,0.05598923902363362,0.5,0.050242001890057085,-0.049786243811725694,0.20785010170984286,0.046449528146765395,0.05598923902363362,-0.009646365965431447,0.392322809110043,0.018316980206702378,-0.06733092592043532,0.06733092592043532,0.043881679542523866,1152498528.3145359,-0.00809168286876194,0.03192353234233017,-0.023536442459016538,0.009539710876868224,0.1000377653643707,0.12539538893105795,0.204399537102115,3.0,11.0,3.0,1.0,1.0,1.0,63.0,126.0,0.869833729216152,0.3396344019749038,0.5753463661230502,0.560739419964333,0.5753463661230502,0.9834123222748815,0.25012918788105165,0.38131713704285053,1,1,1,1,1,0
recent_month_top_future_return,2025-08-31,MU,118.83757019042967,0.03797964036917301,0.242379177471288,0.8423341742049992,0.831866152391108,0.21931696767169018,0.3072898910594415,0.27391996398803076,0.27412466573168914,0.09703214244017278,0.010178255647357304,0.2509060696845702,-0.07077719344476185,0.1485245750569728,-0.012835638656103265,0.4430693060874921,-0.06870436764235932,0.06870436764235932,0.05758178089772903,0.37095210642820353,0.13899720071209862,-0.11439755669290996,1.0227444614287398,0.14031583928713154,-0.2939700819085621,-0.10963673707950294,0.013993919498606178,0.5480446297197199,0.39763890004531804,0.27391996398803076,0.5480446297197199,0.2275504489458009,0.0448796147051469,0.2610843253319275,0.30478510457356767,0.1610465599675568,0.2610843253319275,0.618232769060153,0.6630800996801387,0.7324277484236041,0.6368875862381984,0.026733410514767637,-0.06870436764235932,0.06870436764235932,0.8405751907512509,2270603885.9795947,1.1244792574794722,0.30952380952380953,0.07142857142857142,0.047619047619047616,0.039438394792018,-0.4260256019819123,-0.3741185505368849,0.07723636854996163,-0.02422109346689516,0.007007176005736415,1.0080257001023174,0.7543114109050029,-0.1136493264353644,0.18241369272280178,-0.033492702429280596,0.019243572867514658,0.3937447760200784,1.1500110290258874,-0.2685543184394895,0.020392754935499042,0.06376541414606862,-0.06870436764235932,0.06870436764235932,0.21330240516395182,0.746031746031746,0.9841269841269841,2553246971.7363386,21.660631708770683,0.25396825396825395,0.015873015873015872,0.0,0.030702993540086303,0.027877055674527362,0.059693795998531085,0.1997179171531478,0.09043443683944874,0.5,0.053990985630963516,-0.11439755669290996,0.30478510457356767,0.08089472596258052,0.09043443683944874,0.005903939173449224,0.45281083504441794,0.02387338688619701,-0.0684148448818187,0.0684148448818187,0.1347254014995649,2123975052.7304513,0.001801422396280783,0.03533317316142887,0.00569565075514844,0.009539710876868224,0.1000377653643707,0.12539538893105795,0.204399537102115,3.0,11.0,3.0,1.0,1.0,1.0,63.0,126.0,0.9452494061757719,0.4059322772744556,0.8814395839622282,0.9883042662695163,0.9883042662695163,0.9976303317535545,0.25012918788105165,0.38131713704285053,1,1,1,1,1,0
recent_month_top_future_return,2025-08-31,PLUG,1.5700000524520874,-0.3692931241052081,-0.1648935870030931,1.6413052490101379,1.6490668530895183,-0.2991071224250661,-0.15591395678637654,-0.024844696582373316,0.8294424481307582,0.18780767786006913,-0.4534161568865318,1.2375071352493683,-0.16149067587149946,-0.15024008551343127,0.8089356749452098,-0.021232639871421852,-0.5015873000254768,0.5015873000254768,0.014848655428045143,0.16296298127769582,0.43492177017724637,-0.3555555634047267,1.296975581358257,0.26215938350870194,-0.7958437735500001,-0.6357667182139549,0.3588788548538375,0.8045977515483849,0.31423867874790246,-0.024844696582373316,0.8045977515483849,0.011494241848790887,0.18301655395310146,0.7840909783628365,0.6931818381937083,0.6840532129984658,0.7840909783628365,1.170118116862761,0.6230536694237244,0.5790509670733325,1.0755021806861265,0.05211346817216393,-0.14673911740683,0.14673911740683,1.2428572559843278,107246259.3809721,1.019481077620764,0.5873015873015873,0.18253968253968253,0.21428571428571427,0.09340628587075504,-0.32489468558615087,-0.2933897473063827,0.038043506077308886,0.07728077992313676,0.017102914206397646,0.8131000446887424,0.2592627994916653,0.006711402952518153,0.35374403019016676,0.05369130362637864,-0.03435694739491579,1.2584645863462434,0.5384005513628262,-0.7231546239429203,0.05526694405421467,-0.06481482209676082,-0.14673911740683,0.14673911740683,0.9146342270080714,0.4444444444444444,0.9841269841269841,109335532.0845094,18.509931997153302,0.6349206349206349,0.2222222222222222,0.1746031746031746,0.09435127725936625,-0.031860190913542974,-0.013333335067286511,0.06887484136284261,0.04666670163472486,0.6666666666666666,0.04016799089225267,-0.3555555634047267,0.6931818381937083,0.03712699075785664,0.04666670163472486,-0.011334975556409055,0.6775580271594084,0.03351289349454828,-0.07647058328542755,0.07647058328542755,0.12142862799216392,68634352.49140206,-0.028465304903137145,0.06551410956873628,-0.035626501713033165,0.009539710876868224,0.1000377653643707,0.12539538893105795,0.204399537102115,1.0,3.0,1.0,0.0,0.0,1.0,63.0,126.0,0.6687648456057007,0.4840763349446835,0.7133757753823713,0.28025472822370956,0.7133757753823713,0.9881516587677726,0.25012918788105165,0.38131713704285053,1,1,1,1,1,0
recent_month_top_future_return,2025-08-31,UUUU,11.5600004196167,1.154784176087152,1.359183713189267,1.3286684585089932,1.3677120494897823,0.5922865089767548,1.177024584592664,1.8058254225043533,-0.2483031949827681,0.2933703846013387,0.1868932044453262,1.1771151258708012,-0.0946601643977164,1.6804300335732953,-0.44181709218822585,2.1502549872814334,-0.06092607428386687,0.06092607428386687,0.23443318776865452,2.099195807105692,0.2711490752394482,0.21179623533869574,1.515609901603706,0.7349282434970992,0.6899627649085363,2.995086054167855,0.0418262123909926,1.5575222275215852,1.8208478190438768,1.5575222275215852,2.099195807105692,0.0818583821062846,0.3036069452383179,1.3640083303161274,0.17586915275980974,1.2639705649517567,1.3640083303161274,0.8398191996696437,1.4922677556022437,1.2885912531786408,1.0883898137187844,0.0369796554853045,-0.06092607428386687,0.06092607428386687,2.36046518236318,75498134.66864578,1.493184805185015,0.40476190476190477,0.18253968253968253,0.09523809523809523,0.07005500071964925,-0.07038622775505521,0.18221511736428098,0.03369542102237422,0.34044959681346754,0.35645729556333206,1.93042966772753,1.3251934411914523,0.5808695917544158,0.2243141819965887,1.0104348555855127,0.23164187623835764,0.914050662285902,1.1839427720991003,0.11352577004407527,0.04130722850603352,0.10797430763399873,-0.06092607428386687,0.06092607428386687,1.3737167743874799,0.047619047619047616,0.9841269841269841,112732667.50703388,18.54052980840766,0.47619047619047616,0.2222222222222222,0.1111111111111111,0.07837344868953917,0.17019844364381265,0.21290864929240727,0.25109156959485945,0.2717271975320714,0.8333333333333334,0.20457673251559347,-0.0946601643977164,0.5808695917544158,0.2621874866552032,0.2717271975320714,0.14489455624956826,1.0821836749457894,0.045962194346481286,-0.06092607428386687,0.06092607428386687,0.3648170076943613,149938320.02449945,0.09906830063470196,0.08922392492523315,-0.0013821521865140518,0.009539710876868224,0.1000377653643707,0.12539538893105795,0.204399537102115,1.0,3.0,1.0,0.0,0.0,1.0,63.0,126.0,0.6617577197149643,0.3278546560795623,0.7742214086841617,0.24567466226854506,0.7742214086841617,0.990521327014218,0.25012918788105165,0.38131713704285053,1,1,1,1,1,0
recent_month_non_top10_control,2025-09-30,AAPL,253.9116668701172,-0.13880999160638008,0.09791866377703795,1.179512895125701,1.192678122929009,0.02042136002953754,0.055463486372697046,0.14911666648366828,0.12008416287256463,0.05207521672197024,-0.07514047547969249,0.3176174528127367,-0.043352954219933904,-0.13413223675655783,0.0933603108493759,0.37887935810630535,-0.013458475195057162,0.013458475195057162,0.042485821426478276,0.20119188320563852,0.060218008278198704,-0.05358407005224708,0.8668333642286805,0.17199488381619532,-0.5897818366973915,-0.4903133764126618,0.07369057930567113,0.2692008293562329,0.20650312634851323,0.14911666648366828,0.2692008293562329,0.021508528939144567,0.06829694587993163,0.24247697733304419,0.011697701048496878,0.152878590540928,0.24247697733304419,0.393572949524026,0.9769196664601577,0.7298122352391286,0.6306471182521763,0.014821817221624543,-0.008720275646134978,0.008720275646134978,0.48041582427554363,12546062332.924603,0.996091850469455,0.15873015873015872,0.023809523809523808,0.015873015873015872,0.02382674665458293,-0.04348476853449146,0.049183593333453235,-0.0036201915453756284,0.07977955252843727,0.10664780370750049,1.0669282368690343,0.606763271030519,0.11963891948030181,0.07093498708936156,0.2281109031337858,0.07720246383579732,0.24820564643933624,1.1572434315751512,-0.28328404757031855,0.01098094175963722,0.09372629809164468,-0.008720275646134978,0.008720275646134978,0.2596055172269709,0.047619047619047616,0.6507936507936508,12497030445.307995,23.248756888736438,0.1111111111111111,0.015873015873015872,0.0,0.018652365734889795,0.06791463834688205,0.10596875996266175,0.337289805019578,0.0968812192629327,0.6666666666666666,0.025464890743115826,-0.05358407005224708,0.11963891948030181,0.04311889753023479,0.0968812192629327,0.047323511721156786,0.28723435402178615,0.01355717135784256,-0.008720275646134978,0.008720275646134978,0.12275680304249814,14582419986.51806,0.015846315010640488,0.019016388059979912,-0.00043177542776129396,0.053762321732697904,0.08959838679211618,0.2832489032402261,0.23672865538341803,2.0,8.0,2.0,0.0,1.0,1.0,63.0,126.0,0.8280285035629453,0.06181508747860254,0.09617997933337352,0.06870171940442371,0.09617997933337352,0.6824644549763034,0.21075937518073334,0.2822045640400446,0,0,0,0,0,0
recent_month_non_top10_control,2025-09-30,ABNB,121.41999816894533,-0.27923318573133427,-0.042504530347916236,0.9485769575930986,0.9711798433021518,-0.07602165143264927,-0.1256570718067408,0.01640715804029691,-0.07516686215699986,-0.02050820797065489,0.10781849449295788,-0.19033321771438183,0.020592659495444643,-0.2668417451999292,-0.09892188126172086,0.04247727314186892,-0.24780077099328923,0.24780077099328923,0.008587253314424226,-0.004101049930357981,0.03885488437369553,0.05807088203236255,0.7984690761526038,-0.07133767999041052,0.01762186639024521,-0.06634692025901467,-0.08687603846660563,-0.05875970411670295,-0.015484532002254673,-0.05875970411670295,0.01640715804029691,0.025891444479772208,-0.03709243754005365,-0.08251472322142395,0.0005289959661174404,-0.17211311001354013,-0.08251472322142395,0.386257328371786,-0.29868088135305787,0.5085470253993501,0.7152325828652634,0.01576022489671294,-0.1458919876117869,0.1458919876117869,0.14883144445246543,659417442.3298366,0.9065621012401399,0.0873015873015873,0.015873015873015872,0.031746031746031744,0.026752677757252895,-0.10311583401452129,-0.1657115237100174,-0.06408272633422618,-0.03793537647612488,-0.04549729902583599,0.8151670535524655,0.68808523981383,-0.014198359873246358,0.04350942146958655,-0.08299981262147615,-0.021494049729392395,0.2762638266219887,0.7110232916991578,-0.04885946423714993,0.012258332665072771,-0.03218944822182712,-0.1458919876117869,0.1458919876117869,0.02637358441844251,0.7142857142857143,0.5555555555555556,597802862.1129354,20.20877159721873,0.047619047619047616,0.0,0.015873015873015872,0.021144762156205702,-0.029118986170732275,-0.051108579792022435,-0.3553041019989454,-0.06979239022100159,0.6666666666666666,0.0035155386465748153,-0.06979239022100159,0.05807088203236255,-0.12355471195369949,-0.06979239022100159,-0.017267844017567313,0.1964300153821718,0.01104572403822355,-0.04835800882543784,0.04835800882543784,0.008723065534640417,616661134.1004145,-0.018844152027338246,0.02150270026927559,-0.009414727949534463,0.053762321732697904,0.08959838679211618,0.2832489032402261,0.23672865538341803,2.0,7.0,2.0,1.0,1.0,0.0,63.0,126.0,0.6351543942992873,0.04216770568105255,-0.03648493141147846,0.1177730461819031,0.1177730461819031,0.7488151658767772,0.21075937518073334,0.2822045640400446,0,0,0,0,0,0
recent_month_non_top10_control,2025-09-30,ADBE,352.75,-0.5554547938190377,-0.3187261384356197,0.8633253241721638,0.8679266776777294,-0.20673291848056674,-0.1956630746905481,-0.08025447520992823,-0.0699298146739088,0.02097128587976782,0.008734665121836738,-0.09695324569477337,-0.02229287883654929,-0.36350337845015435,-0.0079641053630084,-0.27898336514373623,-0.3620696144694464,0.3620696144694464,-0.003804891660920129,-0.05928318933016041,0.04759724063018746,0.10696566263908114,1.1377795154951094,-0.05756758788580374,0.15395544074911194,0.052155129721807914,0.003195620889940076,-0.15018428988383703,-0.09657398480797523,-0.15018428988383703,-0.05928318933016041,-0.06796114506241846,-0.02436963877748699,-0.08821858057293663,-0.07544975721929081,-0.1778169673650528,-0.08821858057293663,0.28766760042692857,-0.35475473577046596,0.8685659689463207,0.8644520594604833,0.012943178103685374,-0.16147664224225433,0.16147664224225433,0.05724563600454147,1489537005.5691674,1.0144121533518484,0.0873015873015873,0.007936507936507936,0.007936507936507936,0.02347130699551171,1.0311067328458305,1.0086147336477258,0.067289720850641,-1.4994771356802161e-05,-0.006347538758616711,1.1698511671303609,1.30243689108093,-0.0027677324711841145,0.06557793893038749,-0.013810848521592312,0.014882616448589792,0.24867484962911382,1.0047589793335732,0.28522108829946213,0.012513884090197798,0.008092713160716247,-0.07715045779561913,0.07715045779561913,0.05724563600454147,0.9365079365079365,0.5555555555555556,1511004441.3166833,21.13604046021726,0.047619047619047616,0.0,0.0,0.023304759573418557,-0.00786581823923349,-0.0028905478301274323,-0.04432018387048491,-0.011073765270124603,0.16666666666666666,-0.012096602703414358,-0.07544975721929081,0.10696566263908114,-0.0648360870028225,-0.011073765270124603,-0.007129523976097674,0.2498582880992782,0.012636837168399574,-0.04003154573870504,0.04003154573870504,0.024512800967883663,2017977680.08263,-0.020481714642398008,0.028846826463548497,-0.009112513811794343,0.053762321732697904,0.08959838679211618,0.2832489032402261,0.23672865538341803,2.0,8.0,2.0,0.0,1.0,1.0,63.0,126.0,0.5720902612826603,-0.0352657758792525,-0.09247340926204817,-0.007824265813253017,-0.007824265813253017,0.2962085308056872,0.21075937518073334,0.2822045640400446,0,0,0,0,0,0
recent_month_non_top10_control,2025-09-30,ADI,244.071044921875,-0.15089334209850858,0.08583531328490945,0.9883862459904347,1.0007863631827425,0.17138712807284762,0.08177405252861036,0.22871432928023672,-0.07068633552899972,0.0425497493139102,0.18561856133378085,-0.14926979845849786,-0.033470425248674385,-0.054534573959989396,-0.19236556640495373,0.518664838753072,-0.0350439240507856,0.0350439240507856,0.058489141693151,0.2712640785941469,0.05719768367650568,0.0977835470765267,0.9189461494152522,0.05144508415297322,-0.2304293123024519,-0.20245636985956528,-0.0350439240507856,0.158027993751237,0.21933546720854022,0.158027993751237,0.2712640785941469,0.11741146922235224,0.013705798616269416,0.03634876287528299,-0.056255765523520296,-0.05324962391683319,0.03634876287528299,0.4409674845707517,0.16209269035337523,0.2916628111147805,0.5085335805684758,0.015103169587190105,-0.0350439240507856,0.0350439240507856,0.5054363155838537,843979684.9443345,0.9409231661521634,0.11904761904761904,0.031746031746031744,0.023809523809523808,0.026671313642450418,-0.3031953320366768,-0.31605582266849575,-0.018144475801051496,0.05693254447796159,0.027051333364322527,0.9028230766921137,0.5008237890301257,0.11877310280422226,0.0819551395175249,0.09812460306067305,0.04283970947114968,0.22424677384303843,0.5735369742716668,-0.3427393287089616,0.009583482698924988,0.0006397419975381347,-0.0350439240507856,0.0350439240507856,0.1177801824667426,0.38095238095238093,0.6190476190476191,794120037.3259286,20.49274518955529,0.047619047619047616,0.015873015873015872,0.0,0.02028357173060121,-0.006427505275738321,-0.025259102817140278,-0.14350229986132043,-0.01845637841291814,0.5,0.037630924986331395,-0.056255765523520296,0.11877310280422226,-0.07221870014561604,-0.01845637841291814,-0.003966700138359869,0.12861381616011902,0.0067412515842836356,-0.013451111509954816,0.013451111509954816,0.00655466476642097,665666968.5656592,-0.004864303495409006,0.019649396545685954,-0.004610316560931915,0.053762321732697904,0.08959838679211618,0.2832489032402261,0.23672865538341803,2.0,7.0,2.0,1.0,1.0,0.0,63.0,126.0,0.7788598574821852,-0.04708992062737882,0.07993490644833767,0.10768356481597263,0.10768356481597263,0.7180094786729858,0.21075937518073334,0.2822045640400446,0,0,0,0,0,0
recent_month_non_top10_control,2025-09-30,ADP,287.0474548339844,-0.15400190682785442,0.08272674855556361,1.1728155843016708,1.174442015274002,0.018271016817004604,-0.054259585328852444,-0.029559926871141284,-0.05962216464668346,0.015915853760192777,0.014436965565056692,-0.057807715971111784,-0.016136014724817627,-0.3128088301113674,-0.013810823534913808,-0.13782783011270233,-0.09274935122118955,0.09274935122118955,0.0001847641625782881,-0.013644073110948507,0.03982065867300048,0.08293427007024468,0.9325416081701294,-0.03545756991583893,0.30721444545680443,0.25051957401570757,0.00043197016838736335,-0.08918209151782475,-0.04412869716663818,-0.08918209151782475,-0.013644073110948507,-0.047888292283781775,-0.01423203047549293,-0.04337075040605509,0.0035667755921489075,-0.13296913719817127,-0.04337075040605509,0.21446994302217498,-0.2788680591549636,0.7535239728264698,0.7251564695182413,0.009122403607047639,-0.09274935122118955,0.09274935122118955,0.07132023826527134,511150958.7638976,0.9477073434590254,0.023809523809523808,0.007936507936507936,0.007936507936507936,0.018081610905762303,1.8515674405998737,1.7669204753247678,0.013808991076402877,-0.021810472694763994,-0.017828116136663574,1.1352481701360873,1.2646424445587066,-0.017609055199503842,0.045897865362186534,-0.04677070538779915,-0.030582852189822263,0.1555242666997388,1.0391191480744486,0.5045521712188379,0.008087459188661482,-0.03969777934701069,-0.05118531085881717,0.05118531085881717,0.016661474896512374,0.6825396825396826,0.15873015873015872,484421517.2366672,19.99846599111046,0.0,0.0,0.0,0.015706970592688073,-0.009257289954946124,-0.03481430358906712,-0.1836810000692829,-0.02968436378881467,0.3333333333333333,-0.0041361133890873885,-0.047888292283781775,0.08293427007024468,-0.08344668552151258,-0.02968436378881467,0.0022073829508388876,0.1616082435179359,0.008653145823721172,-0.0204706233485491,0.0204706233485491,0.016661474896512374,592844599.1414388,0.00766996043774415,0.018579326502082123,0.006453649798889405,0.053762321732697904,0.08959838679211618,0.2832489032402261,0.23672865538341803,2.0,7.0,2.0,1.0,1.0,0.0,63.0,126.0,0.32802850356294533,-0.11311756117470484,-0.1301532824202839,-0.11791217514916852,-0.11311756117470484,0.035545023696682464,0.21075937518073334,0.2822045640400446,0,0,0,0,0,0
recent_month_non_top10_control,2025-09-30,AEP,109.94576263427734,-0.0999269651546213,0.13680169022879674,1.0872064678424274,1.0922628339732494,0.25241025434229925,0.07910713066211073,0.047307738456407566,0.048716366936693456,0.008990213745611486,-0.0419552142343278,0.13512721831699315,-0.008511058576673336,-0.23594116478381855,0.04586426562625778,0.2564997864091299,-0.013673642633621141,0.013673642633621141,0.007916157643575561,0.05629795220201905,0.025923848730669004,-0.036245692951099584,0.9926615193357532,0.058079452089303096,0.3316390968179157,0.45571058018327126,0.028281571600706656,0.09602410539310102,0.06654326535050921,0.047307738456407566,0.09602410539310102,0.0026090142262920057,0.019715108190772934,0.09317200408266535,0.0904009196996185,0.003573617290549169,0.09317200408266535,0.1844357810924231,0.5761673751837489,0.8666861505799673,0.8767819377785039,0.008634211007279067,-0.013673642633621141,0.013673642633621141,0.15049743240349756,339547558.80489653,1.007929419701276,0.031746031746031744,0.0,0.0,0.016578147185379817,0.4926110075271044,0.5125090912333148,0.012975792697229038,-0.015457652362199648,0.01938568063488444,0.9952692803217005,1.058721243489477,-0.010647767356155025,0.043414267135988255,0.0025413445027266945,-0.03643904771840689,0.16170996154190667,0.9884854069597783,0.08639234674217167,0.008015620406928338,-0.03645815135154029,-0.013673642633621141,0.013673642633621141,0.09846527653964965,0.6349206349206349,0.9841269841269841,342239973.9072043,19.651022729979072,0.015873015873015872,0.0,0.0,0.014465816397329218,0.024487605755448838,-0.023462127937296295,0.08339837285217841,0.013331057861603712,0.5,0.008489412150597711,-0.036245692951099584,0.0904009196996185,-0.04043126387109419,0.013331057861603712,0.037086288333668005,0.1598479371442017,0.007851217541369696,0.0,-0.0,0.056933533843586126,333474643.97190636,0.03746883197144357,0.014374620278270106,0.02616031763863047,0.053762321732697904,0.08959838679211618,0.2832489032402261,0.23672865538341803,2.0,7.0,2.0,1.0,1.0,0.0,63.0,126.0,0.22434679334916863,0.0689776585092956,0.10885272175174587,0.03305976325690474,0.10885272175174587,0.7274881516587678,0.21075937518073334,0.2822045640400446,0,0,0,0,0,0
recent_month_non_top10_control,2025-09-30,AKAM,75.76000213623047,-0.48625808156979844,-0.2495294261863804,0.8942413338990429,0.9018110566827237,-0.20794562542967687,-0.06098163299870096,-0.05888196104061527,0.05664308091073167,-0.0009343654088418418,-0.009192520046826469,-0.04095792996404468,0.0009938115658967295,-0.3421308642808414,0.008731511029744121,-0.1611349746453749,-0.28977216240089554,0.28977216240089554,-0.0010322067620657238,-0.05981632644945711,0.032975935615890926,-0.05770664457948482,0.7754411450544755,-0.02149201062687245,-0.16112794699265498,-0.2031977579525167,0.004683763241452699,-0.0022388801298836025,-0.040312389206652,-0.05981632644945711,-0.0022388801298836025,0.05044121975057614,-0.011538711982916783,-0.05015045001087115,-0.043254820527011684,-0.13974883680298733,-0.05015045001087115,0.36542011546656716,-0.19146328590376283,0.660055719189001,0.7167981501422841,0.014572203763745762,-0.11329588048425221,0.11329588048425221,0.11068762869220583,167070801.8162258,0.8369984787277476,0.1111111111111111,0.007936507936507936,0.023809523809523808,0.025067098621287837,0.3881852953676157,0.32906514081790394,-0.04173368566176472,0.0059498125558301584,-0.011206120528080232,0.9103069331875555,0.9196636384112921,0.03695452476798877,0.045647822345281926,-0.007207383566497638,0.019991103099094243,0.2619324627912152,0.9208390382396777,0.07984924955369932,0.012110677034849013,-0.013267778958870768,-0.06179563917980846,0.06179563917980846,0.07415289164117755,0.7301587301587301,0.5714285714285714,139838006.960006,18.75599522463278,0.047619047619047616,0.0,0.015873015873015872,0.02217946969403173,-0.01590363069006162,-0.024662770464981554,-0.17656924988640688,-0.042588085860725045,0.5,-0.009193332480459985,-0.05770664457948482,0.05044121975057614,-0.09635040759342295,-0.042588085860725045,-0.014048726978724058,0.24119763712041276,0.012152030225094748,-0.04343427960306334,0.04343427960306334,0.006509970971404266,144945469.07301402,-0.004219156171172522,0.02182645962051129,-0.002238900180754122,0.053762321732697904,0.08959838679211618,0.2832489032402261,0.23672865538341803,2.0,7.0,2.0,1.0,1.0,0.0,63.0,126.0,0.38883610451306416,-0.008711769317569007,0.18162611033316667,0.15166311430546675,0.18162611033316667,0.8578199052132701,0.21075937518073334,0.2822045640400446,0,0,0,0,0,0
recent_month_non_top10_control,2025-09-30,ALAB,195.8000030517578,2.500625903365542,2.73735455874896,0.9166657465821434,0.8776694648035979,0.47829375283618214,1.6334903439158732,2.281381080277292,-1.1230918340567522,-0.2833714282926447,0.5153343546774829,0.6501158445794901,0.09451985189742684,1.998132177037066,-1.115930881020319,2.5772257552975852,-0.22264570725709643,0.22264570725709643,0.3027957991742367,1.9980096519846473,0.5840612116827896,0.3890675947325284,1.1232892459590123,0.4182794597033863,0.38103729750094195,1.9905674910547262,-0.13111550810023165,1.1582892462205399,1.8125599928274931,1.1582892462205399,2.281381080277292,-0.003306911901686971,0.38664509152228566,1.165450199256973,0.512165433492553,1.0758518124648568,1.165450199256973,0.8852080868693116,1.2400247380890872,0.8727533701753267,1.0617395577460125,0.03803723336755288,-0.22264570725709643,0.22264570725709643,2.698526787512494,680517017.936431,1.4817214038816855,0.4126984126984127,0.16666666666666666,0.07936507936507936,0.06422343843728107,0.4661369453924915,0.5755742216817543,-0.16356699171555011,0.2867814956378394,0.06592398826455215,1.5733108943616678,0.957474410060104,0.33255322636966134,0.20605600510417363,0.4320193751920183,0.23570179793375368,0.9398604426658168,0.8220032528769218,-0.06214181752024006,0.03912947357389923,0.23596789981479693,-0.22264570725709643,0.22264570725709643,1.2106808595055218,0.12698412698412698,0.9841269841269841,1008336631.1821468,20.731567911341354,0.4126984126984127,0.19047619047619047,0.047619047619047616,0.06275265338348254,-0.043165062087254014,0.10520783769915987,0.0966170627928968,0.0746432839259541,0.8333333333333334,0.23327374641940612,-0.003306911901686971,0.512165433492553,0.020880962193256192,0.0746432839259541,-0.10211492275640377,0.7725683411216451,0.034511094387050925,-0.22264570725709643,0.22264570725709643,0.12373735582463352,1443225753.101385,-0.11489222580168534,0.07641180284794283,-0.01932303551174408,0.053762321732697904,0.08959838679211618,0.2832489032402261,0.23672865538341803,2.0,8.0,2.0,1.0,0.0,1.0,63.0,126.0,0.9431116389548693,-0.04657819322692136,-0.1952502304988899,-0.15035751778626927,-0.04657819322692136,0.15165876777251186,0.21075937518073334,0.2822045640400446,0,0,0,0,0,0
recent_month_non_top10_control,2025-09-30,AMZN,219.57000732421875,-0.05833545425361408,0.17839320112980395,0.9591262333124272,0.9784989042681752,0.0008204928896990982,0.03434147629000672,0.15405242123209284,-0.083031430999847,0.036545179376670234,0.15310630570719286,-0.15228581281749376,-0.030694820280155244,-0.12919648200813327,-0.15323192834239374,0.4081980241312586,-0.0929108091432207,0.0929108091432207,0.04545642326818844,0.19059760060876307,0.061275789698015816,0.1116473080052216,1.1527035274604056,-0.00240343241703167,-0.1781591433200086,-0.1774848287406383,-0.06085625147313467,0.07102099023224584,0.13855700402436724,0.07102099023224584,0.19059760060876307,0.07014294555445666,0.013944579912750887,0.0008204928896990982,0.06709513314943605,-0.08877789390241708,0.0008204928896990982,0.3773962932818027,0.002891578950372204,0.7151192762247358,0.7518689273017941,0.015655067156134336,-0.07836634376454898,0.07836634376454898,0.3122758648865842,9682790558.642046,0.984770805370875,0.12698412698412698,0.015873015873015872,0.023809523809523808,0.024314748897402757,0.8472472441906622,0.7711794364043083,-0.05653899509499516,0.006466596008771086,-0.033199736188160744,0.9373295441156048,0.8424173606586197,-0.021827348669553825,0.06478817332219484,-0.062107527436783605,0.013589912597762988,0.28375254619746226,0.951122263811406,-0.18867366776397587,0.012038563362889351,-0.01662815040261323,-0.07836634376454898,0.07836634376454898,0.037420333834774056,0.23809523809523808,0.6349206349206349,9535329456.671432,22.978269627858236,0.09523809523809523,0.0,0.015873015873015872,0.0178785709389304,-0.03681311887715999,-0.0405541012695515,-0.15258075448593714,-0.04117900731782209,0.5,0.02586403507359719,-0.04117900731782209,0.1116473080052216,-0.09494132905052,-0.04117900731782209,-0.037931499572010585,0.26988336410158087,0.012927112999027754,-0.07836634376454898,0.07836634376454898,0.006509344338593737,10465733303.056845,-0.020891364627684927,0.020569427542520825,-0.0018456270254090246,0.053762321732697904,0.08959838679211618,0.2832489032402261,0.23672865538341803,2.0,8.0,2.0,0.0,1.0,1.0,63.0,126.0,0.7608076009501187,0.11226484981660545,0.06216693282852925,0.05123650601053242,0.11226484981660545,0.7322274881516587,0.21075937518073334,0.2822045640400446,0,0,0,0,0,0
recent_month_non_top10_control,2025-09-30,ANET,145.7100067138672,0.28179569387786163,0.5185243492612797,1.0949727378967566,1.1043628185479264,0.31828470390935903,0.5659323152608386,0.8806143572634186,-0.19882756432310944,-0.10949471876337968,0.3204697099363014,0.10373134754508384,0.06182231645068925,0.5973654540231925,-0.4564132997820334,1.582123040081644,-0.04789588926968291,0.04789588926968291,0.13562169303533378,0.771119638500039,0.09958401065392841,0.05311781846231933,0.9719527503508859,0.25455472504065524,-0.5344143136706738,-0.3369123731815771,-0.04789588926968291,0.6817867929403092,0.7778402629012556,0.6817867929403092,0.8806143572634186,0.18086332270701222,0.14496987052969446,0.42420105748138526,0.2043788892687055,0.3346026706892691,0.42420105748138526,0.5566029537234825,0.8592677573016141,0.8613316859524577,0.8869471126925911,0.024229376872459688,-0.04789588926968291,0.04789588926968291,1.2636321344821475,1060374006.8778931,1.1135973206050318,0.2698412698412698,0.0873015873015873,0.03968253968253968,0.03688423399338303,-0.267689331122167,-0.2185647008855779,-0.014621574591862085,0.09601390698300993,0.07880118150625148,1.262082883064718,0.49068463283605546,0.10818050396849865,0.06525518239387747,0.18251911435126122,0.07167337763698556,0.49367738272121064,0.9711195556380243,-0.41377634146177933,0.01918913101250827,0.07826657433384554,-0.04789588926968291,0.04789588926968291,0.4408188536655233,0.20634920634920634,0.9841269841269841,1180829652.8984432,20.889483124891523,0.1111111111111111,0.031746031746031744,0.015873015873015872,0.031323658950350365,0.03617233280131282,0.06522513682002962,0.13992264381406372,0.06708168039100948,1.0,0.11257408854137241,0.05311781846231933,0.2043788892687055,0.013319358658311575,0.06708168039100948,0.011896132296924211,0.47941976053676494,0.021412188127326065,-0.04789588926968291,0.04789588926968291,0.07242225620301745,1371322070.2020555,0.007760033747729045,0.03656480492553814,0.015712183260677692,0.053762321732697904,0.08959838679211618,0.2832489032402261,0.23672865538341803,2.0,7.0,2.0,0.0,1.0,1.0,63.0,126.0,0.9143705463182898,0.08221807134402481,-0.10315018423958067,-0.10074811102985981,0.08221807134402481,0.6516587677725119,0.21075937518073334,0.2822045640400446,0,0,0,0,0,0
recent_month_top_future_return,2025-09-30,AMD,161.7899932861328,-0.25068531383884507,-0.01395665845542704,0.9965265364117567,1.0010046186499382,0.33943200645621485,0.6201681583943586,0.5747517680568965,-0.11363022573553083,0.0871896374084773,0.381156286226908,-0.24098715130673232,-0.05246252191668743,0.2915028648166704,-0.43458263313672085,0.9808679293405288,-0.12270906142229421,0.12270906142229421,0.10392943223505724,0.6619414054653738,0.10069961809370447,0.13744227110973561,1.2217062347054715,0.10450803243786155,-0.3095747280237361,-0.21279841492379614,-0.10942762275645201,0.4611215423213657,0.5659382386145454,0.4611215423213657,0.6619414054653738,0.28149543569574,0.0402663736635116,0.1401691349201757,0.24249475082579197,0.050570748128059506,0.1401691349201757,0.5859624429186118,0.348181511566708,0.5310278695075689,0.6870319050563582,0.023965549902489957,-0.12270906142229421,0.12270906142229421,1.0686612348810733,6970581477.623919,1.248930864259821,0.2222222222222222,0.06349206349206349,0.06349206349206349,0.03798859656267648,-0.20917295718184925,-0.2132577131739174,-0.004554883445504365,-0.051674850936484384,-0.0227322808220195,0.9078378766655193,0.7185499818158407,-0.07759056698548772,0.15464981289063984,-0.08235496837118073,-0.07010206111449702,0.4025748934498514,0.772930435398059,-0.35943142710328935,0.01886693290030884,-0.04063130183442454,-0.12270906142229421,0.12270906142229421,0.20022247495062673,0.5238095238095238,0.9523809523809523,8705774349.24234,22.88725236086195,0.14285714285714285,0.047619047619047616,0.047619047619047616,0.033479688363628524,0.004601035854444602,-0.028443110573534547,-0.016599595731791955,-0.00516516984233617,0.5,0.08770236648112605,-0.07759056698548772,0.28149543569574,-0.058927491575034074,-0.00516516984233617,0.01831245796775338,0.31116238767452087,0.01234025883743677,-0.003265241585575396,0.003265241585575396,0.0704644299291548,6908137703.051903,0.011238021096654949,0.03227287980758886,0.005206467287383276,0.053762321732697904,0.08959838679211618,0.2832489032402261,0.23672865538341803,3.0,12.0,3.0,1.0,1.0,1.0,63.0,126.0,0.9438242280285035,0.5830397783886911,0.34452072319816085,0.32369128221272514,0.5830397783886911,0.9928909952606635,0.21075937518073334,0.2822045640400446,1,1,1,1,1,0
recent_month_top_future_return,2025-09-30,CAH,155.3444366455078,0.20579894996181003,0.44252760534522806,0.8883154677162717,0.8936728130111489,0.3418301230766798,0.22041462066030615,0.14697883971041215,-0.12756087401172667,-0.032682580473866185,0.22391894601884177,-0.28678267286831993,0.029330243373749232,-0.13627006352981397,-0.2098425665598903,0.5582042577680977,-0.06365212032862044,0.06365212032862044,0.018552437031240432,0.11429625923654596,0.06625936189163859,0.09307104321320536,0.9924987507223476,0.012389233461727267,-0.1022336011300432,-0.15867054280324389,-0.06365212032862044,0.01941796569868548,0.0935643548818812,0.01941796569868548,0.14697883971041215,0.08780120341681386,-0.03213258671836283,-0.06286372684947816,-0.07325256927321733,-0.15246211364159434,-0.06286372684947816,0.2633065543034133,-0.2370574668858782,1.0607973191251845,1.0071283360201149,0.011525324207760505,-0.06365212032862044,0.06365212032862044,0.2595112049099477,357674076.8010336,0.9564743276152978,0.07936507936507936,0.0,0.015873015873015872,0.022462020923075487,0.12026292596944765,0.1818555936247237,0.048797978427671085,-0.018598699603209923,0.030760043808096382,1.1564067876620783,0.9886359953766217,-0.041489430702438934,0.06865802441547923,0.01121000401974892,-0.0020174234701848537,0.26518349189878665,1.0532891203490056,0.029714221422142195,0.011428228728567292,0.017930507900308035,-0.06365212032862044,0.06365212032862044,0.07477425909730662,0.9523809523809523,0.3968253968253968,342106072.11369103,19.650631402241856,0.06349206349206349,0.0,0.015873015873015872,0.020869341982705954,0.04297913378147955,0.037405916254700244,0.1968407301700861,0.0549805462873596,0.6666666666666666,0.02507350605257863,-0.07325256927321733,0.09307104321320536,0.0012182245546616954,0.0549805462873596,0.03860709441384236,0.27931488691315065,0.012213722797969643,0.0,-0.0,0.06435216631432739,337817789.6107265,0.03318224401233194,0.023777661382921977,0.020838284699792986,0.053762321732697904,0.08959838679211618,0.2832489032402261,0.23672865538341803,1.0,3.0,1.0,0.0,1.0,0.0,63.0,126.0,0.35023752969121136,0.21937492614668241,0.3567357614487008,0.3135269417393953,0.3567357614487008,0.981042654028436,0.21075937518073334,0.2822045640400446,1,1,1,0,0,0
recent_month_top_future_return,2025-09-30,CIEN,145.6699981689453,1.1284279903066459,1.365156645690064,1.0597087031205268,1.1661769343497548,0.7176040839796565,0.830715077637743,1.4105576275575293,-0.5910472277185415,-0.24155836868568903,0.34585473143029,0.4452432015507384,0.11136858055513166,1.1273087243173032,-0.619459694576501,2.4020414358933717,0.0,-0.0,0.17430292351224064,1.1689992588718403,0.29716149746783305,0.19207851687123045,1.0211927776764544,0.5614665917144479,0.1455373306270229,1.0517695450386655,0.030516123223498837,0.8195103998389879,1.1330224287561192,0.8195103998389879,1.4105576275575293,0.01586315652247494,0.2387446729337377,0.7910979329810284,0.14152212280463772,0.7014995461889122,0.7910979329810284,0.5872328455620134,1.3915656482932235,1.3921847482325815,0.9680910643355535,0.022421662910770378,0.0,-0.0,1.7228037040924358,203764398.39593494,1.2365925649212706,0.1984126984126984,0.07142857142857142,0.023809523809523808,0.03681180293949011,-0.06383932574195283,0.45121338654365895,0.040044929955938224,0.2973614161723299,0.3541023707814299,1.3022606020417826,1.0300314866120241,0.012171530885243254,0.19896524754260206,0.569043557894813,0.42709471845597213,0.5684948704729252,1.4380720982980084,-0.005476972900890553,0.021187009556215688,0.5349814407403599,0.0,-0.0,0.8735691082822548,0.0,0.8888888888888888,251973540.0520688,19.344834644138125,0.20634920634920634,0.047619047619047616,0.0,0.031271778816018975,0.23152404300996876,0.5151339697214541,0.6729674741878054,0.5501755483307564,1.0,0.17052990932824574,0.012171530885243254,0.5501755483307564,0.49641322659805853,0.5501755483307564,0.10543230655587577,0.8175366112526541,0.02600236278946878,0.0,-0.0,0.5564697496410704,434502857.1341378,0.041325632539916723,0.029685497212830685,0.029746517186864274,0.053762321732697904,0.08959838679211618,0.2832489032402261,0.23672865538341803,1.0,3.0,1.0,0.0,1.0,0.0,63.0,126.0,0.7274346793349168,0.3037687962944826,0.4018672978702744,0.6054781221727585,0.6054781221727585,0.995260663507109,0.21075937518073334,0.2822045640400446,1,1,1,1,1,0
recent_month_top_future_return,2025-09-30,COHR,107.72000122070312,-0.02516643759205861,0.21156221779135942,0.6763640608894229,0.696929297084355,0.13712654284223413,0.43263728850982175,0.6587618905295884,-0.23445929721123537,0.015989380176205215,0.3737295308075268,-0.16624155495065662,-0.009547316342364498,0.37551298728936233,-0.45127391467271827,0.9119388538556366,-0.07584073887310139,0.07584073887310139,0.10499897027744454,0.6747512707057937,0.14020898825938605,0.175839515115916,1.1091559282683765,0.162584900590802,-0.27231292729372836,-0.12132660952069296,-0.06838637539491565,0.42430259331835307,0.5859385848512451,0.42430259331835307,0.6747512707057937,0.17955840703724157,0.054740685086796415,0.20748797585687018,0.20614280437594235,0.117889589064754,0.20748797585687018,0.7223750668637187,0.3559529303975203,0.6477662758872997,0.8069332547278791,0.02855953365674547,-0.07584073887310139,0.07584073887310139,1.1296954788674225,322414922.8716865,1.2129486924220592,0.30952380952380953,0.0873015873015873,0.03968253968253968,0.048175243940364564,-0.3767213027086286,-0.25788016881665976,0.1479924533399939,-0.007631247948889253,0.062413340864781786,1.0697405121067802,0.7387609142337983,-0.1592007202261988,0.14880103409048745,0.0011152671773586587,0.05214058286123757,0.5829084638386098,0.8027507505633101,-0.26259068668803776,0.024206436805137944,0.20057570995846352,-0.07584073887310139,0.07584073887310139,0.24459846819745845,0.5396825396825397,0.4444444444444444,391072759.1145712,19.784404187887098,0.2698412698412698,0.047619047619047616,0.015873015873015872,0.039458550513886526,0.08518698632898491,0.16862975551406634,0.4074773016934505,0.1906709380706022,0.6666666666666666,0.09724393800518981,-0.1592007202261988,0.20614280437594235,0.1369086163379043,0.1906709380706022,0.03534614508199785,0.46793020685615017,0.021729058648376345,-0.06003488084663111,0.06003488084663111,0.22687924232989531,388705715.99088395,-0.0028049500018387796,0.043074631796018364,0.005282135017229406,0.053762321732697904,0.08959838679211618,0.2832489032402261,0.23672865538341803,1.0,3.0,1.0,0.0,1.0,0.0,63.0,126.0,0.8233966745843231,0.2250278984262144,0.5248792484720672,0.7134237396271541,0.7134237396271541,1.0,0.21075937518073334,0.2822045640400446,1,1,1,1,1,0
recent_month_top_future_return,2025-09-30,ECHO,76.36000061035156,1.839822575448189,2.076551230831607,1.82939417337355,2.233109931591377,2.3344978987930807,1.445084909690125,1.9851446770172023,1.3216800596922997,0.4116525723280797,0.08287728090525559,1.6738013655630717,-0.12118844373399795,1.7018957737769762,-0.22846603054887504,1.3431050968695946,-0.08627496841930937,0.08627496841930937,0.4056898415486143,2.396797249345282,0.6763192106605432,-0.21129893668705413,1.885898334031114,1.0819360296994112,1.4525844821941725,5.760987270724255,-0.0477467239354763,3.306824736709502,2.5629222210239955,1.9851446770172023,3.306824736709502,0.5623238284328564,0.6001383361045269,1.7566786464683273,0.17653426913225556,1.667080259676211,1.7566786464683273,1.4780263150248063,1.1040479787028634,0.5565875507001182,1.0765202630756043,0.04396726464831004,-0.08627496841930937,0.08627496841930937,3.7754847844511126,183404664.9060113,1.5696039426232873,0.38095238095238093,0.11904761904761904,0.09523809523809523,0.057144081888115296,-0.4586504801361724,-0.33100098632904174,-0.08627496841930937,0.9623983313112754,0.5425078622562269,1.1545334526814186,1.0835487249264097,0.895980381289466,0.41731779753765336,1.3430500231000462,1.181506133606153,1.5911252774831706,0.5170246857313721,-0.11080631973201804,0.04046978892452446,0.8373914284591075,-0.08627496841930937,0.08627496841930937,1.9001139700574519,0.23809523809523808,0.6349206349206349,287872685.1319782,19.47802887832025,0.3333333333333333,0.15873015873015872,0.015873015873015872,0.04925711445350709,0.20323974806768264,0.4315585660357153,0.28663266822624306,0.2357986644917316,0.6666666666666666,0.2563582938208762,-0.21129893668705413,0.895980381289466,0.1820363427590337,0.2357986644917316,0.04024903824669046,0.8226510465499783,0.03156890172792805,-0.08627496841930937,0.08627496841930937,0.19480520720801708,502708932.76801336,0.043197916009369175,0.03780960729914326,0.032729256703806886,0.053762321732697904,0.08959838679211618,0.2832489032402261,0.23672865538341803,1.0,3.0,1.0,0.0,1.0,0.0,63.0,126.0,0.7891923990498813,-0.019512805812727296,-0.04020429112474422,0.423520116283322,0.423520116283322,0.9881516587677726,0.21075937518073334,0.2822045640400446,1,1,1,1,0,0
recent_month_top_future_return,2025-09-30,LLY,759.3045654296875,-0.36891018003698495,-0.13218152465356692,0.7462902789818595,0.7661949147463734,-0.0057462450084296846,-0.16769673883293457,-0.07224353599163313,0.10885321061285502,-0.07538061317043743,-0.054221468708135045,0.03516619658340059,0.08843588552671267,-0.35549243923185925,0.05318826386689868,-0.15191971669169507,-0.17583423255163178,0.17583423255163178,-0.01525840637586462,-0.14762414916207056,0.0926223156412562,-0.17772728568312046,1.1769857269575035,0.018462746280289544,1.0497451915173435,1.0106867391066143,0.07198593817257837,0.03660967462122189,-0.06108600351082727,-0.14762414916207056,0.03660967462122189,0.05674626221451562,-0.01799354173997514,-0.019055272124734457,-0.05062029519227362,-0.10865365891685064,-0.019055272124734457,0.47553759028029075,-0.04466241139016042,0.5808265876237527,0.897197665595026,0.019249758732889616,-0.14762414916207056,0.14762414916207056,0.22221030184171853,3186817915.1761494,1.0103693070610518,0.18253968253968253,0.023809523809523808,0.03968253968253968,0.029045842486395815,1.4436735653809971,1.5451459607250295,0.04486777858424473,0.015321552834520524,0.03996232127552801,0.8523780830507621,1.3303340256636411,-0.007946505583201535,0.09650705826349754,0.03324804912901724,0.06497194472852086,0.42665121590216076,0.6473786211186201,0.2813891667465982,0.016594531358827054,0.04040084219536633,-0.059080444452075054,0.059080444452075054,0.22221030184171853,0.7301587301587301,0.5714285714285714,3219863008.6862717,21.892604652022033,0.15873015873015872,0.031746031746031744,0.031746031746031744,0.025410074182063754,0.034844324441312136,0.011134825399520043,0.15033959661641128,0.041524529618673256,0.5,-0.00826456818311568,-0.17772728568312046,0.08843588552671267,-0.012237792114024648,0.041524529618673256,0.0225237046648743,0.2762048758493235,0.012210149879750443,-0.0022360660123901255,0.0022360660123901255,0.0677450505053625,2582281400.30256,0.024509034001017005,0.02338323630166845,0.03937077212036311,0.053762321732697904,0.08959838679211618,0.2832489032402261,0.23672865538341803,1.0,3.0,1.0,0.0,1.0,0.0,63.0,126.0,0.8618764845605701,0.13087802479107258,0.41159810508401384,0.41056132553447044,0.41159810508401384,0.985781990521327,0.21075937518073334,0.2822045640400446,1,1,1,1,0,0
recent_month_top_future_return,2025-09-30,MDB,310.3800048828125,-0.0886613431009482,0.14806731228246983,1.2489570358007502,1.382692652000455,0.33319019001619954,0.16060282460203212,0.7695553915810802,-0.12585469850738096,0.03319774882521642,0.19720645838273887,0.2808639105087771,-0.018415027593702837,0.4863064883408541,-0.2914850226895642,1.0201301682405897,-0.11352925897711685,0.11352925897711685,0.16188019753142546,0.8027531404062966,0.08390389012230459,0.09676484776262484,1.6190905650349876,0.31422032565468294,-0.08563868174164058,0.35149037097826596,-0.00484815884670764,0.6437006930736993,0.7386697416870254,0.6437006930736993,0.8027531404062966,0.11205848359330717,0.21222312499811102,0.478070368891516,0.13286343714769133,0.3884719820993998,0.478070368891516,0.754369800579789,0.5431194583329905,0.34552021501181635,1.1668423144658342,0.024942426690073464,-0.07313282943073096,0.07313282943073096,1.1280767356466432,609402263.644724,1.2172368406432452,0.24603174603174602,0.06349206349206349,0.03968253968253968,0.040939215070300274,-0.7330524097972083,-0.7374760045747477,-0.06530503721389325,0.2919514395700271,0.14951002127036128,0.9868529328277276,0.5778095883556394,0.32670556207204715,0.126535541485628,0.3047206930898769,0.39591782447564894,0.8802306040716508,0.29611560253537017,-0.54630725617944,0.027396188083044618,0.2947038132290063,-0.07313282943073096,0.07313282943073096,0.5441791287702114,0.2222222222222222,0.5555555555555556,741786886.0797458,20.424572545699522,0.31746031746031744,0.047619047619047616,0.031746031746031744,0.03966126357741991,0.03582689786826965,0.15726146927870843,-0.06357576233866465,-0.01657102345137862,0.6666666666666666,0.10556771325509817,-0.018415027593702837,0.32670556207204715,-0.07033334518407652,-0.01657102345137862,-0.037063330471089784,0.2606500156947497,0.012975004723284875,-0.07313282943073096,0.07313282943073096,0.0,717978945.3180223,-0.022138745677312555,0.03239048149806016,-0.01554797241270256,0.053762321732697904,0.08959838679211618,0.2832489032402261,0.23672865538341803,2.0,8.0,2.0,1.0,0.0,1.0,63.0,126.0,0.8939429928741093,0.15928861931706217,0.07084860457643716,0.3521811838358113,0.3521811838358113,0.9786729857819905,0.21075937518073334,0.2822045640400446,1,1,1,0,0,0
recent_month_top_future_return,2025-09-30,MU,167.07757568359375,0.3841612563732635,0.6208899117566815,0.942680102380362,1.011930639282741,0.9925804122300546,0.7910451960350846,0.927465817024816,-0.15446665967577888,0.24898009455952108,0.41846017083786236,-0.05961636496188083,-0.11439755669290996,0.6442169137845899,-0.5686220111488345,1.5449768396792896,-0.00929595168008801,0.00929595168008801,0.1523776069062106,1.176445911584337,0.2035601139472316,0.2275504489458009,1.059062999384264,0.3912165900595903,-0.11873840445269013,0.19749686046584647,0.027135915209672623,0.7729991573490371,0.9589702953193967,0.7729991573490371,1.176445911584337,0.30478510457356767,0.10233140783240136,0.3588438058759815,-0.1136493264353644,0.26924541908386534,0.3588438058759815,0.6003104986462722,0.7966631435052003,0.7936172598229797,0.7503342828356453,0.025871409137785642,-0.00929595168008801,0.00929595168008801,1.5877240694277717,2603987088.7169003,1.135255670898867,0.31746031746031744,0.07936507936507936,0.023809523809523808,0.03754259815445465,0.19783593656849896,0.68407620610093,0.05940841596227131,0.21433323675637883,0.2843541262944034,1.5320446337375913,0.9103437339535446,0.09043443683944874,0.21762078522302425,0.5330769710041747,0.28265639674468157,0.4504335474804592,1.0576849252092821,-0.08795929236747024,0.02280725831613222,0.37182227809410806,-0.00929595168008801,0.00929595168008801,0.5953470678114543,0.12698412698412698,0.6507936507936508,2956191109.4132924,21.80716748963851,0.3333333333333333,0.06349206349206349,0.0,0.031140400230566984,0.19005680310846484,0.3639636315021799,0.8520528669394087,0.4059322772744556,0.6666666666666666,0.1334425640841664,-0.11439755669290996,0.4059322772744556,0.3521699555417577,0.4059322772744556,0.10258118971746888,0.4764167729786211,0.0262395289936213,-0.00929595168008801,0.00929595168008801,0.4122214282393184,4195784171.742321,0.02671095057822792,0.041827435826351025,0.03664052607764989,0.053762321732697904,0.08959838679211618,0.2832489032402261,0.23672865538341803,3.0,11.0,3.0,1.0,1.0,1.0,63.0,126.0,0.9501187648456056,0.3382149441860687,0.41422478053071554,0.7075311271758338,0.7075311271758338,0.9976303317535545,0.21075937518073334,0.2822045640400446,1,1,1,1,1,0
recent_month_top_future_return,2025-09-30,RKLB,47.90999984741211,3.6872181176295387,3.9239467730129567,1.2583943813763094,1.330472619256072,0.881036558265309,1.338213781483005,1.679530318577374,-0.8911765220068137,-0.4808154110772138,1.0005594036185648,-0.6611688742842683,0.2186801978906301,1.396281415337148,-1.3401397892430775,2.0509441402404587,-0.11343451081167355,0.11343451081167355,0.17140363933224978,1.1987149075001602,0.44605218197517477,0.22946304680680618,0.8559284892399173,0.230684657163978,-0.1942847535577924,0.07916737042494137,-0.10319657671832805,0.7883537965705603,1.2221996742160315,0.7883537965705603,1.679530318577374,0.33519967283881535,0.0873006207917364,0.3393905293342965,0.2837572709334042,0.2497921425421803,0.3393905293342965,0.8189059300174119,0.45574489970786775,1.1027804950936135,0.9093768330029381,0.038366795172652464,-0.11343451081167355,0.11343451081167355,1.926695014736219,768187421.0394965,1.3000971841925677,0.4603174603174603,0.18253968253968253,0.09523809523809523,0.072291866517073,-0.0655247895935287,-0.07879200424616672,-0.05914377431305928,0.04223716222682827,0.03387778242442496,1.2140597372962103,1.0444854828088053,0.05836237831098612,0.1350116470997461,0.04333627521380423,0.075379731027853,0.7446940811665597,1.2126771378725574,0.01764797216145997,0.03452786365154191,0.07028407033042061,-0.11343451081167355,0.11343451081167355,0.34352215514350304,0.1746031746031746,0.9682539682539683,998718303.0255998,20.721983318897216,0.42857142857142855,0.15873015873015872,0.07936507936507936,0.06821050497219955,0.01679807222983043,-0.006761599348712233,-0.01572131532844252,-0.014197503052935101,0.8333333333333334,0.18521084395461782,-0.014197503052935101,0.33519967283881535,-0.067959824785633,-0.014197503052935101,-0.00043291719454852107,0.9030734869396975,0.042528147655260216,-0.11343451081167355,0.11343451081167355,0.11444517275768518,1095572464.1225178,-0.006573085575784621,0.07099322594071948,0.012896419031516837,0.053762321732697904,0.08959838679211618,0.2832489032402261,0.23672865538341803,2.0,8.0,2.0,1.0,0.0,1.0,63.0,126.0,0.9418052256532066,0.31454810567356395,-0.12043415729785989,0.456063501532209,0.456063501532209,0.990521327014218,0.21075937518073334,0.2822045640400446,1,1,1,1,0,0
recent_month_top_future_return,2025-09-30,TER,137.42666625976562,-0.20418630706339846,0.032542348320019565,1.205028501822713,1.2480100991197876,0.09700619691252443,0.2560361464862335,0.6705585924740602,0.08234838879638562,0.18886935392241821,0.09027651673165771,0.4419573403103383,-0.10157390303208147,0.38730968923383413,-0.13832473543206425,1.1415165515317274,-0.013321115965411412,0.013321115965411412,0.11538734801146178,0.8594279463964785,0.09469213800505812,0.06076817895312958,1.5682412518213014,0.3762390980236263,0.5596377749029755,1.3897298034279824,0.012410748886495515,0.7529069812704459,0.7609645067136616,0.6705585924740602,0.8594279463964785,0.14402052481366212,0.1287516121823431,0.532233857041996,0.19472860436036354,0.4426354702498798,0.532233857041996,0.5874278314881032,0.9586630043594339,0.8876018443375107,0.9451092442711337,0.02300206519341251,0.0,-0.0,1.0304316969752714,363511632.51208353,1.2401178240374233,0.1746031746031746,0.0873015873015873,0.031746031746031744,0.036293368315333925,-0.26623819261856074,-0.14498834781865577,0.003119479421676563,0.13427984328060605,0.21241652333557925,1.368072079873003,0.6782356272479401,0.1006237046203271,0.10688442944267364,0.2824953311152425,0.10700079051179223,0.5551834738815521,0.9391526426365953,-0.45271313137426994,0.020806879387830948,0.13424019003541932,0.0,-0.0,0.5283248690306983,0.0,0.7301587301587301,450797254.7231765,19.926528252540773,0.12698412698412698,0.07936507936507936,0.0,0.034419645530225446,0.14199741026284518,0.14476471604872332,0.3169227193181785,0.1652441481420337,0.8333333333333334,0.09396854297623909,-0.10157390303208147,0.19472860436036354,0.1114818264093358,0.1652441481420337,0.11776126110718899,0.5214020266440248,0.01986281278595742,0.0,-0.0,0.22630064251339488,504370764.86089796,0.0618649143494443,0.03638372703289636,0.02203864208304096,0.053762321732697904,0.08959838679211618,0.2832489032402261,0.23672865538341803,3.0,11.0,3.0,1.0,1.0,1.0,63.0,126.0,0.8086698337292161,0.32054638071574515,0.3224896667856194,0.4073400519675243,0.4073400519675243,0.9834123222748815,0.21075937518073334,0.2822045640400446,1,1,1,1,0,0
recent_month_non_top10_control,2025-10-31,AAPL,269.60723876953125,-0.10477714152394535,0.20237385573947209,1.1932329241075763,1.2131425913186462,0.1497023615091524,0.22014941374547625,0.27544366454458213,0.043837135832453855,0.07221292510622113,-0.021919046447236745,0.32594573249166303,-0.05358407005224708,-0.05062651475209079,0.028583021499844152,1.11477174560698,-0.0037951562818203666,0.0037951562818203666,0.05228338264874277,0.34765658965080326,0.036381282841819816,0.021508528939144567,0.8708069466257456,0.17624808715924978,0.06776714284298069,0.39239684874865777,0.02806117704379618,0.319280800377036,0.31412701819080713,0.27544366454458213,0.34765658965080326,0.011697701048496878,0.07104448593515866,0.3040266860444263,0.11963891948030181,0.18935737926935037,0.3040266860444263,0.24708525815265112,1.1565707092919242,0.9680918271041327,1.0638800900375405,0.010854364762302235,-0.0037951562818203666,0.0037951562818203666,0.3861668876528863,12041257622.554283,1.0862702603136973,0.09523809523809523,0.015873015873015872,0.0,0.019187921466759007,1.2853388075100187,1.4266072258144957,0.004925119364314612,0.07156081901186728,0.08911068867778571,1.1662139032807621,1.271148347675273,0.0968812192629327,0.06308869442048316,0.16468502778530691,0.055825989654934016,0.2628690866903914,0.9099632901955824,0.5830829604788541,0.011976692012644138,0.044389069687266414,-0.0037951562818203666,0.0037951562818203666,0.3339090032806846,0.015873015873015872,0.9841269841269841,13080060052.156334,23.29435477418483,0.14285714285714285,0.015873015873015872,0.0,0.018966544585302374,0.04998054066347657,0.0565186087547902,0.2584229617767873,0.06181508747860254,0.8333333333333334,0.0429928976928719,-0.05358407005224708,0.11963891948030181,0.014011285613749314,0.06181508747860254,0.045880287888212745,0.23920121901549632,0.01049101309971839,-0.0037951562818203666,0.0037951562818203666,0.10233607044976734,12398487340.249197,0.018289042867844607,0.019948878638095722,0.0019047155045555098,0.047803801864853224,0.11466930677507592,0.3260701792966729,0.30715099726341744,2.0,8.0,2.0,0.0,1.0,1.0,63.0,126.0,0.7333729216152018,0.03236429041178379,0.00648571677595422,-0.039347602408288385,0.03236429041178379,0.3049645390070922,0.2319493282050947,0.2935946230490748,0,0,0,0,0,0
recent_month_non_top10_control,2025-10-31,ABNB,126.54000091552734,-0.3683572646537002,-0.06120626739028279,0.920045829308292,0.9343425537391559,-0.035297684821605224,0.0592667159326552,0.03789372388424783,-0.08172019798777375,-0.05696348422899711,0.08604007259439084,-0.13037209120501947,0.05807088203236255,-0.2881764554124251,-0.08222574249487646,0.13886842670966562,-0.21608225529101965,0.21608225529101965,-0.014808150769051953,-0.019069760344749276,0.041904502882152854,0.025891444479772208,0.7927525345389204,-0.016907722118264523,-0.10187024377660259,-0.14168614884425756,0.03801702202698043,-0.043826474103525914,-0.008334170188009119,-0.043826474103525914,0.03789372388424783,0.0005289959661174404,-0.015502149481750105,-0.04433201861062863,-0.014198359873246358,-0.15900132538570455,-0.04433201861062863,0.27287501401216874,-0.17001259510899555,0.7056486539727823,0.955592294860723,0.012492115782200667,-0.1098762123255721,0.1098762123255721,0.07064894070258343,617239132.555565,1.0021846890875694,0.06349206349206349,0.007936507936507936,0.007936507936507936,0.022398748285246232,-0.0667202787830049,-0.027366014180632003,0.11532431810222143,-0.008136837765419291,0.016078683556288276,1.0300345814149823,0.7335655691650748,-0.06979239022100159,0.04602201713690163,-0.030567669509565465,0.00964858175143335,0.26075726085004025,0.7384411299335877,-0.08149320670096294,0.011425332107522813,0.034389044445410466,-0.030567669509565465,0.030567669509565465,0.07064894070258343,0.6984126984126984,0.23809523809523808,618587608.15288,20.242949387547252,0.031746031746031744,0.0,0.015873015873015872,0.02216829107150678,0.02206918576194017,0.04018960850637665,0.21899171438424175,0.04216770568105255,0.6666666666666666,0.007111379677509466,-0.06979239022100159,0.05807088203236255,-0.005636096183800676,0.04216770568105255,0.017043155988933023,0.19255388634049098,0.008928757215828717,-0.019601815023812086,0.019601815023812086,0.07064894070258343,541290928.3498855,-0.007568319910383869,0.024331655595224766,-0.00587643430554774,0.047803801864853224,0.11466930677507592,0.3260701792966729,0.30715099726341744,2.0,7.0,2.0,1.0,1.0,0.0,63.0,126.0,0.5995249406175772,-0.07547023062006297,0.07254623232778346,0.022364423748892914,0.07254623232778346,0.4846335697399527,0.2319493282050947,0.2935946230490748,0,0,0,0,0,0
recent_month_non_top10_control,2025-10-31,ADBE,340.3099975585937,-0.5953245098202893,-0.28817351255687185,0.8382174663755453,0.8473015339188477,-0.22205969125099556,-0.11269001475312035,-0.09245829754108814,-0.027914962220229933,-0.08769540271437326,-0.046109147256791494,-0.002480426855388518,0.10696566263908114,-0.41852847683776107,0.04386872342890813,-0.3449700156583121,-0.384566724472132,0.384566724472132,-0.037257945445194784,-0.1801537002554614,0.0448022131869003,-0.06796114506241846,1.0508665356440952,-0.05379555266978464,-0.16611641665374133,-0.20663446482767467,0.0758481656766663,-0.12037325976131807,-0.13099508585262254,-0.1801537002554614,-0.09245829754108814,-0.07544975721929081,-0.009107886857517067,-0.04858957411218001,-0.0027677324711841145,-0.16325888088725593,-0.04858957411218001,0.26801835911636673,-0.17161934085186267,1.2089401159417614,1.0563609023386393,0.012285919329665908,-0.19104781904645718,0.19104781904645718,0.0336542423306776,1461495747.0873878,1.0372826111581388,0.07936507936507936,0.0,0.015873015873015872,0.02202684248787436,-0.2979648180274964,-0.322722633414289,0.0032648796977828853,-0.018877371862445647,-0.029838368889843814,0.986425768832684,0.8977112347087659,-0.011073765270124603,0.06619233727178733,-0.045949016225221406,-0.029497543459572118,0.28312411567948664,1.14443852784151,-0.040226465137630285,0.013474633764374626,-0.019380830590989384,-0.07388557809783625,0.07388557809783625,0.0336542423306776,0.49206349206349204,0.1746031746031746,1515984124.7353206,21.139330652960926,0.07936507936507936,0.0,0.015873015873015872,0.02508965950360532,-0.022673428722679745,-0.018452971460400702,-0.10883889158327495,-0.0352657758792525,0.16666666666666666,-0.014258752210531559,-0.07544975721929081,0.10696566263908114,-0.08306957774410573,-0.0352657758792525,-0.013362560997785988,0.32401814614466107,0.013306285848822557,-0.05445807536351932,0.05445807536351932,0.0336542423306776,1272095313.3430116,-0.027074147508389768,0.026154740803187384,-0.01934735205146887,0.047803801864853224,0.11466930677507592,0.3260701792966729,0.30715099726341744,2.0,8.0,2.0,0.0,1.0,1.0,63.0,126.0,0.6182897862232778,-0.059298853458769285,0.02844463208611625,-0.13828567452089335,0.02844463208611625,0.2907801418439716,0.2319493282050947,0.2935946230490748,0,0,0,0,0,0
recent_month_non_top10_control,2025-10-31,ADP,254.5773468017578,-0.38843160016957845,-0.08128060290616101,1.078498484785587,1.0969494114405778,-0.12755168153571161,-0.13933374120968012,-0.12521825001085352,-0.026364068057656675,-0.06699334198872042,0.034752008214694374,-0.18934968664930985,0.08293427007024468,-0.45128842930752644,-0.029379428423761955,-0.7028065543577855,-0.1953753319852174,0.1953753319852174,-0.025005463583881227,-0.19221159199957394,0.03374885147559795,-0.047888292283781775,0.9980283781855956,-0.12184265038156838,0.2597025216706068,0.0649554363021001,-0.1050772641461617,-0.1515823180685102,-0.15633738669297922,-0.19221159199957394,-0.12521825001085352,0.0035667755921489075,-0.03055342153339191,-0.15459767843461547,-0.017609055199503842,-0.2692669852096914,-0.15459767843461547,0.17816887055823796,-0.8222565575681516,1.3664721147611352,1.0552704942180384,0.0076865236974235415,-0.1953753319852174,0.1953753319852174,0.0,490611529.4782245,1.0307891757993421,0.015873015873015872,0.0,0.007936507936507936,0.01536781110583533,-0.18967811430743886,-0.2813397497834693,-0.10212656598050118,-0.03675986135685838,-0.10011533283245877,0.9952998589978166,1.0814037065745896,-0.02968436378881467,0.0643404359555851,-0.1394441021267061,-0.03830487857212861,0.1880163520882615,1.2949022286212017,0.12492303181351705,0.008123755237508436,-0.054137340413457524,-0.15331187683931835,0.15331187683931835,0.0,0.8095238095238095,0.0,505717054.1085137,20.041487891225064,0.015873015873015872,0.0,0.015873015873015872,0.015484458232134872,-0.08469582743766069,-0.07947614939587777,-0.4646194994503524,-0.11311756117470484,0.3333333333333333,-0.02029970446406859,-0.11311756117470484,0.08293427007024468,-0.16092136303955806,-0.11311756117470484,-0.07330932268240664,0.24346279333631837,0.00818269260681653,-0.11142211609173558,0.11142211609173558,0.0,484202091.75407773,-0.0557413698248318,0.0184183034664083,-0.03105246905639536,0.047803801864853224,0.11466930677507592,0.3260701792966729,0.30715099726341744,2.0,7.0,2.0,1.0,1.0,0.0,63.0,126.0,0.32517814726840855,-0.019208545010929945,-0.005406143773479477,-0.04565702873912403,-0.005406143773479477,0.1773049645390071,0.2319493282050947,0.2935946230490748,0,0,0,0,0,0
recent_month_non_top10_control,2025-10-31,AEP,117.5295639038086,-0.04455729959543375,0.2625936976679837,1.1783206776288144,1.1912180260314158,0.2553620342347127,0.11954857399379626,0.12915891163307824,0.03941753763912326,0.04246637021978428,0.053620339943143414,0.018073959062142375,-0.036245692951099584,-0.19691126766359468,-0.057464612627792455,0.7040611028481033,-0.01515035276598986,0.01515035276598986,0.032159367540720796,0.17162528185286252,0.02368695229192779,0.0026090142262920057,0.9835323790590349,0.09386982669467492,-0.04236695419960579,0.026289875723350287,-0.014179143957138374,0.1685764492722015,0.15645354758604743,0.12915891163307824,0.17162528185286252,0.0904009196996185,0.02233391843219268,0.07169429900528579,-0.010647767356155025,-0.04297500776979013,0.07169429900528579,0.1834484409245137,0.38622906021466386,1.3705069178692035,1.011872167122579,0.008110199445805951,-0.01515035276598986,0.01515035276598986,0.22985605141164744,340697926.23653716,1.0819693434585433,0.031746031746031744,0.007936507936507936,0.0,0.014987639624073392,0.04522427074417634,0.11732139355719573,-0.0014767101323687193,0.04992215659382726,0.06416863723150823,1.264756597076127,1.1488090445660142,0.013331057861603712,0.04856553239648793,0.08322826152764451,0.08180225457007007,0.18562637147354608,1.3544269349422469,0.15486261980830673,0.00772844494359374,0.0764348841738196,-0.01515035276598986,0.01515035276598986,0.129838334208072,0.031746031746031744,0.49206349206349204,368624711.5678333,19.72528964535803,0.015873015873015872,0.015873015873015872,0.0,0.014635495131314052,0.043081489694043684,0.06837867590555713,0.27435519660920504,0.0689776585092956,0.6666666666666666,0.021404198331592534,-0.036245692951099584,0.0904009196996185,0.02117385664444238,0.0689776585092956,0.021242570181843723,0.25141735735936593,0.00890872572528241,-0.01515035276598986,0.01515035276598986,0.054357376155827364,414838515.78623456,0.018772605726631975,0.018323399524068393,0.009299002918526922,0.047803801864853224,0.11466930677507592,0.3260701792966729,0.30715099726341744,2.0,7.0,2.0,1.0,1.0,0.0,63.0,126.0,0.37387173396674583,0.03730205484187277,-0.03360023005764101,0.003862358798390142,0.03730205484187277,0.3309692671394799,0.2319493282050947,0.2935946230490748,0,0,0,0,0,0
recent_month_non_top10_control,2025-10-31,ALAB,186.67999267578125,1.3536241300417664,1.6607751273051838,0.8517153840272533,0.8641209419743824,0.8406625522198286,2.1285402782689724,1.858367779118331,-0.7937803376656243,-0.8006077464478376,1.0935538330845884,-0.7282353330549591,0.3890675947325284,1.5322975998216581,-1.4930492790887018,2.1222178141057624,-0.25885346571025214,0.25885346571025214,0.13216229506249588,1.0577600326704935,0.4602728541578204,-0.003306911901686971,1.0785464360257988,0.1721852324791704,0.12620206719585592,0.5376245171141139,-0.25885346571025214,1.0645874414527068,1.3269050844138437,1.0577600326704935,1.858367779118331,0.512165433492553,0.049830364110769576,0.3653185000296293,0.33255322636966134,0.25064919325455337,0.3653185000296293,0.8756725001393839,0.3749891745418009,1.1271451461010256,1.1125287022249817,0.037489606777998945,-0.25885346571025214,0.25885346571025214,1.6259671162239422,839929364.866172,1.4083867891205306,0.42063492063492064,0.16666666666666666,0.07142857142857142,0.061865931320223416,0.708125704724839,0.6285642955942943,-0.036207758453155714,-0.08606630894130551,-0.04932193718198641,1.0917320711046792,1.338509663459369,0.0746432839259541,0.23153476687239258,0.024588341397237867,-0.1830159765370315,0.9742107901541739,1.013138037559671,0.5115308481704601,0.039406963623671507,-0.21245391187408003,-0.25885346571025214,0.25885346571025214,0.3773056066314606,0.49206349206349204,0.9841269841269841,1182945421.2719145,20.891273285858894,0.42857142857142855,0.15873015873015872,0.06349206349206349,0.06316579909573466,-0.01157874721871055,-0.1285525248374123,-0.04719120661834971,-0.04657819322692136,0.6666666666666666,0.20975740556534808,-0.04657819322692136,0.512165433492553,-0.09438199509177458,-0.04657819322692136,0.03841919120848902,0.9870100081062563,0.042845840613283656,-0.17189371981984303,0.17189371981984303,0.20555366688837973,1088028581.6337948,0.12075690102113956,0.06833887553710412,0.074875025371133,0.047803801864853224,0.11466930677507592,0.3260701792966729,0.30715099726341744,2.0,8.0,2.0,1.0,0.0,1.0,63.0,126.0,0.9492874109263657,-0.15593521798621246,-0.10884932966930572,-0.19316476844533303,-0.10884932966930572,0.04964539007092199,0.2319493282050947,0.2935946230490748,0,0,0,0,0,0
recent_month_non_top10_control,2025-10-31,ALGN,137.8800048828125,-0.6346640163156563,-0.32751301905223884,0.9628770394382435,0.9770184513011824,-0.37072701155248633,-0.13206594263459903,-0.2043854445770943,-0.067362278713759,-0.03359397941754094,-0.2555684233409633,0.3243228668232979,0.04408539674039513,-0.5304556238737672,0.2731398880594289,-0.3273654385047169,-0.4267420487544058,0.4267420487544058,-0.0623137875749975,-0.23797942399463523,0.03368117694889158,0.046368958088001344,0.6174332299081341,-0.10791402955877827,-0.8803985984950575,-0.872175470694878,0.2991774503082374,-0.2717477232908533,-0.23803753062086094,-0.2717477232908533,-0.2043854445770943,-0.31859719400438313,-0.06638707542577316,0.06875444348233462,0.10037991441310434,-0.045914863292741304,0.06875444348233462,0.6243342165582619,0.1985234743000837,0.5257059670089316,0.5547173722632771,0.01953934403589792,-0.33452385125674566,0.33452385125674566,0.10409999932185876,198668541.4725773,0.9337377063970921,0.1746031746031746,0.031746031746031744,0.015873015873015872,0.03152531529504178,0.1440217391304348,0.25968472639871365,0.317469806317088,-0.021623050045574965,0.03368863214170803,0.872873499041042,0.5038306142279957,-0.11792057411567336,0.16511622077761182,-0.028740501818080966,0.01524557103545332,0.3463290360232509,0.9477005648192025,0.21337603153097673,0.01688104421740228,0.05968889829609347,-0.07815739699782298,0.07815739699782298,0.10409999932185876,0.7777777777777778,0.4126984126984127,185504308.2478599,19.038588670188627,0.19047619047619047,0.015873015873015872,0.0,0.030864409818516236,0.051147028308783815,0.0678391080549463,0.30803501330089794,0.10110208863355497,0.6666666666666666,-0.024096901707500118,-0.31859719400438313,0.10110208863355497,0.05329828676870174,0.10110208863355497,0.03836252918195604,0.3282162230525248,0.015000909560496732,-0.003973039240541487,0.003973039240541487,0.09611259940608519,182614793.91588482,0.017602163868482457,0.03597848775787189,0.018301103392501572,0.047803801864853224,0.11466930677507592,0.3260701792966729,0.30715099726341744,2.0,7.0,2.0,1.0,1.0,0.0,63.0,126.0,0.6673396674584323,0.06752246322087485,0.13250644304226689,0.18240493911977995,0.18240493911977995,0.8132387706855791,0.2319493282050947,0.2935946230490748,0,0,0,0,0,0
recent_month_non_top10_control,2025-10-31,AMD,256.1199951171875,0.470595807044079,0.7777468043074964,1.1389187802009606,1.2221101733776596,1.208883155309736,1.4928946899219886,1.630919354202895,-0.8259862595332343,-0.3179058316475376,0.8110939940637274,-0.358425406554558,0.13744227110973561,1.304849174906222,-1.1782507666937256,2.8281560283202114,-0.031059629524225696,0.031059629524225696,0.16805110472332863,1.3130135225553574,0.4166259593315745,0.28149543569574,0.9135660814368928,0.4838331897830648,-0.5199741379190221,-0.30268150896295454,-0.013233341037985902,0.8049330946696607,1.2496219904759711,0.8049330946696607,1.630919354202895,0.24249475082579197,0.15249384526523824,0.4526685875091694,-0.07759056698548772,0.33799928073409347,0.4526685875091694,0.576672339811316,0.6433080197035438,1.8269977320099575,1.2202035149581913,0.024118861923716834,-0.031059629524225696,0.031059629524225696,1.5970390182945322,9394168965.571493,1.2552855167279853,0.23015873015873015,0.07936507936507936,0.031746031746031744,0.03653717984251361,0.16110592430559545,0.838076865098526,0.09164943189806851,0.3143545090857014,0.33905788634531,1.3883414948394002,0.8187193616771817,-0.00516516984233617,0.23579026692480687,0.5748631090661394,0.48364669255217296,0.7036576160169324,1.497289353467038,0.016847492947824172,0.026393093317947734,0.5401031916937851,-0.031059629524225696,0.031059629524225696,0.6945877739280257,0.031746031746031744,0.6349206349206349,11792364244.177414,23.19071806109352,0.25396825396825395,0.09523809523809523,0.06349206349206349,0.039680929658469734,0.2094671840991853,0.5838427337798939,0.5533896811479467,0.5830397783886911,0.6666666666666666,0.1936194165320225,-0.07759056698548772,0.5830397783886911,0.5352359765238379,0.5830397783886911,0.08318423568603373,1.05357905694815,0.043352380594727985,-0.031059629524225696,0.031059629524225696,0.5553531181461353,18106064078.546288,0.028718301125145285,0.04304064340814241,-0.009567140477417801,0.047803801864853224,0.11466930677507592,0.3260701792966729,0.30715099726341744,3.0,12.0,3.0,1.0,1.0,1.0,63.0,126.0,0.965083135391924,-0.15067154878022626,-0.1638294247033676,-0.07570669904462779,-0.07570669904462779,0.07801418439716312,0.2319493282050947,0.2935946230490748,0,0,0,0,0,0
recent_month_non_top10_control,2025-10-31,AMZN,244.22000122070312,0.0030421852338338162,0.31019318249725125,1.0030084347298693,1.027897948968016,0.027516024682157747,0.2836119429822037,0.32425986143311647,-0.21108240621577412,-0.13300086058201543,0.26943933919729113,-0.22625450905764044,0.1116473080052216,-0.0018103178635564543,-0.2810750312934658,1.027893719497731,0.0,-0.0,0.014176763889128141,0.19125900085110104,0.10672530073195276,0.07014294555445666,1.3532350715199408,0.09121049115101121,0.5939546155371977,0.6627892748594837,0.0,0.11317745521734235,0.20956543916718662,0.11317745521734235,0.32425986143311647,0.06709513314943605,-0.006015278491505516,0.04318483013965069,-0.021827348669553825,-0.07148447663542523,0.04318483013965069,0.3154604948764183,0.1325667370350112,1.3972113414694456,1.0326464791581722,0.013453633220094924,0.0,-0.0,0.32003680056149286,9706366398.512363,1.048375145761033,0.07936507936507936,0.015873015873015872,0.007936507936507936,0.01974420392976228,2.4370490367052096,2.8229088306232284,0.07836634376454898,-0.025241282472749482,0.08305875247614525,1.340514786609839,2.1893625884562593,-0.04117900731782209,0.06610217717407947,0.0664628874266513,-0.02177781784510635,0.325759169347628,1.3530393698804566,1.0711789501295779,0.01410860750485999,0.014675571391099096,0.0,-0.0,0.1463575334077889,0.0,0.15873015873015872,10175913287.850393,23.043289322365027,0.12698412698412698,0.015873015873015872,0.0,0.02027208584141901,0.10047343986154611,0.04439776265397044,0.25470455820720955,0.11226484981660545,0.6666666666666666,0.04969064675639064,-0.04117900731782209,0.11226484981660545,0.06446104795175223,0.11226484981660545,0.09838067790705729,0.44076498122689556,0.01872038825645775,0.0,-0.0,0.1463575334077889,11890271255.888948,0.08284265551668746,0.027916874419061696,0.058512482353387796,0.047803801864853224,0.11466930677507592,0.3260701792966729,0.30715099726341744,2.0,8.0,2.0,0.0,1.0,1.0,63.0,126.0,0.7813539192399049,-0.04504135592915348,-0.054868535867276136,-0.02014576260893175,-0.02014576260893175,0.14184397163120568,0.2319493282050947,0.2935946230490748,0,0,0,0,0,0
recent_month_non_top10_control,2025-10-31,ANET,157.69000244140625,0.32508170582291385,0.6322327030863313,1.012523051603598,1.0453775783567123,0.3684804117635023,1.0352348426594995,0.9167376792970385,-0.37544155766341314,-0.09667761982932443,0.4977513826249551,-0.21800782736428892,0.05311781846231933,0.5906675000003656,-0.6369941240363723,1.8371651963892723,-0.026785140841741217,0.026785140841741217,0.10198714617080995,0.8200600594677141,0.1949411271954352,0.18086332270701222,0.6688451118766513,0.2194556342804317,-0.6129082532775592,-0.5046218318373623,-0.026785140841741217,0.5412961216336254,0.7593646201327927,0.5412961216336254,0.9167376792970385,0.2043788892687055,0.06710637697790589,0.2797435552606662,0.10818050396849865,0.16507424848559027,0.2797435552606662,0.4989957795296669,0.5094184333164045,1.014146890571727,1.1004962366807436,0.021942341622236135,-0.026785140841741217,0.026785140841741217,0.8282898833786232,1101451956.6476672,1.1373582789539045,0.23015873015873015,0.06349206349206349,0.031746031746031744,0.03432432777719405,0.06526102695191205,0.15284473406585342,0.021110748427941695,0.05140083541347651,0.08271002760815382,1.1678466325942385,0.572716791440562,0.06708168039100948,0.0625581464235537,0.15481507811929918,0.04332117438326377,0.5491429774919725,0.9215359914637611,-0.06850253527888062,0.022264245503330886,0.060147162066320536,-0.026785140841741217,0.026785140841741217,0.33499829643349055,0.031746031746031744,0.9841269841269841,1252745501.7632015,20.948603381905986,0.19047619047619047,0.047619047619047616,0.031746031746031744,0.03671463565570013,0.05914199365798267,0.09158841254340544,0.16246864151940357,0.08221807134402481,1.0,0.115973381023595,0.05311781846231933,0.2043788892687055,0.03441426947917159,0.08221807134402481,0.044117957662601626,0.5060550182184267,0.02436720933254062,-0.026785140841741217,0.026785140841741217,0.13617703054649422,1160905235.2141607,0.02573944601086131,0.03805295847405421,-0.004155396043279969,0.047803801864853224,0.11466930677507592,0.3260701792966729,0.30715099726341744,2.0,7.0,2.0,0.0,1.0,1.0,63.0,126.0,0.9143705463182897,-0.17128549272273152,-0.16906590937504473,-0.10114780075654328,-0.10114780075654328,0.054373522458628844,0.2319493282050947,0.2935946230490748,0,0,0,0,0,0
recent_month_top_future_return,2025-10-31,AMAT,232.0656890869141,-0.010062284680076639,0.2970887125833408,0.9843801789857475,1.052223510088106,0.30287101543049055,0.6154410501017895,0.555522587701736,-0.27858996506948563,-0.0641790764474719,0.1981421881374843,0.10013659972474831,0.04303440217706478,0.2294524084050631,-0.2572437998395034,1.3633595284300701,-0.011240798883962011,0.011240798883962011,0.0710201038023941,0.4913435112542641,0.1458899994577817,0.16791088646480845,1.0835991410761565,0.22459003912954967,-0.42572568876698846,-0.2544318433119872,0.0852517775630044,0.2769326226322504,0.4412662405294168,0.2769326226322504,0.555522587701736,-0.016441896324233318,0.1062313101415544,0.2982787878622326,-0.10462763297072508,0.1836094810871567,0.2982787878622326,0.407465951656515,0.629057296054295,1.0937562524746256,1.1636994827683533,0.017457257401942528,-0.011240798883962011,0.011240798883962011,0.531940249255896,1404817042.2342937,1.1444333002121452,0.14285714285714285,0.031746031746031744,0.023809523809523808,0.0253381931148532,-0.46689190291991056,-0.39304733651713697,-0.010216195617660517,0.2252569833930147,0.17585098279538536,1.2883690882228374,0.6911804642009445,0.27357560465100983,0.1366005178492073,0.4499875534128297,0.19841844953413368,0.47416791718840134,0.9398957966988711,-0.2459049194836178,0.020123412519737188,0.11956708556782214,-0.011240798883962011,0.011240798883962011,0.491839866815295,0.031746031746031744,0.6666666666666666,1607719403.8384573,21.19808249299781,0.1746031746031746,0.047619047619047616,0.031746031746031744,0.027718482795266272,0.06464767592486842,0.0999393169624927,0.31080743039463743,0.13851706024956467,0.6666666666666666,0.08366140404124822,-0.10462763297072508,0.27357560465100983,0.09071325838471145,0.13851706024956467,0.037505513897573284,0.4456684322948368,0.022365619446607147,-0.011240798883962011,0.011240798883962011,0.11026431077122312,1668178894.0677462,0.01689145005612458,0.03268985060171949,0.004420978499675821,0.047803801864853224,0.11466930677507592,0.3260701792966729,0.30715099726341744,2.0,7.0,2.0,0.0,1.0,1.0,63.0,126.0,0.879809976247031,0.08427483110441614,0.10464927968327498,0.3854646074272039,0.3854646074272039,0.9787234042553191,0.2319493282050947,0.2935946230490748,1,1,1,0,0,0
recent_month_top_future_return,2025-10-31,COHR,131.9600067138672,0.12036959153698845,0.4275205888004059,0.7544855788903657,0.7927453987071396,0.4582827917902015,1.0320295927449559,1.0516170295393503,-0.5724105721004853,-0.3068066169235615,0.6728855563533154,-0.4464914245206377,0.175839515115916,0.7255468502426774,-0.8252228977066727,1.89488002641765,-0.04418362271908394,0.04418362271908394,0.09322336967585398,0.7448104126157888,0.28645233002081144,0.17955840703724157,1.1958436317211951,0.290732825333633,0.3296310406470708,0.6306517057521444,-0.04418362271908394,0.47920645743886503,0.7585446331980014,0.47920645743886503,1.0516170295393503,0.20614280437594235,0.07474154950917988,0.22639413183267765,-0.1592007202261988,0.11172482505760173,0.22639413183267765,0.5549781595025182,0.34124214995309227,1.1308087313037278,1.1954367530683458,0.024863987165161538,-0.04418362271908394,0.04418362271908394,0.8954323686858188,351777330.8508555,1.273610429804859,0.30952380952380953,0.07142857142857142,0.023809523809523808,0.042598542830854076,0.9464178464178463,1.3844161638565322,0.03165711615401745,0.1631381873803055,0.20338222259768446,1.347966248741733,1.300134203827436,0.1906709380706022,0.14591928273567034,0.45860511698179907,0.14153564145899922,0.6634412890195369,0.9459377322984789,0.28311651583710407,0.028999984134605604,0.16691146462110762,-0.04418362271908394,0.04418362271908394,0.5246678458804179,0.031746031746031744,0.8095238095238095,448027277.5405642,19.920364678125036,0.3968253968253968,0.1111111111111111,0.047619047619047616,0.04554073251693465,0.1228950524374286,0.22147898389035858,0.3585678265788939,0.2250278984262144,0.8333333333333334,0.13633980713328628,-0.1592007202261988,0.2250278984262144,0.17722409656136118,0.2250278984262144,0.08839727308257994,0.6275741484483205,0.03181494208889997,-0.04418362271908394,0.04418362271908394,0.20654661607376723,414932964.1669137,0.03159840763841726,0.05185011734244743,-0.018096297407132256,0.047803801864853224,0.11466930677507592,0.3260701792966729,0.30715099726341744,1.0,3.0,1.0,0.0,1.0,0.0,63.0,126.0,0.8364608076009502,0.24477103781152243,0.39868140295284604,0.6079113510190814,0.6079113510190814,0.9976359338061466,0.2319493282050947,0.2935946230490748,1,1,1,1,1,0
recent_month_top_future_return,2025-10-31,DECK,81.5,-0.8005937201848046,-0.49344272292138713,0.9148183070226578,0.9733145470202896,-0.5404826357716912,-0.2710848602130581,-0.2646395501803229,0.0553643026913353,0.037005003106588386,-0.04204640968257756,-0.19031676818701848,-0.04791126139366708,-0.5907097294769958,0.032276372310726886,-0.48890802861863886,-0.6347093372011821,0.6347093372011821,-0.03801583717434531,-0.22763454707373454,0.028200591449645467,-0.023218319050270497,1.001509152278333,-0.22628835076379772,0.6303010683068955,0.2514791311909079,-0.1629339809596484,-0.20927524748898763,-0.23384978158101502,-0.2646395501803229,-0.20927524748898763,0.03007663222372914,-0.038829860916374415,-0.23236317786959604,0.1267778027372113,-0.34703248464467196,-0.23236317786959604,0.541286979737346,-0.48919182721336274,1.2476895475325922,0.8775270933029532,0.022350278457846783,-0.370023938501546,0.370023938501546,0.0075411128069513556,390453136.6215176,0.9103025131852993,0.25396825396825395,0.015873015873015872,0.023809523809523808,0.031134832288343288,0.6624577040521582,0.3365916859938065,-0.16035834201704668,-0.13039324148406206,-0.2335226203195757,1.166663206027051,1.5481160472215698,-0.15263725592298472,0.11832995250804355,-0.3187327437001052,-0.15143071387778517,0.4749939899716477,1.4218245306095023,0.4687687347084273,0.020903335131021272,-0.14341577667210859,-0.3422645662876208,0.3422645662876208,0.0075411128069513556,0.6507936507936508,0.015873015873015872,355430471.5476505,19.688840211561423,0.23809523809523808,0.0,0.015873015873015872,0.03027841280681711,-0.17594084630633866,-0.1767365225021471,-0.2902380526427847,-0.1960146217639519,0.3333333333333333,-0.043821170528322295,-0.1960146217639519,0.1267778027372113,-0.24381842362880513,-0.1960146217639519,-0.14492251939748124,0.6753581068337726,0.030666077343879706,-0.20912180896233568,0.20912180896233568,0.0075411128069513556,478931065.1309785,-0.11203599972316303,0.05188430264579108,-0.039617255438984644,0.047803801864853224,0.11466930677507592,0.3260701792966729,0.30715099726341744,1.0,3.0,1.0,0.0,1.0,0.0,63.0,126.0,0.7432304038004751,0.08012268440855053,0.27202451741037215,0.46429443359375,0.46429443359375,0.9881796690307328,0.2319493282050947,0.2935946230490748,1,1,1,1,0,0
recent_month_top_future_return,2025-10-31,DG,97.77735900878906,-0.04286073167402549,0.26429026558939195,1.076816312911642,1.0981660868663339,0.4129843468769552,0.14189300564055785,0.06481891295177666,-0.19261320921756842,-0.03897952899295354,0.12535890009505857,-0.1791550598252284,0.037997692038813424,-0.26125126634489626,-0.11861507268194649,0.1854653662393826,-0.14669210103168984,0.14669210103168984,0.003512465080329985,0.025839383958823126,0.10183529164371465,0.17614386098010737,1.0402780544247223,-0.08295711856454935,-0.07512845881339159,-0.12488299597295471,-0.05326886224116312,-0.12779429626579175,-0.012378666451730655,-0.12779429626579175,0.06481891295177666,-0.07820528028560936,-0.035439425911157896,-0.053796159730169824,0.0367970301192726,-0.16846546650524574,-0.053796159730169824,0.34949335429081696,-0.2154742622142511,0.7045590517786628,0.714359706420861,0.014062382775170136,-0.14669210103168984,0.14669210103168984,0.14868026847976368,334081479.9825275,0.9530863563582419,0.07936507936507936,0.015873015873015872,0.0,0.024796674118689726,-0.29987195283998935,-0.3276008217188029,-0.03518930957683741,-0.03862806151661269,-0.05070455480699143,0.9577548225108243,0.7543275112580368,-0.04974259261698866,0.09254689178789206,-0.0873779411183504,-0.018187352630505083,0.24966396996722998,0.9862805046895741,-0.2518588000413067,0.012688569665238828,0.004939136610389916,-0.14669210103168984,0.14669210103168984,0.023762613828408163,0.9365079365079365,0.2857142857142857,318408500.48331606,19.5788457122166,0.047619047619047616,0.0,0.0,0.025098286238523435,-0.02997502269614083,-0.0070824107695486305,-0.1608415899292166,-0.039605425023740315,0.5,0.013897547535309177,-0.07820528028560936,0.17614386098010737,-0.08740922688859354,-0.039605425023740315,-0.03028748918014812,0.24623870630208225,0.013421900415936737,-0.07309280424078679,0.07309280424078679,0.023762613828408163,279295209.7501119,-0.035911426259772616,0.025390220871173496,-0.018972204674049364,0.047803801864853224,0.11466930677507592,0.3260701792966729,0.30715099726341744,1.0,3.0,1.0,0.0,1.0,0.0,63.0,126.0,0.623396674584323,0.10977082015631545,0.34573279980748883,0.4599806458771365,0.4599806458771365,0.9858156028368794,0.2319493282050947,0.2935946230490748,1,1,1,1,0,0
recent_month_top_future_return,2025-10-31,ECHO,74.87000274658203,1.6804788647536821,1.9876298620170996,1.5616826981494611,1.4702333215192729,1.706796932740653,1.926896128611669,2.3305162042336014,-0.6276280928819027,0.8922702977190373,0.44973313239426393,0.8475974105955248,-0.21129893668705413,2.0044460249369287,-1.0331856612438126,1.6065431974997824,-0.10410430752677158,0.10410430752677158,0.30450744116690087,3.2227865019526387,0.7637794647799763,0.5623238284328564,1.793445823676942,0.5190649539269983,-0.0425561876865882,1.1995649132241835,-0.09709639941053239,1.7028881113516987,2.4187302725126467,1.7028881113516987,3.2227865019526387,0.17653426913225556,0.375467792846762,1.2973305429897888,0.895980381289466,1.1826612362147129,1.2973305429897888,1.4506402366649822,0.8505947484030023,0.18542386619485576,1.0514006141062815,0.040711422012628735,-0.10410430752677158,0.10410430752677158,3.682301677190484,215439554.7677131,1.560772795494838,0.3333333333333333,0.1111111111111111,0.07142857142857142,0.05269364747339559,-0.4958026815377313,-0.5056409859041835,-0.017829339107462205,0.11517921226290251,0.056545765111873925,0.8569615531267807,0.5162804118701212,0.2357986644917316,0.4006522322560213,0.2116847651278766,-0.006131799112227387,1.525204035676844,0.17635890992176276,-0.5486730363283134,0.03479536989293503,-0.012455659024438126,-0.10410430752677158,0.10410430752677158,1.8009728405823284,0.6031746031746031,0.9841269841269841,336252196.15496683,19.633372023148837,0.25396825396825395,0.1111111111111111,0.0,0.04278326716387252,0.0034355060365014456,-0.029112963437131212,-0.07254280945751941,-0.019512805812727296,0.6666666666666666,0.2733042334744214,-0.21129893668705413,0.895980381289466,-0.06731660767758052,-0.019512805812727296,0.0074614596003668154,0.26898332114024154,0.013401192890115269,-0.02917531016425856,0.02917531016425856,0.036549899860900625,196677713.0749294,0.014306246251142962,0.030748515795382004,0.009465003846585773,0.047803801864853224,0.11466930677507592,0.3260701792966729,0.30715099726341744,1.0,3.0,1.0,0.0,1.0,0.0,63.0,126.0,0.8111638954869359,-0.021103269308038297,0.4518497790919953,0.5122211442134861,0.5122211442134861,0.9929078014184397,0.2319493282050947,0.2935946230490748,1,1,1,1,1,0
recent_month_top_future_return,2025-10-31,FCX,41.50496292114258,-0.3667730700335057,-0.05962207277008824,0.8753488490165808,0.9136863004276945,0.1764309572087377,0.11397359315013755,0.1653510744948845,-0.19677901336636838,-0.07419732812691482,0.12053075677343061,-0.08053157116382348,0.06799896749096024,-0.16071910480178841,-0.12535188888527737,0.37986685220146654,-0.12853417252501598,0.12853417252501598,0.0107606179409383,0.09115374636796969,0.09937596386011302,0.12655917939304318,1.232067501629038,-0.01965289293985073,-0.5456257991840712,-0.5274512011894179,0.04173158094921248,-0.031427938871483874,0.07502562733045677,-0.031427938871483874,0.1653510744948845,-0.06867998116673824,-0.0011015765992615778,0.039999185609607135,0.10337969145500892,-0.07467012116546878,0.039999185609607135,0.43528692629171223,0.08085220158560964,0.8687621515817402,1.136537253207231,0.018154398417773984,-0.11062068431091465,0.11062068431091465,0.18419847096442132,659340490.1541846,1.083352332837903,0.12698412698412698,0.023809523809523808,0.03968253968253968,0.029911558136089023,-0.693647669803018,-0.6731077948378004,0.06340842371994426,-0.05208987093297068,-0.016153589026178805,0.9621524789994713,0.6392855836134712,-0.11666663201468708,0.09876582645260917,-0.057442153717568445,-0.02088934834363254,0.4947198075646011,0.7643939071334022,-0.3854446190695153,0.01874069821940275,0.04450893603507322,-0.10309533046056352,0.10309533046056352,0.18419847096442132,0.6190476190476191,0.4126984126984127,714298058.1430223,20.386810882976082,0.14285714285714285,0.031746031746031744,0.06349206349206349,0.031188415526532676,0.022929644050982523,0.09779352944417052,0.17729647122807204,0.06704657657413793,0.6666666666666666,0.02993963362195416,-0.11666663201468708,0.12655917939304318,0.019242774709284705,0.06704657657413793,0.0034730443059607374,0.37816080664059026,0.017337745103997066,-0.03372043330851382,0.03372043330851382,0.054942692763810586,701564112.551789,0.005376529936444774,0.034501294831308316,0.0029343008846502983,0.047803801864853224,0.11466930677507592,0.3260701792966729,0.30715099726341744,1.0,3.0,1.0,0.0,1.0,0.0,63.0,126.0,0.8109263657957245,0.030695358215604207,0.21798562665270382,0.4479633193162269,0.4479633193162269,0.983451536643026,0.2319493282050947,0.2935946230490748,1,1,1,1,0,0
recent_month_top_future_return,2025-10-31,LRCX,156.90257263183594,0.8331050337777628,1.1402560310411802,0.8865140812980846,0.9161272262826694,0.9573211331895559,1.1755646165583622,1.2068306206779327,-0.5860070982016781,-0.24911876420128265,0.3265800239423904,0.336968786418536,0.12724996448130477,0.8807604413812598,-0.5432818103170063,3.0968607048616654,-0.022048210130775403,0.022048210130775403,0.13097260879069395,0.95771185647665,0.2940969872353584,0.20785010170984286,0.758412389404531,0.3882260335139762,-0.6510675371812391,-0.4195338165815421,0.04577180344649856,0.6208235224762546,0.9284553332102791,0.6208235224762546,1.2068306206779327,-0.025683218681994746,0.18086557120175262,0.6635488103609264,0.05598923902363362,0.5488795035858505,0.6635488103609264,0.38969483476714556,1.5011688342764904,1.2988224075318107,1.13427585108001,0.018272306129418627,-0.022048210130775403,0.022048210130775403,1.1618852032497764,1182962175.8826725,1.2088103100990135,0.1984126984126984,0.023809523809523808,0.023809523809523808,0.027865532930030586,-0.06551583920687787,0.09890894466038924,-0.022048210130775403,0.2320127474500986,0.22033836777574622,1.5919125255432511,0.6638962575402895,0.3396344019749038,0.12660279614397849,0.5753463661230502,0.18689578399878637,0.44202144036698787,1.1450674950851916,-0.09960913814494543,0.0221000481057232,0.1439211859136027,-0.022048210130775403,0.022048210130775403,0.6444752105297413,0.015873015873015872,0.9682539682539683,1429976874.6641371,21.080924110223236,0.25396825396825395,0.031746031746031744,0.047619047619047616,0.0313137451664821,0.10385178753004176,0.15892254219666535,0.3476329333450423,0.17595245673047621,0.8333333333333334,0.14683215753969442,-0.025683218681994746,0.3396344019749038,0.128148654865623,0.17595245673047621,0.07466206465800695,0.5061443834949751,0.025213754938370615,-0.022048210130775403,0.022048210130775403,0.1985996243844259,1653213417.2674997,0.035090431184978677,0.03922086240669929,-0.005507272128099983,0.047803801864853224,0.11466930677507592,0.3260701792966729,0.30715099726341744,3.0,11.0,3.0,1.0,1.0,1.0,63.0,126.0,0.8688836104513064,-0.009272212430759152,0.08892275785301762,0.4851030855799805,0.4851030855799805,0.9905437352245863,0.2319493282050947,0.2935946230490748,1,1,1,1,0,0
recent_month_top_future_return,2025-10-31,LUV,29.90815544128418,-0.29375461040050443,0.013396386862913001,1.020309347506191,1.0396976353433363,0.0038187459249137135,-0.08738787092340439,0.09604854617310599,-0.15677393836198628,-0.17796832578448907,0.11259298299080545,-0.1274631440206061,0.19384833899281295,-0.23002163312356694,-0.11091870720290664,0.26469012436456557,-0.19177546776603782,0.19177546776603782,0.0016809161058528588,-0.08191977961138308,0.09721110601013057,-0.02256463365052952,0.7743595059169042,-0.06513011518575951,-0.3731852927233942,-0.3825061283564446,0.0532781086555969,-0.06072539218888029,-0.015532208542385795,-0.08191977961138308,0.09604854617310599,-0.04654739846984457,0.02227212753703056,-0.014870161029800655,0.06369219468425902,-0.12953946780487657,-0.014870161029800655,0.36287166513555097,-0.04505061339901039,1.025877072129124,0.9096239892051442,0.015808707239953295,-0.19177546776603782,0.19177546776603782,0.04852262200883617,333317296.33995086,0.8476122923767616,0.1111111111111111,0.031746031746031744,0.015873015873015872,0.028960386957896066,-0.17707178559620362,-0.2185921566282525,0.02253266632310036,0.00845159766668524,-0.060637670553651546,1.1061385957481134,0.776040337285242,-0.024647306257205237,0.0952075031517496,-0.07385816696472014,0.009798588640423933,0.3300767716101131,1.1278034487915882,0.1327687523146186,0.015086427662636933,-0.011786774143685785,-0.12629751654439125,0.12629751654439125,0.04852262200883617,0.12698412698412698,0.9206349206349206,282523837.6395301,19.4592734895553,0.12698412698412698,0.031746031746031744,0.015873015873015872,0.029758771469307287,-0.06493986353670389,-0.04573825883383276,-0.13553482270242306,-0.05045442640720499,0.3333333333333333,0.018887794815381276,-0.05045442640720499,0.19384833899281295,-0.09825822827205821,-0.05045442640720499,-0.06364436698093867,0.37226172138787894,0.016956821591723646,-0.12629751654439125,0.12629751654439125,0.0069791505919447605,319973562.08804905,-0.05639810964138914,0.03722302015063758,-0.018718821509896566,0.047803801864853224,0.11466930677507592,0.3260701792966729,0.30715099726341744,1.0,3.0,1.0,0.0,1.0,0.0,63.0,126.0,0.6635391923990499,0.1488448030982712,0.3699713535682916,0.5751520982734784,0.5751520982734784,0.9952718676122931,0.2319493282050947,0.2935946230490748,1,1,1,1,1,0
recent_month_top_future_return,2025-10-31,MU,223.5857086181641,0.9477840588979258,1.2549350561613433,1.1402227956870004,1.1437681627306753,1.4595869487529023,1.5793635607504193,1.9125524440948314,-1.0941273562569196,-0.5398984757010425,0.41965860341555583,0.6319279097697432,0.2275504489458009,1.5864822647981585,-0.8609659309095323,4.270685432177679,-0.012619715432253042,0.012619715432253042,0.1783449582095824,1.3726539683937888,0.5470793190230411,0.30478510457356767,0.8644360073723252,0.5547527553703766,-0.4415606190738529,0.1456867023396311,0.1333210207600679,0.8184250878379118,1.3678771667755107,0.8184250878379118,1.9125524440948314,-0.1136493264353644,0.27507137148017,1.051586513185299,0.09043443683944874,0.9369172064102231,1.051586513185299,0.4478326663173587,2.1093108365268405,1.1779953991813392,1.1132396203024744,0.022900060128659666,-0.012619715432253042,0.012619715432253042,1.7868799236185344,3098129014.9716754,1.2213676623133831,0.2857142857142857,0.0873015873015873,0.007936507936507936,0.033947303916819126,-0.18775662560656958,0.08695622192940866,-0.003323763752165032,0.327614006337436,0.3182383598146501,1.6187531417859997,0.7592539895338947,0.4059322772744556,0.19139384542486024,0.8814395839622282,0.290687845053041,0.49854506741018106,1.058168769506488,-0.07946565387833371,0.0264991525747653,0.29059767020123384,-0.012619715432253042,0.012619715432253042,1.05837601975592,0.031746031746031744,0.9682539682539683,3783954592.561219,22.054035488476632,0.3492063492063492,0.14285714285714285,0.015873015873015872,0.03793803733516225,0.16459352695952023,0.3075049864364958,0.6411112971396641,0.3382149441860687,0.8333333333333334,0.20887798089732953,-0.1136493264353644,0.4059322772744556,0.29041114232121545,0.3382149441860687,0.09866747032648604,0.5275448205249604,0.027916499870588266,-0.012619715432253042,0.012619715432253042,0.23221365179401565,4647096688.094657,0.04094561473357494,0.04377262576910577,0.002176582058969867,0.047803801864853224,0.11466930677507592,0.3260701792966729,0.30715099726341744,3.0,11.0,3.0,1.0,1.0,1.0,63.0,126.0,0.9440617577197149,0.05679942274959249,0.2759767289957975,0.8547955618108152,0.8547955618108152,1.0,0.2319493282050947,0.2935946230490748,1,1,1,1,1,0
recent_month_top_future_return,2025-10-31,NEM,80.38460540771484,0.5104744040878413,0.8176254013512587,1.0132628134240085,1.031826662495675,0.9219145504318811,0.690547400504653,0.549347482516634,-0.15492087655824371,-0.008389690999749844,0.1843342130619665,0.12386702391063231,0.0054444651540332956,0.2232773032199611,-0.2411462455440352,1.359518585405465,-0.1760455394804321,0.1760455394804321,0.11280930710225467,0.5409577915168842,0.08712276132927188,0.10508346938617308,0.9035601508948229,0.12480212174975391,-0.03257669618195669,0.2655843627308825,-0.1205322402797574,0.3944266059583903,0.4949106266639695,0.3944266059583903,0.549347482516634,0.06591139539458912,0.11677504676098871,0.3082012369725988,0.19806777740701365,0.1935319301975229,0.3082012369725988,0.4040750074430176,0.7428164327732328,1.611028796989679,1.0268118808548774,0.0186583488916278,-0.1760455394804321,0.1760455394804321,0.6773453479575435,799005024.6202742,1.1219983960167716,0.19047619047619047,0.031746031746031744,0.047619047619047616,0.027190593137075992,-0.35353496992161393,-0.37914505639969986,-0.1650190485157309,0.09974062467706468,-0.014392671792432532,2.0467693825435176,0.7585954873412927,0.13696752764980746,0.08702682020505616,0.09192590072320272,0.07012291452346031,0.4149090183990135,1.5689619754383917,-0.13804953633531047,0.01818103250608044,-0.0027378580500905247,-0.1760455394804321,0.1760455394804321,0.20819890007063768,0.1746031746031746,0.9841269841269841,896482356.0332888,20.613989170986798,0.19047619047619047,0.031746031746031744,0.06349206349206349,0.028756295520603905,-0.06105769795028282,-0.05993247049131578,-0.060855623279366985,-0.039615579012805324,0.8333333333333334,0.07864317599646854,-0.039615579012805324,0.19806777740701365,-0.08741938087765855,-0.039615579012805324,-0.06834116831605308,0.6509764731345202,0.031680316587651414,-0.1760455394804321,0.1760455394804321,0.0297597295614922,1079923365.5447097,-0.03769814775974534,0.06047213728534758,0.009802496724903964,0.047803801864853224,0.11466930677507592,0.3260701792966729,0.30715099726341744,1.0,3.0,1.0,0.0,1.0,0.0,63.0,126.0,0.8508313539192399,0.12379506748704072,0.23675669273021493,0.3915835268808756,0.3915835268808756,0.9810874704491725,0.2319493282050947,0.2935946230490748,1,1,1,0,0,0
recent_month_non_top10_control,2025-11-30,AAPL,278.3328857421875,-0.04113124808555102,0.18026023692006876,1.0351381897301544,1.04471082099354,0.15697794267915355,0.31672249370777283,0.391272538893616,-0.04504195447733195,-0.029294151558487025,0.1570996084782028,0.04527962378460426,0.021508528939144567,0.19564120975031019,-0.18889330663080894,1.775409197895997,0.0,-0.0,0.06329143685837257,0.361978387335129,0.02285796095980724,0.011697701048496878,0.7766150988747448,0.1489387523670549,-0.48918271670083,-0.3858039070801712,0.00510008410075935,0.34623058441628407,0.36649383688167636,0.34623058441628407,0.391272538893616,0.11963891948030181,0.06607176718240071,0.20237923226280707,0.0968812192629327,0.1154789759363608,0.20237923226280707,0.22038442707028078,0.8855883453497138,0.666135311134432,1.0369388562862705,0.009907476443504043,0.0,-0.0,0.4283229599277978,12263942319.976564,1.0712453726678894,0.07142857142857142,0.007936507936507936,0.0,0.019008452091063312,-0.7663191635786745,-0.7587562491250661,0.0037951562818203666,0.052955253675367686,0.06245199939011048,1.1814160569333858,0.33932915885614007,0.06181508747860254,0.04348697882023275,0.09617997933337352,0.05676357137204491,0.2285251757495619,0.6424055836041795,-0.5805287242981244,0.010222901786181383,0.043025251940999265,0.0,-0.0,0.2307435291555302,0.0,0.8888888888888888,13137691460.940794,23.298751146740017,0.09523809523809523,0.0,0.0,0.018980939021042795,0.03728816535646318,0.039257265838645194,0.22045640998125024,0.03236429041178379,1.0,0.057317624436877046,0.011697701048496878,0.11963891948030181,0.04797460294620115,0.03236429041178379,0.027020152535781827,0.14680584889564502,0.00663487634096448,0.0,-0.0,0.04732392690606346,13327668082.256498,0.024091954991485087,0.020707500329888096,0.009755346003389453,-0.015610312534417359,0.08690025632644627,0.19563132914330583,0.22139148500561978,2.0,8.0,2.0,0.0,1.0,1.0,63.0,126.0,0.6548693586698338,-0.025067288626873463,-0.06946374790963394,-0.05172244411765614,-0.025067288626873463,0.09929078014184398,0.29972340059251146,0.4323042319443883,0,0,0,0,0,0
recent_month_non_top10_control,2025-11-30,ABNB,116.98999786376952,-0.36186612067414625,-0.14047463566852647,0.9891227487594232,0.9969124101759074,-0.15755741357198305,-0.04043635481641228,-0.09310079175372465,-0.023355709808569824,-0.02288831886200693,0.011860455653464053,-0.11559140671568768,0.025891444479772208,-0.2887321208970305,-0.010630159308498977,-0.351448734595753,-0.27524470827136605,0.27524470827136605,-0.024967587428773363,-0.11598911061573158,0.013351546572638167,0.0005289959661174404,0.6803062440377807,-0.06961247587106523,-0.3935904216954368,-0.45649386398621117,-0.011783430865895395,-0.11645650156229448,-0.10851546797725024,-0.11645650156229448,-0.09310079175372465,-0.014198359873246358,-0.019833299410697114,-0.10373095106222363,-0.06979239022100159,-0.1906312073886699,-0.10373095106222363,0.26490575321266135,-0.4546837989823158,1.0621278399816783,0.8612068775381218,0.012274579958137237,-0.17705405986176515,0.17705405986176515,0.04886136725397394,610075551.9092499,1.0005942789102804,0.06349206349206349,0.0,0.007936507936507936,0.022937046518275113,-0.2755342371323529,-0.3302098353323142,-0.06302502263389065,-0.014068922258999472,-0.041367323357636376,1.009089453731303,0.7059926666106866,0.04216770568105255,0.04866369692304702,-0.03648493141147846,-0.03634316143270566,0.22813865656616034,1.233301623203378,-0.22266395463510846,0.01114130198661168,-0.08575340518539754,-0.09359269214345611,0.09359269214345611,0.04886136725397394,0.36507936507936506,0.07936507936507936,610438106.9434272,20.22968746708576,0.06349206349206349,0.0,0.0,0.02365629994373535,-0.04148723030554102,-0.09068712208957364,-0.26823008931083575,-0.07547023062006297,0.5,-0.015145472431228121,-0.07547023062006297,0.04216770568105255,-0.059859918085645614,-0.07547023062006297,-0.019851808041928876,0.2813637754584835,0.01290143516943963,-0.07736596965209841,0.07736596965209841,0.04886136725397394,672036948.1555394,0.006815937399333061,0.026274536667736423,0.0068679259168662465,-0.015610312534417359,0.08690025632644627,0.19563132914330583,0.22139148500561978,2.0,7.0,2.0,1.0,1.0,0.0,63.0,126.0,0.529691211401425,0.16009918539142132,0.10582098879798285,0.1548850592140545,0.16009918539142132,0.7092198581560284,0.29972340059251146,0.4323042319443883,0,0,0,0,0,0
recent_month_non_top10_control,2025-11-30,ADBE,320.1300048828125,-0.6009003148324847,-0.37950882982686496,0.90676226602494,0.9197269911506446,-0.2700428523692666,-0.1462744799629212,-0.22876964584272708,0.12376252430667989,0.05623552891358041,-0.14066825181527354,0.03814510611099686,-0.06796114506241846,-0.4244009749860329,0.1262465001384504,-0.8451746373136854,-0.4210612120913094,0.4210612120913094,-0.03582063226058951,-0.17253411692914666,0.06196705070945815,-0.07544975721929081,0.9684719021450098,-0.08074076477521974,-0.31716743075815557,-0.3871735737461628,0.01563707715799456,-0.10500712153604719,-0.16877029476930697,-0.22876964584272708,-0.10500712153604719,-0.0027677324711841145,-0.031164501927402832,-0.10252314570427667,-0.011073765270124603,-0.18942340203072294,-0.10252314570427667,0.2706773674253308,-0.37477864668832217,0.8264735364482328,1.0106368756640107,0.012715516682144185,-0.2321548628696346,0.2321548628696346,0.024743953704715826,1466120808.623299,1.020565131507859,0.07142857142857142,0.0,0.015873015873015872,0.023110903234872904,-0.5211245150661636,-0.5495212822722522,-0.054917523390429324,-0.04402398030442645,-0.05947573609825296,0.8543521507022057,0.47584513426215225,-0.0352657758792525,0.030440317497649978,-0.09247340926204817,-0.05350402223361339,0.2735565289276958,0.8177749658157105,-0.5051755855138519,0.012879457196234925,-0.07741457120427986,-0.12880310148826557,0.12880310148826557,0.024743953704715826,0.7936507936507936,0.07936507936507936,1496271775.8590455,21.126242369022304,0.07936507936507936,0.0,0.015873015873015872,0.025127311485255214,-0.043218003602680244,-0.09249605516838022,-0.2650729432676349,-0.059298853458769285,0.0,-0.04196950489350663,-0.07544975721929081,-0.0027677324711841145,-0.043688540924351926,-0.059298853458769285,-0.02204991232377207,0.22370768109251082,0.010745880517107818,-0.059298853458769285,0.059298853458769285,0.024743953704715826,1157690130.4709299,-0.0031077699646959722,0.022705070424760176,0.000331243468297604,-0.015610312534417359,0.08690025632644627,0.19563132914330583,0.22139148500561978,2.0,8.0,2.0,0.0,1.0,1.0,63.0,126.0,0.6115201900237529,0.09327456001037171,-0.08396590282954652,-0.18030175347616118,0.09327456001037171,0.5011820330969267,0.29972340059251146,0.4323042319443883,0,0,0,0,0,0
recent_month_non_top10_control,2025-11-30,ADP,249.68728637695312,-0.37225311870292155,-0.15086163369730177,1.073175224764298,1.0874314997336454,-0.17735080461582264,-0.14202153463026013,-0.2077280319939575,0.036891405013208645,0.03984884469399752,-0.06131791090302563,-0.09465621792240086,-0.047888292283781775,-0.40335936113726334,0.05175390316853101,-1.1310846916511486,-0.21083100113768383,0.21083100113768383,-0.036597362090746155,-0.16787918729996,0.022202299568439735,0.0035667755921489075,0.9727135908565446,-0.10914386649525287,-0.11889059535640079,-0.25632086714557634,-0.08296528501160993,-0.17083662698074886,-0.18214794875822213,-0.2077280319939575,-0.16787918729996,-0.017609055199503842,-0.06220010863967074,-0.1559741288254265,-0.02968436378881467,-0.24287438515187276,-0.1559741288254265,0.18365382674458952,-0.8014939110793043,0.9330020354559108,1.059625397726038,0.00810440739290169,-0.21083100113768383,0.21083100113768383,0.02505426267626798,504670273.42766654,1.0649697733952617,0.015873015873015872,0.0,0.007936507936507936,0.016168369630114473,-0.6186808460726434,-0.6260054322043868,0.005352289892488371,-0.08513844995730624,-0.06461583751377609,0.9255782898229119,0.47803746334131175,-0.11311756117470484,0.040751776681408225,-0.1301532824202839,-0.10457285056675247,0.19460425920814453,0.8805017673775453,-0.5626065117947798,0.008288882890016737,-0.09797013224268702,-0.14795958694682998,0.14795958694682998,0.02505426267626798,0.9523809523809523,0.07936507936507936,537458586.7315868,20.102362268917123,0.015873015873015872,0.0,0.015873015873015872,0.017174536065293962,-0.025713779679394366,-0.08289071678998228,-0.11210162197394126,-0.019208545010929945,0.16666666666666666,-0.0373235069775977,-0.11311756117470484,0.0035667755921489075,-0.003598232476512586,-0.019208545010929945,0.004424148074954504,0.1713493941719692,0.0077204977228539865,-0.02382129305466396,0.02382129305466396,0.02505426267626798,542459252.7957008,0.012167468917930968,0.017075142379656776,0.005783404581753304,-0.015610312534417359,0.08690025632644627,0.19563132914330583,0.22139148500561978,2.0,7.0,2.0,1.0,1.0,0.0,63.0,126.0,0.34524940617577193,0.01407271766820628,-0.02696647038843636,-0.1549328731874453,0.01407271766820628,0.20803782505910165,0.29972340059251146,0.4323042319443883,0,0,0,0,0,0
recent_month_non_top10_control,2025-11-30,AEP,121.91365814208984,0.061237748614706655,0.28262923362032644,1.1427851378189677,1.1447021458128275,0.19657087889639846,0.17127885928000453,0.21532931237066255,-0.10365861385015918,-0.0031625603007885417,0.08160516436356113,0.0420297371818541,0.0026090142262920057,0.01969798322735672,-0.09169441082524732,1.2662468974392955,0.0,-0.0,0.039002002647366085,0.212166752069874,0.05895558609664073,0.0904009196996185,0.8817982964902397,0.0961212483338727,-0.3780470961950142,-0.3011520101671996,0.02664943533085018,0.11167069852050338,0.17972225432034664,0.11167069852050338,0.21532931237066255,-0.010647767356155025,0.04558431732255963,0.12363490154541523,0.013331057861603712,0.036734645218968964,0.12363490154541523,0.1700531806286108,0.6587341637231763,0.881365836786557,1.103687541810199,0.007592833185410515,0.0,-0.0,0.24283040655676347,357488385.7273102,1.1118696521941165,0.015873015873015872,0.007936507936507936,0.0,0.014586632335787534,-0.6013411827195467,-0.5864703896541552,0.01515035276598986,0.056500837545405025,0.058635674429988516,0.9957655258926018,0.5026088897569687,0.0689776585092956,0.039549314432955014,0.10885272175174587,0.045158704784269865,0.1876855769049972,0.798564633012887,-0.4922387386540883,0.007842960698737573,0.04975186217307792,0.0,-0.0,0.1719836257131515,0.0,0.7936507936507936,397480487.1020605,19.80065640431818,0.015873015873015872,0.015873015873015872,0.0,0.015379515183370116,0.03268050590150606,0.05121021901716927,0.2488810237096174,0.03730205484187277,0.8333333333333334,0.03366215629708793,-0.010647767356155025,0.0904009196996185,0.052912367376290126,0.03730205484187277,0.01990119221267217,0.14987906384295108,0.007085852798022646,0.0,-0.0,0.043637043584598745,449011616.62285215,0.012773143189628966,0.014456553608791911,0.0129306495007524,-0.015610312534417359,0.08690025632644627,0.19563132914330583,0.22139148500561978,2.0,7.0,2.0,1.0,1.0,0.0,63.0,126.0,0.3486935866983373,-0.06835259273666638,-0.03223718287975441,0.08974786205322127,0.08974786205322127,0.48936170212765956,0.29972340059251146,0.4323042319443883,0,0,0,0,0,0
recent_month_non_top10_control,2025-11-30,AKAM,89.5199966430664,-0.26925364370238736,-0.047862158696767576,0.8827576094553681,0.888131754342054,0.10956862053114702,0.11094557717627573,0.17898059111379006,-0.0058709133899832455,-0.05661356195842693,0.042144039712641135,0.08915887637838216,0.05044121975057614,-0.016650738029515777,-0.04767767502276676,0.5416877026307007,-0.12321255650403651,0.12321255650403651,0.013342152564838061,0.12236702915536313,0.03112978050408191,-0.043254820527011684,0.7812196703524914,0.1480116538519527,0.1482362940926476,0.299003067868562,0.006943196452484979,0.1731096777238068,0.15815243266432,0.12236702915536313,0.17898059111379006,0.03695452476798877,0.03674570602263749,0.1313029160910233,-0.042588085860725045,0.044402659764577024,0.1313029160910233,0.33041287488080806,0.33005549263376643,1.754836722050775,1.204010973630113,0.013051449198351493,-0.013118757065558762,0.013118757065558762,0.2692471032530883,184493612.94657388,1.152500673085388,0.07142857142857142,0.007936507936507936,0.007936507936507936,0.024020494100372883,-0.1682162428421895,-0.008504917957046776,0.03864890243069696,0.07679629841514157,0.13276876750635047,1.3717036868764023,0.8568800744248986,-0.008711769317569007,0.08814037736644528,0.18162611033316667,0.12568137838584614,0.3978207271851664,1.4574922990609571,-0.12054598324725496,0.015326145739605203,0.18613891166679797,-0.013118757065558762,0.013118757065558762,0.24385153709452467,0.031746031746031744,0.2698412698412698,212629013.10088143,19.175059487283434,0.09523809523809523,0.015873015873015872,0.0,0.026610451637363978,0.10197898149956885,0.19555504472105323,0.3311552170748868,0.19201063198309298,0.5,0.030808616799392025,-0.043254820527011684,0.19201063198309298,0.20762094451751034,0.19201063198309298,0.05860646983741624,0.57982064627921,0.021366405840281096,-0.013118757065558762,0.013118757065558762,0.24385153709452467,379028995.00365484,0.013288641047602745,0.031525286645618815,0.0012750644849655046,-0.015610312534417359,0.08690025632644627,0.19563132914330583,0.22139148500561978,2.0,7.0,2.0,1.0,1.0,0.0,63.0,126.0,0.5093824228028504,-0.025357425471286832,0.0852324080533069,0.0990840379714093,0.0990840379714093,0.5200945626477541,0.29972340059251146,0.4323042319443883,0,0,0,0,0,0
recent_month_non_top10_control,2025-11-30,ALAB,157.57000732421875,0.30471028084637775,0.5261017658519975,0.8551134395523307,0.8789632376589182,1.119300747249698,1.4126475763967483,0.7368827734127041,-0.5844655113058037,0.005762775305477863,1.008377364380618,-1.1435584293452905,-0.003306911901686971,0.5412514442693983,-0.8720638383773766,0.8305731186890628,-0.37442431209444993,0.37442431209444993,0.08876153007414356,0.742645548718182,0.3391171316328291,0.512165433492553,0.9944156700119038,-0.08131470723186696,-0.3541488907849829,-0.4414557315372839,-0.3153455965529036,0.15241726210690043,0.5439818614125955,0.15241726210690043,0.742645548718182,0.33255322636966134,-0.09411429849528119,-0.13518106496467241,0.0746432839259541,-0.22208132129111868,-0.13518106496467241,0.8871979562446771,-0.16240633895598847,0.8907354054595359,0.9381933589336865,0.038752328678767475,-0.37442431209444993,0.37442431209444993,0.8332753102842467,926457067.0495352,1.2763448283743595,0.4365079365079365,0.15873015873015872,0.09523809523809523,0.06537859352861011,-0.7421078968942645,-0.7823223582089801,-0.11557084638419779,-0.17290685304671172,-0.11363541704437163,0.9189972540044595,0.43532385996022144,-0.04657819322692136,0.25302806749010914,-0.1952502304988899,-0.13304152176724482,0.8323632306082954,0.9494155943204614,-0.5802831382017085,0.03812088259011383,-0.11030879894719803,-0.37442431209444993,0.37442431209444993,0.13123709468873823,0.7936507936507936,0.07936507936507936,1182478686.2395513,20.89087865469187,0.4603174603174603,0.12698412698412698,0.1111111111111111,0.06912336811403627,-0.015763642090883545,-0.11256480416432324,-0.19732175241660027,-0.15593521798621246,0.5,0.11892360344555793,-0.15593521798621246,0.512165433492553,-0.1403249054517951,-0.15593521798621246,-0.0039916980242901134,0.7902586312784741,0.03891997940487924,-0.17743782975346,0.17743782975346,0.13123709468873823,1013316039.6650769,0.0846923769530028,0.07591137571107566,0.055929375522429936,-0.015610312534417359,0.08690025632644627,0.19563132914330583,0.22139148500561978,2.0,8.0,2.0,1.0,0.0,1.0,63.0,126.0,0.947624703087886,0.05578468539413328,-0.04410745626692003,-0.24585900674264727,0.05578468539413328,0.3664302600472813,0.29972340059251146,0.4323042319443883,0,0,0,0,0,0
recent_month_non_top10_control,2025-11-30,ALGN,147.19000244140625,-0.5890505487176345,-0.36765906371201473,1.1554564914809256,1.1859377148382082,-0.21301393679044756,-0.1506635900205584,-0.18652591767776316,0.32744529376228027,-0.03604841804347836,-0.21543050293791144,0.2522718348637444,0.046368958088001344,-0.382157246821069,0.2233672496035961,-0.2983471991176727,-0.3854792926858277,0.3854792926858277,-0.06543032941644655,-0.22257433572124152,0.20026964629919636,-0.31859719400438313,0.5703443113772456,0.012920446908602168,-0.254071661237785,-0.226590667716561,0.3127300942072728,0.1409193760845171,-0.08939362577149586,-0.22257433572124152,0.1409193760845171,0.10037991441310434,0.004446428139283531,0.03684133192583294,-0.11792057411567336,-0.050058924400613325,0.03684133192583294,0.625197482092649,0.10589126185096717,0.6743234724908238,0.5564907873036351,0.01951127809715141,-0.28958926247885985,0.28958926247885985,0.17865155091823692,205727220.64110893,0.8978334216653998,0.16666666666666666,0.031746031746031744,0.007936507936507936,0.032234983834423976,-0.5536878007186796,-0.5235517016576788,0.07605571863447558,0.05176176996976323,0.09729462608078765,0.9108401925509562,0.2304076467166596,0.10110208863355497,0.1673144134138545,0.17545121391574248,0.052278560980030475,0.34791663902998854,1.2117423825794555,-0.422976981023124,0.01664570452968032,0.04308664587169031,-0.0021016783633474034,0.0021016783633474034,0.17865155091823692,0.031746031746031744,0.7142857142857143,184708774.4379195,19.03429095588662,0.15873015873015872,0.015873015873015872,0.0,0.03155974179402292,0.07025739975067324,0.08364214945742066,0.16016321554869012,0.06752246322087485,0.6666666666666666,-0.0201907239607535,-0.31859719400438313,0.10110208863355497,0.08313277575529221,0.06752246322087485,0.05956500585426161,0.4215853371172347,0.019453972241300136,-0.0021016783633474034,0.0021016783633474034,0.1127154807960502,224682353.85909307,0.05390158350880436,0.03413469236612421,0.010767619714201926,-0.015610312534417359,0.08690025632644627,0.19563132914330583,0.22139148500561978,2.0,7.0,2.0,1.0,1.0,0.0,63.0,126.0,0.6587885985748219,0.06087364159563036,0.10761597985703042,0.29152797710694434,0.29152797710694434,0.8936170212765957,0.29972340059251146,0.4323042319443883,0,0,0,0,0,0
recent_month_non_top10_control,2025-11-30,AMD,217.52999877929688,0.3643353730896366,0.5857268580952564,1.1361279474612822,1.1654135701213737,1.1783496640270155,1.2345146603892725,0.9645081927623347,-0.7307154311975554,-0.4315271629112385,0.46870766686948784,-0.13113162156318614,0.28149543569574,0.7688768636190288,-0.626932147456033,1.5437855006276389,-0.17705137581949681,0.17705137581949681,0.1275008515842504,0.5329810298510962,0.3673495958893964,0.24249475082579197,0.7397743851895875,0.13524218509398378,-0.5026761344251109,-0.33479151064789703,-0.05889719784270697,0.23379276156477924,0.57709399472607,0.23379276156477924,0.9645081927623347,-0.07759056698548772,0.16611823676640625,0.3375760453063017,-0.00516516984233617,0.25067578897985543,0.3375760453063017,0.6247682675930081,0.445024665867653,1.0833989112683968,1.2141394626475972,0.026632301702025837,-0.17705137581949681,0.17705137581949681,0.8976708016348725,10607517231.175789,1.1779614376075866,0.2777777777777778,0.0873015873015873,0.047619047619047616,0.040505715662721514,-0.4583909060297482,-0.539995987051701,-0.14599174629527112,0.16161326278407295,-0.005787124587848802,1.60572231162639,0.4763114328274003,0.5830397783886911,0.2755106960325149,0.34452072319816085,0.029258908910137826,0.758555808694645,0.8923183411779545,-0.323793588760095,0.030639073604905677,-0.09910970126110585,-0.17705137581949681,0.17705137581949681,0.43926160948625403,0.3333333333333333,0.9365079365079365,12495246247.083078,23.24861410876887,0.3333333333333333,0.09523809523809523,0.06349206349206349,0.046190195610938574,-0.08758277640036205,-0.16787671679098082,-0.22259935128580116,-0.15067154878022626,0.5,0.14560044655036217,-0.15067154878022626,0.5830397783886911,-0.1350612362458089,-0.15067154878022626,-0.07150754169408435,0.6768732609053074,0.03585921861468216,-0.16221835589173794,0.16221835589173794,0.06747472805165677,12679790449.106634,-0.01298596385549089,0.07273546054976056,0.029260059417917317,-0.015610312534417359,0.08690025632644627,0.19563132914330583,0.22139148500561978,3.0,12.0,3.0,1.0,1.0,1.0,63.0,126.0,0.9712589073634205,-0.015492093670292695,0.08826367423337422,-0.07962116564438693,0.08826367423337422,0.4846335697399527,0.29972340059251146,0.4323042319443883,0,0,0,0,0,0
recent_month_non_top10_control,2025-11-30,AMZN,233.22000122070312,-0.09954819333491916,0.12184329167070063,0.9861083661697398,1.0123702318614425,0.09864331336828935,0.26461340167161596,0.13760308018995882,-0.14140470928452176,-0.07456464694537024,0.11701871194559788,-0.09859075901676317,0.07014294555445666,-0.05802824895334702,-0.11917512726112411,0.43986634614349107,-0.0818110188161294,0.0818110188161294,0.018248928354268612,0.06303843324458858,0.07073751045877226,0.06709513314943605,1.3286405233395173,0.02487301657455987,-0.22546108278115362,-0.21118791607309417,-0.059983670146575574,-0.0038016290945629416,0.06561329477999482,-0.0038016290945629416,0.13760308018995882,-0.021827348669553825,0.011120365437722102,0.0184279529288347,-0.04117900731782209,-0.06847230339761157,0.0184279529288347,0.3128292978000881,0.052528645860919106,1.5498339086371367,1.1214333547998132,0.01382613299133637,-0.0818110188161294,0.0818110188161294,0.1337319216808983,10136014932.310667,1.097993559354715,0.0873015873015873,0.007936507936507936,0.007936507936507936,0.020473751239743918,-0.8780076806171426,-0.8835023800950889,-0.0818110188161294,0.04573663142206574,0.02483923749743089,1.1537435818179653,0.28683466447163525,0.11226484981660545,0.06766258054181586,0.06216693282852925,0.07048793078183291,0.35081720891162266,1.3820116032787317,-0.7409818767431322,0.01596913120778836,0.023995962428226436,-0.0818110188161294,0.0818110188161294,0.09472403572350219,0.2857142857142857,0.4603174603174603,11129279113.200329,23.132845230522594,0.12698412698412698,0.015873015873015872,0.0,0.022503407515134032,0.005603941009530766,0.006361432826465174,-0.0929006767547365,-0.04504135592915348,0.5,0.023575869433994794,-0.04504135592915348,0.11226484981660545,-0.029431043394736123,-0.04504135592915348,-0.014583501478799499,0.48483345334572137,0.021748236153276597,-0.0818110188161294,0.0818110188161294,0.07405361460925408,13152899059.219433,0.027871802634703347,0.027368390631727562,0.023774825489875306,-0.015610312534417359,0.08690025632644627,0.19563132914330583,0.22139148500561978,2.0,8.0,2.0,0.0,1.0,1.0,63.0,126.0,0.7615201900237529,-0.010290686407351424,0.02606981304875733,-0.0995626494261499,0.02606981304875733,0.23877068557919623,0.29972340059251146,0.4323042319443883,0,0,0,0,0,0
recent_month_top_future_return,2025-11-30,CIEN,204.2100067138672,1.7076102811794862,1.929001766185106,1.0257888492039375,1.0028972016832456,1.5664195990583925,2.0406491301172944,1.5507121276691445,-0.3511212749223813,-0.03983050813999611,0.17374474252174466,0.9993956646412636,0.01586315652247494,1.3550807985258386,-0.3775717205061362,2.8239539760191565,-0.02534363044250698,0.02534363044250698,0.22063029873834217,1.5108816195291483,0.19225614882484865,0.14152212280463772,0.8397060845388857,0.5005280066144422,-0.4340536178606653,0.22988095131470532,0.014701299513431243,1.1995908527467631,1.420394866648352,1.1995908527467631,1.5507121276691445,0.012171530885243254,0.2505076735490752,1.1731404071630083,0.5501755483307564,1.086240150836562,1.1731404071630083,0.5491279747608129,1.8332508522850368,1.1048804502830343,1.1653450323072767,0.022219833660878256,-0.02534363044250698,0.02534363044250698,1.8299611467605312,341499324.02633184,1.4615537178130635,0.23015873015873015,0.06349206349206349,0.023809523809523808,0.03789010074835474,-0.411797595750629,-0.36753992165677196,-0.02534363044250698,0.19044766195472196,0.1742645517862338,1.8231243825218209,0.6568955648448476,0.3037687962944826,0.2096912635243091,0.4018672978702744,0.16347684275533614,0.6399235574884689,0.9481144379149855,-0.3110173191675156,0.025488987299365683,0.08766633824644798,-0.02534363044250698,0.02534363044250698,1.18196404214615,0.1746031746031746,0.9841269841269841,499119606.6613334,20.028356319705697,0.2857142857142857,0.09523809523809523,0.031746031746031744,0.044665783715200344,0.08202197283953327,0.07415497477884503,0.12401463313149795,0.07524225296279785,1.0,0.18312390130006548,0.012171530885243254,0.5501755483307564,0.09085256549721521,0.07524225296279785,0.05040896494083058,0.6067207640167376,0.026430380518212428,-0.02534363044250698,0.02534363044250698,0.1573250793184644,666108365.9454346,0.06948710555925941,0.05595431934132656,0.04862897891496121,-0.015610312534417359,0.08690025632644627,0.19563132914330583,0.22139148500561978,1.0,3.0,1.0,0.0,1.0,0.0,63.0,126.0,0.8368171021377673,0.14524258081475394,0.2330933317651871,0.707555950946219,0.707555950946219,0.9881796690307328,0.29972340059251146,0.4323042319443883,1,1,1,1,1,0
recent_month_top_future_return,2025-11-30,COHR,164.25999450683594,0.4185844385273747,0.6399759235329945,1.0187296716563228,0.9921738925193817,1.184598871835917,1.5537934590514904,1.1718894680961065,-0.6453095718487831,-0.3306161109324248,0.19621849142159653,0.6194109138010346,0.17955840703724157,0.9762581389528007,-0.35626006287347534,1.8058389250165707,-0.014755318473220536,0.014755318473220536,0.12571390255690473,0.8412733571636817,0.32268752446478227,0.20614280437594235,1.1904535630527753,0.44154860168780763,0.27851012059145974,1.3213005698205866,0.20907787373987474,0.5265798962473234,0.8465809071690371,0.5265798962473234,1.1718894680961065,-0.1592007202261988,0.19054932328364682,0.8156294052226312,0.1906709380706022,0.7287291488961849,0.8156294052226312,0.6489446272653321,1.1428815667576722,1.5036826746413647,1.0997247654260176,0.02881142716463257,-0.014755318473220536,0.014755318473220536,1.1393591705959674,431408608.78133017,1.2080390077168903,0.36507936507936506,0.09523809523809523,0.047619047619047616,0.04681240872315124,0.05386700755989504,0.3118231287156543,0.0294283042458634,0.2017095966550735,0.27954653058749,1.8147723704563736,1.3037432231619035,0.2250278984262144,0.15222835768845688,0.5248792484720672,0.22184743901999693,0.7136604779938418,1.3673263728482639,0.2313298310671612,0.032899438733270205,0.1657897684790648,-0.014755318473220536,0.014755318473220536,0.8708426970099901,0.20634920634920634,0.9841269841269841,521158427.6727222,20.07156463923713,0.4603174603174603,0.15873015873015872,0.07936507936507936,0.05468228172345743,0.17902076686589097,0.15236646800487663,0.25083965351792104,0.24477103781152243,0.8333333333333334,0.1478283942492207,-0.1592007202261988,0.24477103781152243,0.2603813503459398,0.24477103781152243,0.12661175930614488,0.975806792820478,0.043432690198220304,-0.014755318473220536,0.014755318473220536,0.27630146388344135,774234303.0572073,0.13007639776808677,0.07515959775302904,0.08289490192310289,-0.015610312534417359,0.08690025632644627,0.19563132914330583,0.22139148500561978,1.0,3.0,1.0,0.0,1.0,0.0,63.0,126.0,0.8680522565320665,0.12364552232185533,0.29173261762742264,0.5763423921520068,0.5763423921520068,0.983451536643026,0.29972340059251146,0.4323042319443883,1,1,1,1,1,0
recent_month_top_future_return,2025-11-30,ECHO,73.29000091552734,1.676591838930496,1.8979833239361157,1.308716395737508,1.3353726234895185,1.3467820041562244,2.260231423840874,3.1336719011715832,-1.88482254332009,-1.4878235655432346,2.4850537231166574,-2.2989394679037214,0.5623238284328564,2.938040572028277,-2.947557645958647,2.2387628166614886,-0.12301063559694558,0.12301063559694558,0.2007420980560386,1.6458483356283486,0.9936282982374298,0.17653426913225556,0.9218021629684878,0.2680720712226874,-0.8616758197642675,-0.8359317179817544,-0.12301063559694558,1.2488493578514932,2.009456531550475,1.2488493578514932,3.1336719011715832,0.895980381289466,0.0596098320404197,0.186114255212936,0.2357986644917316,0.09921399888648974,0.186114255212936,1.3997337627058728,0.3376054703896778,0.2782183278107146,0.3938444459279392,0.03772343690758131,-0.12301063559694558,0.12301063559694558,3.5834898039152536,239170759.55751055,1.3339017862829574,0.3333333333333333,0.10317460317460317,0.03968253968253968,0.04857307642461503,-0.4932195911163406,-0.5039143145650502,-0.018906328070174006,-0.03513318292490919,0.002341402767750189,0.9377229130117453,0.33759209907509014,-0.019512805812727296,0.3601159635194635,-0.04020429112474422,-0.049832709291000366,0.551277368219524,0.7064167863411219,-0.5643884801132772,0.02191885141110947,-0.054026852577946705,-0.12301063559694558,0.12301063559694558,0.1467689108200656,0.9047619047619048,0.9682539682539683,319030303.40041506,19.580796654357506,0.2698412698412698,0.047619047619047616,0.0,0.0411101006454335,0.020003901517973377,-0.041193677278596796,-0.05418992711727916,-0.021103269308038297,0.6666666666666666,0.305003511370924,-0.021103269308038297,0.895980381289466,-0.005492956773620938,-0.021103269308038297,0.032304416499161714,0.3894315868402275,0.019939383340290297,-0.027597210498297553,0.027597210498297553,0.09502466130811804,235150996.3268825,0.054350348577898,0.03720056619585646,0.03306836715790773,-0.015610312534417359,0.08690025632644627,0.19563132914330583,0.22139148500561978,1.0,3.0,1.0,0.0,1.0,0.0,63.0,126.0,0.8021377672209027,0.48314907341217994,0.5448219375955301,0.5763405285320511,0.5763405285320511,0.9810874704491725,0.29972340059251146,0.4323042319443883,1,1,1,1,1,0
recent_month_top_future_return,2025-11-30,FCX,42.77897262573242,-0.23416710098586657,-0.01277561598024679,0.8609717510788587,0.8953918199017591,0.1777192560349934,0.20112194317344434,0.12464710148103308,-0.05272476832520234,-0.12634437397855092,0.1576517565172464,-0.18616175950424718,0.12655917939304318,-0.07098422766227275,-0.15315710446803388,0.27605991760129445,-0.08332086762628921,0.08332086762628921,-0.009648842665621604,-0.0016972724975178322,0.06345949937759876,-0.06867998116673824,1.2478892782696807,0.0201588139579969,0.200393433726767,0.16617021334564064,-0.019145138973110765,0.07192233315583074,0.064957387379782,-0.0016972724975178322,0.12464710148103308,0.10337969145500892,-0.03788423539119046,-0.028510002987000793,-0.11666663201468708,-0.11541025931344706,-0.028510002987000793,0.45152191076524695,-0.05400348366980073,0.8876688471100629,1.169221133514491,0.01939370901908271,-0.08332086762628921,0.08332086762628921,0.22054786722904507,686811917.5969623,1.1203260274272675,0.15873015873015872,0.023809523809523808,0.03968253968253968,0.03076965963451157,-0.25892206541312446,-0.23617441274530027,0.027530810116761173,-0.00210473315949522,0.054321593903467136,1.0511902224639578,0.5121179030876439,0.06704657657413793,0.09705006342633903,0.0997999534748153,-0.01659054168138363,0.5279289603115709,0.7591967179398074,-0.5558234759633003,0.021976825162018685,-0.017671786796007227,-0.07556452034380234,0.07556452034380234,0.22054786722904507,0.9206349206349206,0.7142857142857143,769453267.2311087,20.46119077935502,0.2222222222222222,0.031746031746031744,0.06349206349206349,0.03459739127704253,0.0512926818533217,-0.0009658928917463117,0.07658485554513712,0.030695358215604207,0.6666666666666666,0.02372236540939482,-0.11666663201468708,0.12655917939304318,0.046305670750021566,0.030695358215604207,0.058307857498082205,0.40080193397391944,0.021526012333626204,0.0,-0.0,0.11203099575714237,593384078.0033656,0.05627916688471846,0.03702718898024758,0.03886685008021362,-0.015610312534417359,0.08690025632644627,0.19563132914330583,0.22139148500561978,1.0,3.0,1.0,0.0,1.0,0.0,63.0,126.0,0.8330166270783848,0.18171253702097445,0.40484121498618153,0.5879394887808378,0.5879394887808378,0.9858156028368794,0.29972340059251146,0.4323042319443883,1,1,1,1,1,0
recent_month_top_future_return,2025-11-30,GLW,83.9145278930664,0.5415062474534491,0.7628977324590689,1.0524441730683396,1.0230164018234302,0.7010955587154575,0.9222611870527706,0.7106638586022067,-0.36923717346987917,-0.09758478398205894,0.3571967487130179,-0.09675764124803976,0.06049597041920496,0.5150325294589009,-0.4502247511372286,2.172067735916365,-0.06426813404830756,0.06426813404830756,0.10424851441631788,0.6130790746201478,0.19133474203225312,0.2025100532877968,0.7408750079655605,0.1361651205479426,-0.701587763079259,-0.6238695464389935,-0.04067009625103124,0.34142668513232755,0.5550565394515606,0.34142668513232755,0.7106638586022067,0.06425346308893376,0.07225185400747791,0.2604391074649781,0.22378042861951042,0.17353885113853185,0.2604391074649781,0.32718310154466135,0.7362116364453637,1.288063201785113,1.08121647786845,0.014464186864890188,-0.06426813404830756,0.06426813404830756,0.7103191121951873,465383576.951036,1.4067613320456909,0.09523809523809523,0.007936507936507936,0.007936507936507936,0.024493073750454522,-0.7552202024484604,-0.7678404942005923,-0.0508667913873001,0.015324913855130129,0.0012914994337303032,1.4606966076883532,0.31981466040789713,0.08594409152806537,0.10178428684378905,0.029955274645812713,-0.01621186414312492,0.3537557606701942,1.1913092596631971,-0.6468710577621468,0.0178065359929188,-0.05481070631539753,-0.06426813404830756,0.06426813404830756,0.23393057357096403,0.3333333333333333,0.9841269841269841,654683620.6238277,20.299662656485946,0.15873015873015872,0.0,0.015873015873015872,0.030170919932949042,-0.00922745712531059,-0.05718076366658953,-0.12233924203313683,-0.05155773425082055,0.8333333333333334,0.0975710454487818,-0.05155773425082055,0.22378042861951042,-0.035947421716403194,-0.05155773425082055,0.0006524757304466888,0.4214325133456002,0.019569658529213843,-0.06416439355270886,0.06416439355270886,0.07907211244562751,555666931.1262949,0.03215365832402184,0.03875796497166812,0.019839632848849265,-0.015610312534417359,0.08690025632644627,0.19563132914330583,0.22139148500561978,1.0,3.0,1.0,0.0,1.0,0.0,63.0,126.0,0.6915676959619953,0.03990500820767995,0.22624702866528268,0.7893193330754276,0.7893193330754276,0.9952718676122931,0.29972340059251146,0.4323042319443883,1,1,1,1,1,0
recent_month_top_future_return,2025-11-30,MU,236.2852478027344,1.2029816437508116,1.4243731287564314,0.9423744314871129,0.8902929754589944,1.5329404992833102,2.0779837416473326,1.5074193441830857,-0.33930390132801236,-0.5857087610426033,0.2610843253319275,0.7272199409375888,0.30478510457356767,1.3117880150397798,-0.5191150779135694,2.8744224089423263,-0.06640343404979321,0.06640343404979321,0.1637339266633988,0.9217105831404824,0.2940797071967162,-0.1136493264353644,0.8043738373688161,0.4341122718816348,-0.23007630857279127,0.5308425603666937,0.0023009335925661123,1.1681154428550733,1.199081790059547,0.9217105831404824,1.5074193441830857,0.09043443683944874,0.24953639961770158,0.9883042662695163,0.4059322772744556,0.90140400994307,0.9883042662695163,0.5244251295472457,1.5789751162257017,1.4974466898554697,1.193526016302677,0.02616391541097249,-0.06640343404979321,0.06640343404979321,1.4124143484625504,3829247471.3182716,1.3332248722861082,0.3333333333333333,0.09523809523809523,0.031746031746031744,0.038682271682291186,-0.20865808823529408,-0.16371032444949984,-0.053783718617540166,0.1972355630832805,0.14387025534589393,2.004296761267608,0.6559836512446117,0.3382149441860687,0.20053823989121883,0.41422478053071554,0.159234104408698,0.6259150357175396,1.2546410127650862,-0.2145489709531455,0.03193507588644594,0.07610082445993238,-0.06640343404979321,0.06640343404979321,0.9971985394125238,0.20634920634920634,0.9841269841269841,5105247970.900206,22.35353486170268,0.4126984126984127,0.1746031746031746,0.06349206349206349,0.04666154982449607,0.0491663846941921,0.025768233619563485,0.0723284332536956,0.05679942274959249,0.8333333333333334,0.18041947653129478,-0.1136493264353644,0.4059322772744556,0.07240973528400985,0.05679942274959249,0.020707242765354295,0.785298674317549,0.03761184724381068,-0.06640343404979321,0.06640343404979321,0.1743556631839127,6223856316.571481,0.04307632081985391,0.07167927867714878,0.05329736254175543,-0.015610312534417359,0.08690025632644627,0.19563132914330583,0.22139148500561978,3.0,11.0,3.0,1.0,1.0,1.0,63.0,126.0,0.9603325415676959,0.20739726151245153,0.7551065243629556,0.7444882497405585,0.7551065243629556,0.9905437352245863,0.29972340059251146,0.4323042319443883,1,1,1,1,1,0
recent_month_top_future_return,2025-11-30,Q,80.99723052978516,,,,,,,,,,,,,,,,,,,,,,,,,,,,,,,,,,,,,,,,,,,,,,,,,,,2.353274336283186,1.8644535641952622,,,,,,,,,,,,0.5405757033664012,,,,,,,,,,,,,,,,-0.2544703851625127,-0.14577416669992438,0.0,-0.14577416669992438,-0.14577416669992438,-0.14577416669992438,-0.13016385416550702,-0.14577416669992438,-0.06473139633191183,0.5728531695616701,0.02977520907667167,-0.19580362264767237,0.19580362264767237,0.10350092446341841,305853521.0870652,0.03223606864941675,0.06584739531233572,0.046490453187629344,-0.015610312534417359,0.08690025632644627,0.19563132914330583,0.22139148500561978,1.0,3.0,1.0,0.0,1.0,0.0,24.0,24.0,0.0,0.006905968453353006,0.18608955576472752,0.5642042566130037,0.5642042566130037,0.9787234042553191,0.29972340059251146,0.4323042319443883,1,1,1,1,1,0
recent_month_top_future_return,2025-11-30,RKLB,42.13999938964844,0.3233298613643385,0.5447213463699583,1.0939416258131467,1.1701812801578613,1.056612975127857,0.9339145304771366,0.5729749141301566,-0.6552919640000149,-0.39489275448897065,0.8141096234883958,-0.9470314195232767,0.33519967283881535,0.3773435849868507,-0.7058967101650375,0.7537188288650718,-0.391655818798622,0.391655818798622,0.07409116291557316,0.1780821596411859,0.32993827552661525,0.2837572709334042,0.7180266035728743,-0.1619100747733926,-0.6454352174514713,-0.6925646051585388,-0.3373650823000077,-0.08231704986985833,0.2229133413004947,-0.08231704986985833,0.5729749141301566,0.05836237831098612,0.013477502782493822,-0.13292179603488097,-0.014197503052935101,-0.21982205236132724,-0.13292179603488097,0.7601971613113683,-0.16541624444245664,1.0143690640803458,1.057040921895047,0.03622811825086026,-0.391655818798622,0.391655818798622,0.6584021897953769,1049003790.3371522,1.1257824772898335,0.4603174603174603,0.15873015873015872,0.09523809523809523,0.07269555446982381,-0.5924252174604667,-0.7272911843079037,-0.3008517563523496,-0.08780767421570579,-0.2294935467402318,0.974143169123525,0.4139597335151351,0.31454810567356395,0.25892098119497875,-0.12043415729785989,-0.24775065072627744,0.8035595082145665,0.9596308364881468,-0.5073157940739446,0.03886442488164906,-0.34770740504286035,-0.391655818798622,0.391655818798622,0.06737588344109269,0.49206349206349204,0.07936507936507936,1180950085.7721844,20.889585109739453,0.47619047619047616,0.12698412698412698,0.14285714285714285,0.0744142097075425,-0.21245176923439257,-0.352962998827705,-0.42911413988706276,-0.3308987028272673,0.6666666666666666,0.10779520364609453,-0.3308987028272673,0.33519967283881535,-0.31528839029284994,-0.3308987028272673,-0.12306076762297291,0.7711204830359483,0.038030285799979746,-0.3308987028272673,0.3308987028272673,0.06737588344109269,869544697.8600457,-0.006483564374718753,0.08779748703290007,0.0061121134107942066,-0.015610312534417359,0.08690025632644627,0.19563132914330583,0.22139148500561978,2.0,8.0,2.0,1.0,0.0,1.0,63.0,126.0,0.9460807600950119,0.6554343414007453,0.9000949419684419,0.6397721754854913,0.9000949419684419,1.0,0.29972340059251146,0.4323042319443883,1,1,1,1,1,0
recent_month_top_future_return,2025-11-30,TER,181.74534606933597,0.43935534795236486,0.6607468329579846,1.0504697347958802,1.114460848118707,0.6610948248372726,1.4590742452417476,1.318201369566538,-0.6221145464658284,-0.2918379265294244,0.5043259252281442,0.03669741997210685,0.14402052481366212,1.1225700404232322,-0.7771780243662869,2.227637672902599,-0.029652675858635957,0.029652675858635957,0.1583651506913779,1.0263634430371136,0.3112551284616295,0.19472860436036354,0.8627137094192227,0.3887560968468269,-0.5430178206251826,-0.2957797932429176,-0.026533196436959394,0.6960868231007096,1.013550545234787,0.6960868231007096,1.318201369566538,0.1006237046203271,0.18716229312880484,0.5410233452002511,0.1652441481420337,0.4541230888738048,0.5410233452002511,0.5917485530081421,0.80814874034443,0.9779980443423248,1.1313253024962615,0.02387055848617066,-0.029652675858635957,0.029652675858635957,1.2922457367270357,466003760.2755229,1.181699703877249,0.20634920634920634,0.07936507936507936,0.031746031746031744,0.036664485499448375,-0.5865418502202644,-0.585933414594923,-0.029652675858635957,0.1865777529310617,0.17628995335124675,1.5146605444910441,0.4528388370437978,0.32054638071574515,0.10557966511145171,0.3224896667856194,0.21385407596688566,0.6694601107336614,0.8644711138205597,-0.40290104017558925,0.02783726707174249,0.15519347661302962,-0.029652675858635957,0.029652675858635957,0.6217699280965308,0.25396825396825395,0.8571428571428571,550676505.5232699,20.12665809220643,0.2698412698412698,0.07936507936507936,0.06349206349206349,0.0417671819785149,0.09728136900133832,0.13137320159381827,0.0025427747328948323,0.0014715772942568428,1.0,0.15443915665773142,0.0014715772942568428,0.32054638071574515,0.0170818898286742,0.0014715772942568428,0.04459044010808988,0.5787289275843636,0.028575780200365004,-0.029652675858635957,0.029652675858635957,0.16759121231200935,630254462.3381841,0.08375151722180685,0.0489112236343922,0.06530398370852342,-0.015610312534417359,0.08690025632644627,0.19563132914330583,0.22139148500561978,3.0,11.0,3.0,1.0,1.0,1.0,63.0,126.0,0.8504750593824228,0.06415958272712885,0.32525149521071617,0.7602056207010355,0.7602056207010355,0.9929078014184397,0.29972340059251146,0.4323042319443883,1,1,1,1,1,0
recent_month_top_future_return,2025-11-30,TPL,287.2342529296875,-0.6783841932482076,-0.45699270824258786,0.9943976202280614,1.0241142114054775,-0.39214134009437085,-0.32730284669902054,-0.22172725742988109,0.11600179950108691,0.04128620806334382,-0.16086406283010846,0.08833327025668736,-0.05037612978472439,-0.4173585865731869,0.14919646485646,-0.5797895367900968,-0.4691355420432983,0.4691355420432983,-0.029643938890691723,-0.18044104936653727,0.05879822569266274,-0.08354882971922284,0.7214528210378833,-0.0735811273288145,-0.5735707591377694,-0.6045000099539892,0.016396693696015596,-0.10572545792879418,-0.16929792157507084,-0.22172725742988109,-0.10572545792879418,-0.035790584840522444,0.009177451195280462,-0.0725307925734211,0.0018886210238422407,-0.15943104889986737,-0.0725307925734211,0.38242714530075034,-0.17356144506491916,1.339119239951746,1.0927490917266403,0.017466857013952408,-0.2313592558402079,0.2313592558402079,0.012802485968916644,135449687.53247944,0.8879299415659526,0.19047619047619047,0.015873015873015872,0.023809523809523808,0.034217392289435565,-0.7277079593058049,-0.7505360711001143,-0.12202504563132266,0.005980912792909132,-0.07253717724301312,1.1005420889344306,0.36693548387096775,0.010432355221552614,0.04059896814286056,-0.07427912847359541,0.005303238464888338,0.41789691567900683,1.2254590281432485,-0.5921720944129071,0.019286395540294515,-0.026541766150312562,-0.15485261786601834,0.15485261786601834,0.0015992229062182783,0.14285714285714285,0.015873015873015872,120269833.13584101,18.605248394187495,0.20634920634920634,0.031746031746031744,0.015873015873015872,0.035096175456338446,-0.0745894247639396,-0.05832046679243763,-0.16370693686815543,-0.08383686771052956,0.3333333333333333,-0.04020523930160073,-0.08383686771052956,0.010432355221552614,-0.0682265551761122,-0.08383686771052956,-0.07696236500878162,0.5121155481520567,0.02230411477771062,-0.15485261786601834,0.15485261786601834,0.0015992229062182783,126788919.15544783,-0.04543909894550757,0.04212623689264373,-0.009922661746202932,-0.015610312534417359,0.08690025632644627,0.19563132914330583,0.22139148500561978,1.0,3.0,1.0,0.0,1.0,0.0,63.0,126.0,0.5527315914489312,-0.0011939959787898857,0.2114200541176181,0.8232157101736788,0.8232157101736788,0.9976359338061466,0.29972340059251146,0.4323042319443883,1,1,1,1,1,0
recent_month_non_top10_control,2025-12-31,AAPL,271.3558349609375,-0.11719942060500088,0.09052606198056723,1.060057177860667,1.0612458262927207,0.22806295726737602,0.3563971086025268,0.32783728199623563,-0.15559843698751874,-0.015353048197839003,0.24247697733304419,-0.17377525792862047,0.011697701048496878,0.21150318529159162,-0.2591355625918119,1.5400194687060647,-0.05007166831027843,0.05007166831027843,0.05598835398147384,0.3124842337983966,0.08574706871441966,0.11963891948030181,0.7325070377590147,0.05764843644898998,-0.2761143954403079,-0.22638220975494627,-0.04135139266414345,0.1722388450087169,0.2708534536011164,0.1722388450087169,0.32783728199623563,0.0968812192629327,0.03561367090411305,0.06870171940442371,0.06181508747860254,0.044164504374911484,0.06870171940442371,0.2128786607299756,0.3919952971866449,0.497134636187957,0.8232933741886274,0.009206283718089675,-0.05007166831027843,0.05007166831027843,0.3461425820317623,12297609124.238611,0.9863234723790018,0.07142857142857142,0.007936507936507936,0.0,0.01818690014453876,0.3554897792963707,0.3215113257679716,-0.05007166831027843,0.020496512444114767,-0.002677139939956885,0.7920144062165098,0.5619486001865366,0.03236429041178379,0.054035207197509726,0.00648571677595422,0.012159027476415396,0.17526159088513765,0.6038365566562387,-0.38710278652926766,0.00773337933787442,-0.002432708439629616,-0.05007166831027843,0.05007166831027843,0.10948550999462281,0.31746031746031744,0.8888888888888888,12129420533.378721,23.218899787481707,0.031746031746031744,0.0,0.0,0.017870114449798847,-0.012826584567031896,-0.01901771375237027,-0.2368651731422579,-0.025067288626873463,0.8333333333333334,0.04955498817587404,-0.025067288626873463,0.11963891948030181,-0.01836792327755843,-0.025067288626873463,-0.013113856401601454,0.10582935555417596,0.005516180510856127,-0.05007166831027843,0.05007166831027843,0.003284447061661533,11521623379.07584,-0.00305841434386922,0.013896313601860354,-0.004839291367797927,-0.006699365349315034,0.024537215029512227,0.11633409670464401,0.2077254825855681,2.0,8.0,2.0,0.0,1.0,1.0,63.0,126.0,0.6431155790208373,-0.045537972790174464,-0.02734050789335063,-0.0655945125997155,-0.02734050789335063,0.1607565011820331,0.3187258534742443,0.4208949563009834,0,0,0,0,0,0
recent_month_non_top10_control,2025-12-31,ABNB,135.72000122070312,-0.17492738930131613,0.03279809328425198,0.968175358535686,0.9976455398425236,0.1361125252037938,0.05209303271862886,0.02554031265183565,0.014220680912422567,-0.0005422198563669323,-0.08251472322142395,0.20028776940332704,0.0005289959661174404,-0.09079378405280836,0.09223273353006745,0.09964883683149918,-0.15921197645748997,0.15921197645748997,-0.0075206311918661894,0.024998092795468718,0.008371230565600891,-0.014198359873246358,0.5737578618554678,0.08909700191592407,-0.4134566412009114,-0.34437764311737773,0.13691063854316354,0.03976099356425822,0.03009979967052086,0.024998092795468718,0.03976099356425822,-0.06979239022100159,0.02820955510175982,0.1177730461819031,0.04216770568105255,0.09323583115239087,0.1177730461819031,0.2563031688470478,0.5045750225707583,0.7423035412850979,0.9106808079230453,0.011601413255795348,-0.04530108522445642,0.04530108522445642,0.21678321773986742,597330615.6695653,0.9976159685723147,0.05555555555555555,0.0,0.007936507936507936,0.022523309004405884,-0.13249811679816037,0.006388228027978116,0.08461134307483276,0.03419072717687399,0.08306015840753878,0.8494331581994772,0.6577982202982203,-0.07547023062006297,0.08702354346206928,0.07254623232778346,0.10100653692052064,0.23341037687886618,0.8151083615982212,-0.19869384765624998,0.010829183219885541,0.17309883762873257,-0.008981349068623357,0.008981349068623357,0.21678321773986742,0.09523809523809523,0.42857142857142855,595906560.7090905,20.205594437083146,0.06349206349206349,0.0,0.0,0.023864339010298635,0.0772996154704011,0.16626815730745625,0.8414990190483526,0.16009918539142132,0.5,0.007222484387380064,-0.07547023062006297,0.16009918539142132,0.16679855074073635,0.16009918539142132,0.03611359057995944,0.19025474987775595,0.009725598603008145,-0.008981349068623357,0.008981349068623357,0.14531646599749481,566459651.6148158,-0.0015742929446582732,0.018117675708237385,-0.0062239144204616625,-0.006699365349315034,0.024537215029512227,0.11633409670464401,0.2077254825855681,2.0,7.0,2.0,1.0,1.0,0.0,63.0,126.0,0.5179284258873592,-0.04678754823461484,-0.0044945520547086115,-0.06955498346964528,-0.0044945520547086115,0.21749408983451538,0.3187258534742443,0.4208949563009834,0,0,0,0,0,0
recent_month_non_top10_control,2025-12-31,ADBE,349.989990234375,-0.4206651335728463,-0.21293965098727818,1.0510138181522648,1.0764368781269518,-0.08745080867643562,-0.15683347389206426,-0.09535260076211904,0.07654121376176848,0.07382554617721326,-0.08821858057293663,0.08039431475968362,-0.07544975721929081,-0.21168669746676305,0.08752833494886603,-0.3683228362217309,-0.24588998021824893,0.24588998021824893,-0.007487589907661518,-0.02152705458490578,0.04342837690366056,-0.0027677324711841145,0.6834478448189577,0.013999065581907999,-0.605238121887067,-0.6083268437543616,0.04958797460038267,-0.018811387000350566,-0.04523034744912513,-0.09535260076211904,-0.018811387000350566,-0.011073765270124603,0.00023680913675416804,-0.007824265813253017,-0.0352657758792525,-0.032361480842765245,-0.007824265813253017,0.25888321707187506,-0.02857308266175545,0.9796102138454567,1.0577489474865385,0.012208736029226213,-0.08437107791946497,0.08437107791946497,0.12032649510981197,1407220032.2457693,0.9305340226147514,0.05555555555555555,0.007936507936507936,0.007936507936507936,0.02375559915744867,0.1742314948396404,0.2837574208711291,0.1012406182930291,0.014602143700934711,0.030614821182253005,0.9471961622858447,0.6287329969447732,-0.059298853458769285,0.05985921975455907,0.02844463208611625,0.06791638287352098,0.2738334503797049,0.92612733501011,-0.17355307349839877,0.012049027487989883,0.10480734224528065,-0.027562483195236465,0.027562483195236465,0.12032649510981197,0.6984126984126984,0.42857142857142855,1309466117.3097157,20.992885347816113,0.07936507936507936,0.015873015873015872,0.015873015873015872,0.024348247798535085,0.032041348274911785,0.102365556103446,0.3677951581358365,0.09327456001037171,0.16666666666666666,-0.015096887381374935,-0.07544975721929081,0.09327456001037171,0.09997392535968674,0.09327456001037171,0.0038491232748028015,0.2536046436367793,0.010959943788002347,-0.0210891633447976,0.0210891633447976,0.08419811307376812,1507909132.2753906,-0.010970096210935476,0.024137422765897424,-0.007086795154575221,-0.006699365349315034,0.024537215029512227,0.11633409670464401,0.2077254825855681,2.0,8.0,2.0,0.0,1.0,1.0,63.0,126.0,0.6493800024766129,-0.16211889430431536,-0.2502356896367711,-0.30546584584241043,-0.16211889430431536,0.028368794326241134,0.3187258534742443,0.4208949563009834,0,0,0,0,0,0
recent_month_non_top10_control,2025-12-31,ADI,270.3534851074219,0.08980078721770801,0.2975262698032761,1.05381934641999,1.0641220410073016,0.36102666839759934,0.2827285762750591,0.14794649205431654,-0.06070675427235761,0.06842808287605462,0.03634876287528299,0.07133480194068964,-0.056255765523520296,0.03161239534967253,-0.040262927238343904,0.549490431513478,-0.04301501792292417,0.04301501792292417,0.041530377337619884,0.21637457493037116,0.06460588041569636,0.11877310280422226,0.5773334611094912,0.09289360844318262,-0.28586809155435045,-0.20896782190408913,-0.007971093872138568,0.08723973778195893,0.15052026825554887,0.08723973778195893,0.21637457493037116,-0.01845637841291814,0.06391054825095299,0.10768356481597263,-0.04708992062737882,0.0831463497864604,0.10768356481597263,0.2692430724349887,0.35178475903597706,0.7380226523972708,1.1369146600558706,0.01230235592950252,-0.04301501792292417,0.04301501792292417,0.2381467371954098,855382230.5962456,1.065861471790251,0.0873015873015873,0.015873015873015872,0.007936507936507936,0.022590470941688454,-0.30845271653087225,-0.2906835813733093,-0.04301501792292417,0.1207424636035308,0.06670537800189091,0.7368354255769122,0.5800391896487507,0.1333020080544718,0.082710555047604,0.1624219208020672,0.16566186073963785,0.3061063961698233,0.6491451630687941,-0.24100470425360587,0.014903964013646121,0.13481362306162903,-0.04301501792292417,0.04301501792292417,0.20851622677770787,0.20634920634920634,0.42857142857142855,911718963.2465423,20.6308423473112,0.12698412698412698,0.015873015873015872,0.015873015873015872,0.024626084647274667,0.016156872047373705,0.07783392214400542,0.1293094252226113,0.02569475086132167,0.5,0.02599463285936641,-0.056255765523520296,0.1333020080544718,0.0323941162106367,0.02569475086132167,-0.02117449419330608,0.19870748645806086,0.009735029728763733,-0.04301501792292417,0.04301501792292417,0.0005902605651388892,944285175.8382162,-0.013459455133236098,0.016495470304807167,-0.01457067686070701,-0.006699365349315034,0.024537215029512227,0.11633409670464401,0.2077254825855681,2.0,7.0,2.0,1.0,1.0,0.0,63.0,126.0,0.7022894597606691,0.14631271473357477,0.31191001003167074,0.17675573711220394,0.31191001003167074,0.8936170212765957,0.3187258534742443,0.4208949563009834,0,0,0,0,0,0
recent_month_non_top10_control,2025-12-31,ADP,253.20106506347656,-0.30952101625281203,-0.10179553366724392,0.8642443948779005,0.8568432947161787,-0.1439866267456833,-0.1965786122717743,-0.15616898603699403,0.012072595001269115,-0.002999058894437301,-0.04337075040605509,-0.07454142474311343,0.0035667755921489075,-0.27250308274163804,0.03825681088782551,-0.8944346771395862,-0.1997252486241935,0.1997252486241935,-0.030007335028397697,-0.15916804493143133,0.007978060076118483,-0.017609055199503842,0.7484896369118952,-0.06708448300375291,-0.4423076923076923,-0.5080664053716517,-0.06504058502726062,-0.1440963910357249,-0.15314447400138342,-0.15916804493143133,-0.1440963910357249,-0.02968436378881467,-0.04180712624420213,-0.11791217514916852,-0.11311756117470484,-0.14244939017868075,-0.11791217514916852,0.17460077301164628,-0.6052669782438928,0.8951422829541507,1.1157464358986295,0.007992126036861008,-0.16306211466893616,0.16306211466893616,0.039479561909502525,520331453.1334287,1.0618865771365953,0.007936507936507936,0.0,0.007936507936507936,0.015544717796849196,0.80488054957449,0.8302801239734887,0.03173369106075219,-0.009266773870898026,-0.007436147385733727,0.8241430423298985,0.9115215327522223,-0.019208545010929945,0.04515225931671924,-0.005406143773479477,0.030066297807574305,0.19481019019288995,0.802281104517441,-0.0023425840213099347,0.008054582380247375,0.03411831219365502,-0.11622589588607779,0.11622589588607779,0.039479561909502525,0.9365079365079365,0.42857142857142855,552532985.7443674,20.13002369408863,0.015873015873015872,0.0,0.015873015873015872,0.015575116315181652,0.00047469001076216877,0.0234221058454267,0.09004088204146088,0.01407271766820628,0.3333333333333333,-0.026996671985599685,-0.11311756117470484,0.01407271766820628,0.020772083017521314,0.01407271766820628,-0.010302984392662418,0.1562925345592045,0.008156175744966299,-0.03333319352193187,0.03333319352193187,0.006659850361599107,633872879.3526785,-0.00853358681997718,0.014351698180050118,-0.005536132341710909,-0.006699365349315034,0.024537215029512227,0.11633409670464401,0.2077254825855681,2.0,7.0,2.0,1.0,1.0,0.0,63.0,126.0,0.324248573133253,-0.04046966981915212,-0.16666022851326567,-0.20359700936224012,-0.04046966981915212,0.13947990543735225,0.3187258534742443,0.4208949563009834,0,0,0,0,0,0
recent_month_non_top10_control,2025-12-31,AEP,113.5805435180664,0.08608915826580743,0.29381464085137554,1.082558083173964,1.0791674202672545,0.08193148434690078,0.1322584028412579,0.12931201173671436,-0.08248046900133721,-0.09362688772946837,0.09317200408266535,-0.06011224082576061,0.0904009196996185,0.012977915032070353,-0.09625224847980962,0.740463229680933,-0.06835259273666638,0.06835259273666638,0.014233720631743996,0.035685124007245994,0.05114239031542206,-0.010647767356155025,0.6546889148123668,0.005428143149534659,-0.6346434106733905,-0.6225648083259027,-0.05467895010304524,0.04683154273537715,0.0706095594931125,0.035685124007245994,0.12931201173671436,0.013331057861603712,0.008999353495931839,0.03305976325690474,0.0689776585092956,0.008522548227392512,0.03305976325690474,0.17463664170391707,0.17468928557443947,0.7013709672558891,1.0836726166796162,0.00772417322978752,-0.06835259273666638,0.06835259273666638,0.1282246592907912,376878880.11346847,1.0851942993420323,0.015873015873015872,0.007936507936507936,0.0,0.014621362053893337,-0.1231888080830511,-0.18312112639110134,-0.06835259273666638,-0.019934317708331872,-0.02490472911626207,0.7303104730615702,0.477725405187407,0.03730205484187277,0.057313514063276554,-0.03360023005764101,-0.04832974948972746,0.1892489464834244,0.6472166560828092,-0.4001595118431214,0.007569273598181358,-0.056251552141246774,-0.06835259273666638,0.06835259273666638,0.02431899694105777,0.3492063492063492,0.9841269841269841,408986812.2415452,19.829193472024095,0.015873015873015872,0.015873015873015872,0.0,0.01484021551915252,-0.019400582526068355,-0.053339252039660945,-0.5580483610252397,-0.06835259273666638,0.6666666666666666,0.02183522180326153,-0.06835259273666638,0.0904009196996185,-0.06165322738735135,-0.06835259273666638,-0.002046855079851584,0.12248507031019647,0.00588172944539729,-0.03287775280808358,0.03287775280808358,0.010339001627769795,372343247.1430461,0.0004337610308355888,0.011112908812327215,-0.0025949551577287844,-0.006699365349315034,0.024537215029512227,0.11633409670464401,0.2077254825855681,2.0,7.0,2.0,1.0,1.0,0.0,63.0,126.0,0.36235773547522826,0.03876510531274824,0.1696998816905415,0.14574995790015732,0.1696998816905415,0.7186761229314421,0.3187258534742443,0.4208949563009834,0,0,0,0,0,0
recent_month_non_top10_control,2025-12-31,AKAM,87.25,-0.29554567486864103,-0.08782019228307292,1.0326684598690707,1.0291826781614688,0.08385093167701863,0.1490846786425284,0.09390669086212644,0.008709295848669196,0.049455945639153676,-0.05015045001087115,0.2018135643163379,-0.043254820527011684,-0.022427405842517567,0.05775642344334031,0.28185908054646064,-0.14544562875664557,0.14544562875664557,0.026882821398181544,0.14336263650128012,0.026400858137539646,0.03695452476798877,0.6947368421052632,0.08845490072311635,-0.28777859417095275,-0.17976087768790172,0.02365211454752869,0.10261598671079564,0.11329510469140074,0.09390669086212644,0.14336263650128012,-0.042588085860725045,0.06260204130647917,0.15166311430546675,-0.008711769317569007,0.12712589927595452,0.15166311430546675,0.3331689391736563,0.3865554460550992,0.6122923353883157,1.1776159178592354,0.013514756660024694,-0.03814352463227977,0.03814352463227977,0.2370622644277014,185913183.44303313,1.2467091599607119,0.07142857142857142,0.007936507936507936,0.007936507936507936,0.024528549743235727,-0.13894440743208236,-0.16077856044725802,-0.025024767566721007,0.07246565708269759,0.03600427091293823,0.8299770780312058,0.8044723647052042,0.19201063198309298,0.09017232766316369,0.1617843112216002,0.024942929429257354,0.392345046107173,0.5199423055535712,-0.15673481223720453,0.014931984140956756,0.0014706089739666695,-0.03814352463227977,0.03814352463227977,0.21231066444530478,0.38095238095238093,0.6190476190476191,231779668.75588554,19.261297779052374,0.09523809523809523,0.015873015873015872,0.0,0.02676686912292768,-0.0046014510565399735,-0.011284838992692503,-0.1243030625094618,-0.025357425471286832,0.3333333333333333,0.018175509262414864,-0.043254820527011684,0.19201063198309298,-0.018658060121971798,-0.025357425471286832,-0.0007959228848150035,0.20399678784548575,0.010057020222988574,-0.03173899224258814,0.03173899224258814,0.04503536031185029,194375594.30036998,-0.014458379089161033,0.019639779152169475,-0.01009756518960181,-0.006699365349315034,0.024537215029512227,0.11633409670464401,0.2077254825855681,2.0,7.0,2.0,1.0,1.0,0.0,63.0,126.0,0.5294173768166518,0.11346706619918523,0.12767907609912243,0.3163323607349122,0.3163323607349122,0.8959810874704491,0.3187258534742443,0.4208949563009834,0,0,0,0,0,0
recent_month_non_top10_control,2025-12-31,ALAB,166.36000061035156,0.048295691015217024,0.25602117360078513,0.8870466494469441,0.9448915962628618,1.7880007661359718,0.8337742324940214,0.8398584824069126,-0.92679589515775,-0.6231539858906106,1.165450199256973,-1.3158077170432423,0.512165433492553,0.7235243857022686,-0.9902160001931819,0.8975825417688665,-0.33952676915442026,0.33952676915442026,0.04378608335252321,0.21670449651630208,0.4724880828260828,0.33255322636966134,0.8192968463710634,-0.07443287320946934,-0.55652347870367,-0.6232035076422757,-0.03938682605529886,-0.08693741275083733,0.32320852205745915,-0.08693741275083733,0.8398584824069126,0.0746432839259541,-0.08999046102331987,-0.15035751778626927,-0.04657819322692136,-0.1748947328157815,-0.15035751778626927,0.9356894138691724,-0.1628476505321624,1.1037594790708127,0.9867609041001109,0.04118874261545871,-0.33952676915442026,0.33952676915442026,0.8562820298138887,998993535.7400501,0.9808031488649763,0.46825396825396826,0.18253968253968253,0.0873015873015873,0.06844272565224208,0.006729419535959069,0.0628895034817909,0.11239177878205464,-0.02331433611660827,0.037692777803532085,0.8688050938822692,0.4594903554447299,-0.15593521798621246,0.24842716006952714,-0.10884932966930572,0.024976608100756748,0.9233017319864474,1.1185683122269627,-0.48673963376131346,0.04315873729437109,0.11060927905898033,-0.2620325333123953,0.2620325333123953,0.1943428001221228,0.9047619047619048,0.42857142857142855,979816005.5495974,20.70287536358317,0.5238095238095238,0.1746031746031746,0.12698412698412698,0.07432913772600633,0.06275420281169697,0.09749707955137099,0.05401430915509418,0.05578468539413328,0.6666666666666666,0.1287722029948613,-0.15593521798621246,0.512165433492553,0.062484050743448316,0.05578468539413328,0.03296151028334737,1.0327760600243119,0.047637992662608,-0.05337432906349471,0.05337432906349471,0.18625209707696921,820833339.1960508,0.01655663542200214,0.06995369623434623,-0.015079286857776375,-0.006699365349315034,0.024537215029512227,0.11633409670464401,0.2077254825855681,2.0,8.0,2.0,1.0,0.0,1.0,63.0,126.0,0.9374280937960848,-0.09461412259807755,-0.2857056900992785,-0.3411877971146067,-0.09461412259807755,0.0851063829787234,0.3187258534742443,0.4208949563009834,0,0,0,0,0,0
recent_month_non_top10_control,2025-12-31,ALGN,156.14999389648438,-0.4588405465622015,-0.2511150639766334,1.172625347564804,1.2032672983317296,-0.01705908789786692,-0.13700678794314491,-0.17524960446669147,0.27520724402371377,0.3856208977404879,-0.3386151164122366,0.5856203262370347,-0.31859719400438313,-0.2915837011713355,0.4222548142914896,-0.28222418533215216,-0.33522076588090843,0.33522076588090843,-0.027460554284595817,0.21037129327379644,0.19859241294017063,0.10037991441310434,0.42876716931681147,0.10933184673228613,-0.6541248606465998,-0.5686918992774319,0.33953097415358635,0.0999576395570223,0.04502644278804243,-0.17524960446669147,0.21037129327379644,-0.11792057411567336,0.0929952368003022,0.24700520982479812,0.10110208863355497,0.2224679947952859,0.24700520982479812,0.6209588461046974,0.7718035636670834,0.38510447182890023,0.5153906263749441,0.01904024218874469,-0.24634397385731044,0.24634397385731044,0.2504003629949676,213264622.48824587,0.9101121632291064,0.15873015873015872,0.031746031746031744,0.007936507936507936,0.031318322241803254,-0.32259825327510916,-0.28136234212872413,-0.053994550797977214,0.11389149350965466,0.06261786387775792,0.7244995923414278,0.15661941020571285,0.06752246322087485,0.1685685263988878,0.13250644304226689,0.14429433956983662,0.32003636864696255,0.7472089171228711,-0.4813137821740796,0.014711593554104023,0.1264960359440781,-0.05609622916132462,0.05609622916132462,0.24135458112719865,0.19047619047619047,0.8888888888888888,194094726.91301617,19.083856886065128,0.1111111111111111,0.015873015873015872,0.0,0.02977046413973784,0.015312563838728144,0.07657008545959543,0.25455867568705237,0.06087364159563036,0.6666666666666666,-0.017773276709481995,-0.31859719400438313,0.10110208863355497,0.06757300694494539,0.06087364159563036,-0.020794427783275005,0.23913402845663284,0.011630088461200817,-0.05609622916132462,0.05609622916132462,0.034585579235509645,192813409.02070546,-0.01426058013375553,0.020474830416711186,-0.009627840498829365,-0.006699365349315034,0.024537215029512227,0.11633409670464401,0.2077254825855681,2.0,7.0,2.0,1.0,1.0,0.0,63.0,126.0,0.6698762256419494,0.04406023151927507,0.21741923492829285,0.09785462296864611,0.21741923492829285,0.8108747044917257,0.3187258534742443,0.4208949563009834,0,0,0,0,0,0
recent_month_non_top10_control,2025-12-31,AMD,214.16000366210935,0.5652689874772221,0.7729944700627902,1.1761125467791829,1.1837805945482545,1.0844851870259893,0.9340738478240032,0.5092319441418611,-0.19237775222058429,-0.2945532156089725,0.1401691349201757,0.18352214729254945,0.24249475082579197,0.3928978474372171,-0.18554066192913599,0.8352250811438208,-0.18980057299113973,0.18980057299113973,0.05379123177992784,0.2146787285328886,0.14956081354734505,-0.07759056698548772,0.6501559205196186,0.05643566406923095,-0.40707734931393735,-0.21515345626039784,-0.06709151156884552,0.31685419192127684,0.34692162153200884,0.2146787285328886,0.5092319441418611,-0.00516516984233617,0.035788362016274,0.32369128221272514,0.5830397783886911,0.2991540671832129,0.32369128221272514,0.6096942676152399,0.422448919358117,0.5929706230132475,1.2567378282081685,0.02489056451459823,-0.18980057299113973,0.18980057299113973,0.5887240268079257,10426030223.403458,1.1633073304491994,0.25396825396825395,0.07936507936507936,0.05555555555555555,0.03992870206631842,-0.05715510772858823,-0.07176174911621402,-0.012749197171642912,-0.09877574154936242,-0.06036627073655043,0.7711026458827849,0.5034557563026413,-0.15067154878022626,0.2728786584357114,-0.1638294247033676,-0.07894737558953135,0.7662258497537465,0.47183319360943654,-0.2535262267534951,0.03097744684127208,-0.0272317726893746,-0.18980057299113973,0.18980057299113973,0.3005405115896651,0.6825396825396826,0.9682539682539683,12128677386.370148,23.218838517466953,0.36507936507936506,0.1111111111111111,0.06349206349206349,0.04654312631885742,-0.0014050506761756898,0.0022652838703587364,-0.04285138115757049,-0.015492093670292695,0.3333333333333333,0.09610252498935672,-0.15067154878022626,0.5830397783886911,-0.00879272832097766,-0.015492093670292695,0.00022187022395625533,0.3615307897154145,0.01352061944893092,-0.03366118409637853,0.03366118409637853,0.08101561255014755,5798025510.906764,0.011338387391574667,0.035384090174157175,-0.004036665998442546,-0.006699365349315034,0.024537215029512227,0.11633409670464401,0.2077254825855681,3.0,12.0,3.0,1.0,1.0,1.0,63.0,126.0,0.9711460526167667,0.10538845573162892,-0.06513819905537421,-0.050102777376009766,0.10538845573162892,0.5271867612293144,0.3187258534742443,0.4208949563009834,0,0,0,0,0,0
recent_month_top_future_return,2025-12-31,CF,76.61651611328125,-0.2794065831517233,-0.07168110056615518,1.0996227534033265,1.114945922091495,0.007268338753694259,-0.1372484939426516,-0.14934579298337425,0.04743299748452401,-0.007605771112460857,-0.019249220756569874,-0.11340076023774903,0.009021748678418096,-0.26567988968801826,0.016695811989055342,-0.506753578679151,-0.23633699580217593,0.23633699580217593,-0.031919453606494175,-0.1569515640958351,0.02982449511518581,-0.061284436879998294,0.7514251947856011,-0.07096199454787022,-0.3127052658769697,-0.40387489929588505,-0.0685970013456173,-0.10191279549885024,-0.1360700508593532,-0.1569515640958351,-0.10191279549885024,0.03543804095456804,-0.048326638027270885,-0.1326499809943189,-0.07146032467973851,-0.15718719602383113,-0.1326499809943189,0.29471087973891136,-0.5060860292217996,0.7322742871655283,0.8893785986757933,0.01394201899073275,-0.20749176400769753,0.20749176400769753,0.016427981779705503,205929132.76953924,0.8958459583228375,0.10317460317460317,0.007936507936507936,0.015873015873015872,0.024253846435534653,0.2369661951251909,0.21559045980444047,-0.01420759998338783,-0.048454349408229236,-0.038704616899282285,0.7504685569430621,0.9850501560213669,-0.04947296191025341,0.04228389566583427,-0.06589880641715762,-0.038627686450515175,0.2621095492367032,0.8233549674523544,0.0684373565855898,0.012628175522229449,-0.013445368933017843,-0.15488486826602899,0.15488486826602899,0.016427981779705503,0.9523809523809523,0.2222222222222222,184480781.29251873,19.03305585500356,0.07936507936507936,0.0,0.015873015873015872,0.023514697004079897,-0.011633616701856586,-0.013537312049078043,-0.08007432358143017,-0.01728077566306252,0.3333333333333333,-0.025839784916677766,-0.07146032467973851,0.03543804095456804,-0.010581410313747486,-0.01728077566306252,-0.008531461447114475,0.21580919938073706,0.010694222785836946,-0.03602147724965643,0.03602147724965643,0.016427981779705503,169188690.80127534,-0.006563826301588471,0.02016144668567484,-0.0006202510011282802,-0.006699365349315034,0.024537215029512227,0.11633409670464401,0.2077254825855681,1.0,3.0,1.0,0.0,1.0,0.0,63.0,126.0,0.49233854172529856,0.2054565297920392,0.2939151268437048,0.6877830532508553,0.6877830532508553,0.9881796690307328,0.3187258534742443,0.4208949563009834,1,1,1,1,1,0
recent_month_top_future_return,2025-12-31,CIEN,233.8699951171875,1.5498502967983516,1.7575757793839197,1.0898732156212099,1.115704839261427,2.8700975332802825,1.9211841400073033,1.875568546069891,-0.3867956176977021,-0.3565034411336625,0.7910979329810284,-0.18561981080826984,0.14152212280463772,1.759234449365247,-1.2700904238971324,3.275592846390303,-0.03507034769667006,0.03507034769667006,0.20329777552950734,1.5190651049362285,0.21510585354319417,0.012171530885243254,0.7032379694441352,0.4153952058358066,-0.4396130638827699,-0.10031103411236375,-0.03507034769667006,1.4887729283721889,1.6278021931261026,1.4887729283721889,1.875568546069891,0.5501755483307564,0.16047445774397406,0.6054781221727585,0.3037687962944826,0.5809409071432463,0.6054781221727585,0.5725890347259623,1.0480384392939153,1.2011321859382698,1.0089699147743756,0.024313487153712975,-0.03507034769667006,0.03507034769667006,2.007974213725884,411473779.7657074,1.3787855194191792,0.2777777777777778,0.07936507936507936,0.023809523809523808,0.04057112160825724,-0.07303548795944237,0.061599230093017265,-0.009726717254163075,0.11936498439482435,0.1505748970147942,1.4580167840738392,0.64545546474963,0.07524225296279785,0.1952030370931231,0.23141321278418503,0.1391900853748267,0.5777251095681962,1.1904539157709824,-0.23329256573774793,0.02689762619423357,0.20668393068883328,-0.03507034769667006,0.03507034769667006,0.5442060074594273,0.20634920634920634,0.9682539682539683,567334089.1616337,20.156458912438524,0.3333333333333333,0.1111111111111111,0.047619047619047616,0.04935549594404459,0.10120727522037187,0.1975490650484677,0.21118356929403023,0.14524258081475394,1.0,0.20468713868211197,0.012171530885243254,0.5501755483307564,0.15194194616406898,0.14524258081475394,0.053010724195090786,0.687755118924679,0.03143881967770906,-0.03507034769667006,0.03507034769667006,0.2095680772411166,639555371.8736922,0.01015902607326602,0.051237255743234254,-0.019980063403793102,-0.006699365349315034,0.024537215029512227,0.11633409670464401,0.2077254825855681,1.0,3.0,1.0,0.0,1.0,0.0,63.0,126.0,0.8678234512726413,0.07670929497568446,0.4909993564257986,0.6600248817373684,0.6600248817373684,0.9858156028368794,0.3187258534742443,0.4208949563009834,1,1,1,1,1,0
recent_month_top_future_return,2025-12-31,DOW,22.873729705810547,-0.5815671670132998,-0.3738416844277317,1.0252828549422324,1.0495334878708158,-0.2935270575153127,-0.13229245374963883,-0.09100416856034144,0.054354911001935124,0.12450382237771807,-0.12154981064263859,0.1563220065535339,-0.12046818005003257,-0.20733826526498544,0.12577636447123675,-0.1800953091676356,-0.40057874704573504,0.40057874704573504,-0.013396177653810293,0.03349965381737663,0.06241865093049528,0.0728176232033535,0.8239078180165041,0.018431314883036842,-0.37782819600938156,-0.35619391615078466,0.15623374838684456,-0.03664925755840631,-0.03138459076712371,-0.09100416856034144,0.03349965381737663,-0.0690214268913848,0.02236196805238544,0.03477219591089531,0.04012206983051447,0.010234980881383082,0.03477219591089531,0.5053111543045982,0.07509312065079363,0.6436655771421571,0.9163746783989217,0.02133633877926305,-0.20743475643751563,0.20743475643751563,0.1533399615348885,315285837.59664655,0.8872883896505334,0.2222222222222222,0.047619047619047616,0.03968253968253968,0.035352075228257056,0.2324129089179614,0.20812641303513657,-0.01853794180624646,0.018855736674431522,0.016974456712217867,0.7159499665608207,0.7276955114942918,0.014855707746799007,0.07168461256021165,-0.0051435058199379435,0.04972492144883045,0.46305434651726407,0.7024043683384633,-0.08298457246020019,0.019710365680718663,0.042970901971182585,-0.07783414917122566,0.07783414917122566,0.14902311082077824,0.7142857142857143,0.8888888888888888,279749463.1207481,19.449404989589677,0.19047619047619047,0.047619047619047616,0.031746031746031744,0.03297117894594903,0.012870776459751987,0.002402271640923548,-0.06058839534631739,-0.01970646015396571,0.5,-0.01356677771911935,-0.12046818005003257,0.0728176232033535,-0.013007094804650676,-0.01970646015396571,0.0007062482823132488,0.32525139577183876,0.013362200926658577,-0.04920696169759731,0.04920696169759731,0.023642824731405554,250988136.3891874,0.006543832241167058,0.02529634454948796,0.002658892264782331,-0.006699365349315034,0.024537215029512227,0.11633409670464401,0.2077254825855681,1.0,3.0,1.0,0.0,1.0,0.0,63.0,126.0,0.736254517004199,0.1783574660731586,0.32993910654578373,0.8025371355344233,0.8025371355344233,0.9952718676122931,0.3187258534742443,0.4208949563009834,1,1,1,1,1,0
recent_month_top_future_return,2025-12-31,GLW,87.26313781738281,0.6698861761922952,0.8776116587778633,1.0409883118738998,1.0711453923813046,0.9378382405649703,0.7789279139203091,0.6774490083325015,-0.36671206793885247,-0.28249268031996744,0.566164195988863,-0.49510854765476586,0.2025100532877968,0.5611149116278575,-0.6063933599984044,1.909171781814169,-0.08763153368943966,0.08763153368943966,0.08638952195024707,0.3949563280125341,0.19208190980987289,0.06425346308893376,0.5936090414028444,0.08301624107119632,-0.47081884989603673,-0.43321754018921643,-0.08763153368943966,0.3107369403936491,0.4610474255795616,0.3107369403936491,0.6774490083325015,0.22378042861951042,0.025795609847476086,0.07105564833409717,0.08594409152806537,0.04651843330458494,0.07105564833409717,0.35483921079577413,0.18357990231924273,1.0709592170519644,1.090791807199325,0.01595408131763956,-0.08763153368943966,0.08763153368943966,0.7096327125330821,518378533.8488382,1.0909121691052945,0.11904761904761904,0.007936507936507936,0.015873015873015872,0.026984222233660607,0.8046008119079837,0.8766134221187578,-0.0233633996411321,0.016021824344911284,0.014192959476755362,1.0712109549707467,0.6139850094841716,-0.05155773425082055,0.10361500980392525,-0.013710137851588922,0.05531536612156884,0.38705570400910466,0.9818181709685903,-0.21424138391559489,0.01828299101682249,0.08074847923514805,-0.08763153368943966,0.08763153368943966,0.1221324939494488,0.20634920634920634,0.42857142857142855,565505450.7786584,20.15323049410821,0.1746031746031746,0.0,0.031746031746031744,0.032054595018871535,0.014580630247482906,0.0682282597970767,0.10500811606521696,0.03990500820767995,0.8333333333333334,0.09413921841352763,-0.05155773425082055,0.22378042861951042,0.04660437355699498,0.03990500820767995,-0.010504078083894308,0.3800183233731792,0.01606061663803469,-0.08763153368943966,0.08763153368943966,0.04799514162532348,522919886.2106687,-0.007874925779849828,0.03083600468112675,-0.015405406117333875,-0.006699365349315034,0.024537215029512227,0.11633409670464401,0.2077254825855681,1.0,3.0,1.0,0.0,1.0,0.0,63.0,126.0,0.7026274611340635,0.17919138670057078,0.7206565205021895,0.5557764225389006,0.7206565205021895,0.9905437352245863,0.3187258534742443,0.4208949563009834,1,1,1,1,1,0
recent_month_top_future_return,2025-12-31,GNRC,136.3699951171875,-0.3282027967868111,-0.12047731420124297,0.836591806700411,0.8420866896542823,0.07674688886065639,0.11659705382799412,-0.047762106528952186,-0.2160975689518171,-0.25179106308883903,0.16891268800055736,-0.3542770841216527,0.3594720572173131,-0.1640962032335962,-0.13760228959214316,-0.0942905451561392,-0.32772989394145224,0.32772989394145224,-0.01992197201457202,-0.2995531696177912,0.13624177301278456,-0.04848735077830879,0.7287736033771137,-0.19671313144782876,-0.191448133316109,-0.34132486181655286,-0.12865758596213395,-0.2638596754807693,-0.20372498387583757,-0.2995531696177912,-0.047762106528952186,-0.09635630825109653,-0.05925789599520148,-0.18536439612109534,0.003703765821879035,-0.20990161115060757,-0.18536439612109534,0.5065418430857638,-0.385777204492068,0.8718397804329885,0.94858102453627,0.02122150012207495,-0.32772989394145224,0.32772989394145224,0.0,183971603.09662592,1.003586760605602,0.18253968253968253,0.023809523809523808,0.03968253968253968,0.035812246661301714,1.1281876912614757,0.9140073581748132,-0.07794866135052558,-0.08031050505533632,-0.13144334524217371,0.8651294705405247,0.506781101979677,-0.09754790484989184,0.17913445456836244,-0.1883704817906673,-0.006093955228913095,0.4804959804847843,0.9190989044496249,-0.1928384129304045,0.02382440775997239,-0.04433176681868656,-0.3034173155178771,0.3034173155178771,0.0,0.7936507936507936,0.0,184631465.19516233,19.033872321602175,0.2857142857142857,0.015873015873015872,0.06349206349206349,0.04181755625054534,-0.08816157732806329,-0.06579091700749728,-0.22788600509169296,-0.10063977625944631,0.3333333333333333,0.0033574138167414467,-0.10063977625944631,0.3594720572173131,-0.09394041091013128,-0.10063977625944631,-0.0946089802583262,0.4416233292560136,0.02081418646139373,-0.18657918233275173,0.18657918233275173,0.0,151275803.75685918,-0.022262089140078878,0.04048858977128008,-0.01762046338020251,-0.006699365349315034,0.024537215029512227,0.11633409670464401,0.2077254825855681,1.0,3.0,1.0,0.0,1.0,0.0,63.0,126.0,0.6501750515022908,0.232235823882887,0.652636233678231,0.43235322156608413,0.652636233678231,0.9810874704491725,0.3187258534742443,0.4208949563009834,1,1,1,1,1,0
recent_month_top_future_return,2025-12-31,LYB,42.78057861328125,-0.5672928606947981,-0.35956737810923,0.9979135788824113,1.0207612183737003,-0.3360437827251478,-0.17255234156090482,-0.2117367293771928,0.0022551928406728816,-0.000952493999270887,-0.13220760094985173,0.04056226214025804,0.001209806886367959,-0.3280708260818368,0.1200913905675991,-0.4988595513903206,-0.3953867115105347,0.3953867115105347,-0.05315784013326352,-0.21268922337646368,0.0016473410105590214,-0.004057700089495575,0.9952535598301274,-0.07905548850667177,-0.3805993925362673,-0.43736457106614923,0.15350190017556253,-0.2094815365365199,-0.2113024964300588,-0.21268922337646368,-0.2094815365365199,-0.12972487813570632,-0.02896235673969383,-0.09164533880959369,-0.05342585673349831,-0.11618255383910592,-0.09164533880959369,0.42444156634283725,-0.23529944959104335,0.8834907221372095,0.9176383625562596,0.019773596089615392,-0.32149791022504426,0.32149791022504426,0.051102311939737355,237773099.99397218,0.9522677979000603,0.2222222222222222,0.047619047619047616,0.03968253968253968,0.03328789327514785,-0.11404787945072303,-0.1944199002181366,0.02313100315899519,-0.0031241767062990533,-0.01564748299694807,0.7250586942891685,0.5465296063420073,0.055364143435158386,0.06757160820878558,-0.04037663858449059,-0.000981512824669406,0.38948386393965523,0.96278747509648,-0.4065043959622273,0.018867802765257922,-0.024864561322222367,-0.09954086080309177,0.09954086080309177,0.051102311939737355,0.9682539682539683,0.5873015873015873,226423666.33113074,19.237918436511293,0.23809523809523808,0.047619047619047616,0.031746031746031744,0.03289472404382111,-0.016282559700683374,-0.06825867834425592,-0.2419216489848525,-0.09071824413895435,0.3333333333333333,-0.036892121462688034,-0.12972487813570632,0.055364143435158386,-0.08401887878963932,-0.09071824413895435,-0.006128498147822237,0.3749901859532816,0.016706877158502133,-0.09376307324394384,0.09376307324394384,0.024124849904018086,240196054.7792707,0.0007164321962174203,0.026591889889862233,-0.00013854927673528916,-0.006699365349315034,0.024537215029512227,0.11633409670464401,0.2077254825855681,1.0,3.0,1.0,0.0,1.0,0.0,63.0,126.0,0.6941619479686145,0.13163978402578347,0.328406483934617,0.8830974280834962,0.8830974280834962,1.0,0.3187258534742443,0.4208949563009834,1,1,1,1,1,0
recent_month_top_future_return,2025-12-31,OXY,40.73751831054688,-0.3571779759241739,-0.14945249333860577,0.9761852955210432,0.9826650737071372,-0.1529165102377673,0.025307459858407544,-0.01023648545633471,-0.11641828809829957,-0.04347381142820328,0.13074409175624946,-0.25542356453918125,0.04594133412323398,-0.12657058216097872,-0.11444298732659708,-0.03509271254124731,-0.2025512753277675,0.2025512753277675,-0.012817577506150646,-0.05371029688453799,0.05882755414558141,0.08352307250477597,0.6207264378403273,-0.04410430591710579,-0.5826970790233845,-0.6347261872015264,-0.07133960502007886,-0.12665477355463428,-0.06353385196516899,-0.12665477355463428,-0.01023648545633471,-0.0022566599437380264,-0.035211326662832554,-0.12467947278293179,-0.12804228319966904,-0.14921668781244402,-0.12467947278293179,0.29169832466791895,-0.4188121355577257,0.9677193332993468,1.0205675725750627,0.0133690939498308,-0.14014773480201215,0.14014773480201215,0.05652616449328374,425618027.1263032,0.9788882569138919,0.07936507936507936,0.015873015873015872,0.023809523809523808,0.023902878484435945,0.6756587654915174,0.6500808113954066,0.037807992660925493,-0.005510844560633887,0.0011290429167516436,0.8327243977540657,0.8486118897311526,0.01941743374666971,0.07224241468318116,0.0038566209713437605,-0.011242929775001631,0.2976978511305506,0.9482168151371192,0.13962128279406238,0.013272489842039882,-0.02729030713551106,-0.08901114537371257,0.08901114537371257,0.05652616449328374,0.9523809523809523,0.15873015873015872,416632488.6847965,19.847715071471807,0.07936507936507936,0.0,0.031746031746031744,0.022681978538110027,0.002637802207400064,-0.021963389257943278,-0.05407504238776995,-0.015264416970126926,0.5,0.0005530800435242789,-0.12804228319966904,0.08352307250477597,-0.008565051620811892,-0.015264416970126926,0.008381483139912271,0.2822821082721749,0.0135375344908554,-0.03072657186708916,0.03072657186708916,0.05652616449328374,369808371.03898185,0.01986657201478259,0.02190451398463428,0.013606772666133082,-0.006699365349315034,0.024537215029512227,0.11633409670464401,0.2077254825855681,1.0,3.0,1.0,0.0,1.0,0.0,63.0,126.0,0.6315858202654479,0.10384249752975316,0.2908560799528348,0.5882447353221656,0.5882447353221656,0.9787234042553191,0.3187258534742443,0.4208949563009834,1,1,1,1,1,0
recent_month_top_future_return,2025-12-31,SEDG,28.850000381469727,0.9135980153739192,1.1213234979594873,1.1694668188530422,1.2603314031369242,0.7830655029246798,0.6153415115085952,0.41421573141912793,-0.5611701772559532,-0.2898977051904825,0.813725524111832,-1.0339957840721097,0.2578431532961367,0.2978816347144839,-0.6344859913794056,0.4444549284383005,-0.3642573886640952,0.3642573886640952,0.022742089228931173,0.1243180262286454,0.28063659817656755,0.318004672483857,0.7790626585324609,-0.1526058369872667,-0.1299083494492559,-0.3215636635053354,-0.30215344150166423,-0.14695444583682526,0.13052643727031601,-0.14695444583682526,0.41421573141912793,0.09402721271054437,-0.08432266117712328,-0.22027025996027771,-0.05162161749762462,-0.24480747498978994,-0.22027025996027771,0.9319634116210045,-0.22858501437223328,0.5996602689632625,1.0339731146932298,0.041986099626209014,-0.3642573886640952,0.3642573886640952,0.18140869333887788,135292441.24123105,0.9735656573314379,0.5317460317460317,0.1349206349206349,0.15873015873015872,0.08029407420364484,0.1990035339783327,-0.053072719173952065,-0.1692375102922431,-0.15073201727198915,-0.15393412405026297,0.6182943346325028,0.7847568489904256,0.04103729325868333,0.19564869608260274,-0.17782843385533476,-0.1814603395400104,0.9636251114938986,0.5799573126629856,-0.17066720096173116,0.04139815075329878,-0.14034782135631962,-0.3642573886640952,0.3642573886640952,0.013347421049532349,0.5555555555555556,0.12698412698412698,131716074.48899405,18.696159220684468,0.5555555555555556,0.09523809523809523,0.15873015873015872,0.07860902650309148,-0.0829624828930754,-0.14974764058043255,-0.37619007551407885,-0.21023812358241145,0.6666666666666666,0.07484209844486422,-0.21023812358241145,0.318004672483857,-0.20353875823309642,-0.21023812358241145,-0.03990148689406037,0.5588614300765713,0.02706222704161789,-0.11665644469512382,0.11665644469512382,0.013347421049532349,85913263.33656311,-0.025634085359111047,0.060198075437559374,-0.026981449905814303,-0.006699365349315034,0.024537215029512227,0.11633409670464401,0.2077254825855681,1.0,3.0,1.0,0.0,0.0,1.0,63.0,126.0,0.6736820479337169,0.07279030688743249,0.22703643181288236,0.7694973505043632,0.7694973505043632,0.9929078014184397,0.3187258534742443,0.4208949563009834,1,1,1,1,1,0
recent_month_top_future_return,2025-12-31,TER,193.4060516357422,0.3361352755860003,0.5438607581715684,1.038061504513473,1.0827768389710872,1.3510440163472386,1.4669362021153853,1.156374075995883,-0.5164793159948193,-0.3514670300560503,0.532233857041996,-0.12489380507447168,0.19472860436036354,1.040039979291239,-0.7490340240283586,1.9421569675326755,-0.0512229436054783,0.0512229436054783,0.15718791047791525,0.8049070459398326,0.2637893767059985,0.1006237046203271,0.6976472394535967,0.2692442213467183,-0.6038818845388189,-0.44252711080158347,-0.0512229436054783,0.6398947600010636,0.8670586273122597,0.6398947600010636,1.156374075995883,0.1652441481420337,0.1554709259531184,0.4073400519675243,0.32054638071574515,0.3828028369380121,0.4073400519675243,0.5954071145263534,0.6391131008527261,0.6272381648327319,1.0704475061449288,0.023827331927281755,-0.0512229436054783,0.0512229436054783,1.150872800604923,508446726.6445947,1.1127348605858114,0.1984126984126984,0.07936507936507936,0.03968253968253968,0.03677591071713461,-0.36396569175856375,-0.3231579959416552,-0.021570267746842342,0.12635556456019525,0.07500883458079044,1.0053698453329443,0.2968362167201906,0.0014715772942568428,0.11199483945819012,0.06572557580653604,0.1312560293892031,0.637352060885683,0.5859588267823098,-0.529404808829326,0.026836726799758334,0.15606353659668093,-0.0512229436054783,0.0512229436054783,0.46658277967921613,0.2222222222222222,0.8888888888888888,565766397.4881853,20.153691827454555,0.2698412698412698,0.07936507936507936,0.07936507936507936,0.03891856799920468,0.028095809388241744,0.12632919801859566,0.17179678632729686,0.06415958272712885,1.0,0.1411289996433092,0.0014715772942568428,0.32054638071574515,0.07085894807644388,0.06415958272712885,-0.016803151530325966,0.3734620658438621,0.017473493238515606,-0.0512229436054783,0.0512229436054783,0.04508392747555323,547318149.2100307,-0.008188250142663667,0.03286173620219486,-0.01748188857411226,-0.006699365349315034,0.024537215029512227,0.11633409670464401,0.2077254825855681,3.0,11.0,3.0,1.0,1.0,1.0,63.0,126.0,0.8574948497709133,0.2453503372252548,0.6540805056607626,0.5322584297240747,0.6540805056607626,0.983451536643026,0.3187258534742443,0.4208949563009834,1,1,1,1,1,0
recent_month_top_future_return,2025-12-31,TPL,286.89129638671875,-0.42383144075644597,-0.21610595817087785,1.221276790620993,1.2497846381413547,-0.34642224059335025,-0.22265651195491154,-0.1814195994579748,0.10778141238043504,0.07462638132201349,-0.11468027151412641,0.039295836042446575,-0.08354882971922284,-0.2977536961626188,0.10603516398629498,-0.44061119452859965,-0.3946496656805719,0.3946496656805719,-0.017926787468822147,-0.10679321813596132,0.05520444687466288,-0.035790584840522444,0.6833917616126205,-0.055834195811541365,-0.18673218673218672,-0.2480399217226683,-0.025070899358737186,-0.07363818707753977,-0.12061700155715864,-0.1814195994579748,-0.07363818707753977,0.0018886210238422407,-0.021409992155389856,-0.07538443547167983,0.010432355221552614,-0.09992165050119206,-0.07538443547167983,0.41174532492773297,-0.17816037206416285,1.1250727145687145,1.0276421264724653,0.018797522596015907,-0.1963156643424916,0.1963156643424916,0.04992146407405795,129091702.59639195,0.9477488535330829,0.1984126984126984,0.031746031746031744,0.031746031746031744,0.03426623826178396,1.1824175824175822,1.1798117846001355,-0.0010091025757527072,-0.05113672491047605,-0.05297542134766087,1.0494381798303596,0.8504139309163574,-0.08383686771052956,0.04302711730078932,-0.08493076280639866,-0.04980883064875785,0.4231268412738317,1.0948098424406696,-0.044886181468419384,0.018797412743433863,-0.0021387677854793896,-0.15586172044177105,0.15586172044177105,0.04992146407405795,0.49206349206349204,0.15873015873015872,122346513.13636418,18.622367856530563,0.14285714285714285,0.047619047619047616,0.031746031746031744,0.03629624628594565,-0.02296391601395853,0.013499848591214336,-0.0025774698578849104,-0.0011939959787898857,0.3333333333333333,-0.03200821700061165,-0.08383686771052956,0.010432355221552614,0.005505369370525148,-0.0011939959787898857,-0.02515295827170927,0.46324343042742194,0.020605096783996253,-0.06855625562716783,0.06855625562716783,0.04992146407405795,134015957.49075754,-0.026545575242837627,0.039802755273757796,-0.015000328897137205,-0.006699365349315034,0.024537215029512227,0.11633409670464401,0.2077254825855681,1.0,3.0,1.0,0.0,1.0,0.0,63.0,126.0,0.5921024192005044,0.2128682138878022,0.8253952247317105,0.6541456765523643,0.8253952247317105,0.9976359338061466,0.3187258534742443,0.4208949563009834,1,1,1,1,1,0
recent_month_non_top10_control,2026-01-31,AAPL,258.99884033203125,-0.09223466658679191,0.10446433010062006,1.0788687705528606,1.0845128574374565,0.2252580143379117,0.2673702639789117,0.25271636247215223,-0.23268115288677982,-0.1338588980910278,0.3040266860444263,-0.34337428845271467,0.11963891948030181,0.14938525178243767,-0.2920639648804406,1.133422668379708,-0.09332947883138076,0.09332947883138076,0.022158655867685173,0.11885746438112443,0.11677939426527104,0.0968812192629327,0.7759785645939385,-0.01074405661530431,0.07283870525989622,0.030625074437106825,-0.0895343225495604,0.020035209585372415,0.1305363454795497,0.020035209585372415,0.25271636247215223,0.06181508747860254,-0.015041061846663872,-0.039347602408288385,0.03236429041178379,-0.029175799868784935,-0.039347602408288385,0.2229674502923297,-0.2496271109509631,0.8818342944255708,0.7069440707285749,0.009713964948280114,-0.09332947883138076,0.09332947883138076,0.2848419777595046,12858678130.886927,0.9900417297687897,0.07936507936507936,0.007936507936507936,0.0,0.019078851952783853,2.386999149983879,2.232762074851569,-0.043257810521102336,-0.04570944904959107,-0.03285621729189714,1.149502728992237,1.8295817687153817,-0.025067288626873463,0.06582177156697266,-0.06946374790963394,-0.06712610001141472,0.15762551694963073,1.24738905231464,0.982734288202264,0.007138570312792395,-0.07163448720728327,-0.09332947883138076,0.09332947883138076,0.05180394118163578,0.6349206349206349,0.12698412698412698,12730627939.2434,23.267276575890943,0.015873015873015872,0.0,0.0,0.01856983637745308,-0.012123081855237472,-0.05747172448267002,-0.23160356561021528,-0.045537972790174464,0.6666666666666666,0.04001570920276215,-0.045537972790174464,0.11963891948030181,-0.05784453742996398,-0.045537972790174464,0.007104729769909834,0.1966203442084051,0.008751619142136523,-0.045537972790174464,0.045537972790174464,0.05180394118163578,13068390343.107023,0.023933192090709765,0.02255335011950264,0.007392091060575812,0.012306564639789519,-0.01017180253950345,0.10333111068971457,0.19669899668741198,2.0,8.0,2.0,0.0,1.0,1.0,63.0,126.0,0.6484597156398104,0.019065677185734042,-0.0210134497106943,0.04672379959924,0.04672379959924,0.3971631205673759,0.2712027279642427,0.43789808248675516,0,0,0,0,0,0
recent_month_non_top10_control,2026-01-31,ABNB,129.3699951171875,-0.21042167014082946,-0.013722673453417489,0.9976636924851368,1.023084141957226,0.06110561893151156,-0.022442204192904103,-0.022959054911587562,0.0884342407799027,0.014072180836987025,-0.04433201861062863,0.06669644235952155,-0.014198359873246358,-0.12629016560130213,0.045323478660480476,-0.08712644334140174,-0.19855038666407154,0.19855038666407154,0.014509519621919154,-0.008886874074600537,0.04751904385749018,-0.06979239022100159,0.5708578396462058,0.024501846216384404,0.006922104779411686,0.02944133741282573,-0.045822789885956894,0.06547518586831513,0.011209752294042344,-0.022959054911587562,0.06547518586831513,0.04216770568105255,0.03315449640817558,0.022364423748892914,-0.07547023062006297,0.032536226288396364,0.022364423748892914,0.26351419880211746,0.08751457085357846,0.998214453869716,0.9697802246446838,0.01197348981832865,-0.07639045939552236,0.07639045939552236,0.15985291424879366,609736740.0134616,0.97516374238188,0.05555555555555555,0.0,0.015873015873015872,0.023768043734187786,0.6021662629678717,0.5272048316593898,-0.067409110326899,0.07526061305262988,0.0006156310473748317,1.2363840292625194,1.0738528456778778,0.16009918539142132,0.08984945615959328,0.10582098879798285,0.031699432630161395,0.25555085891138135,1.0293202815467288,0.2800598824259686,0.011673556195626404,-0.026850991069956587,-0.07639045939552236,0.07639045939552236,0.15985291424879366,0.19047619047619047,0.746031746031746,594593161.2592546,20.203387968729984,0.06349206349206349,0.0,0.015873015873015872,0.025278377962617643,-0.04037922713043718,-0.037038130745021935,-0.17786988028383086,-0.04678754823461484,0.3333333333333333,-0.0006636063127419822,-0.07547023062006297,0.16009918539142132,-0.05909411287440436,-0.04678754823461484,-0.036375249066244675,0.26304368204417145,0.012070797029413775,-0.07639045939552236,0.07639045939552236,0.0,532761015.44966924,-0.019352231709668266,0.0293759123192228,-0.017393327377700385,0.012306564639789519,-0.01017180253950345,0.10333111068971457,0.19669899668741198,2.0,7.0,2.0,1.0,1.0,0.0,63.0,126.0,0.5015402843601896,0.04436890863267462,-0.023884953656306496,0.0849501886678512,0.0849501886678512,0.5366430260047281,0.2712027279642427,0.43789808248675516,0,0,0,0,0,0
recent_month_non_top10_control,2026-01-31,ADBE,293.25,-0.5263366882707556,-0.32963769158334366,0.9374244918704713,0.965008361767816,-0.2179583140214587,-0.24201303686183884,-0.1801560066022876,0.011481307807106877,0.0022754065584490446,-0.04858957411218001,-0.08969610040871334,-0.0027677324711841145,-0.28348711729200216,0.041870332081394235,-0.6348704282047974,-0.3681454628090718,0.3681454628090718,-0.02346981821726213,-0.17788060004383854,0.006079288908085195,-0.011073765270124603,0.837735225429353,-0.12974448685170514,0.5180421958866983,0.3081187068773281,-0.10590352770801503,-0.1686746987951807,-0.17557043514710227,-0.1801560066022876,-0.1686746987951807,-0.0352657758792525,-0.03376935440571682,-0.13828567452089335,-0.059298853458769285,-0.1281138719813899,-0.13828567452089335,0.2837681495288872,-0.5003418419208803,1.117785014918567,0.9739725593793903,0.013483333699356989,-0.20195393561410424,0.20195393561410424,0.009918396980549637,1464499635.7789054,0.9548806431445648,0.07142857142857142,0.007936507936507936,0.015873015873015872,0.025034339836320935,1.699650316605236,1.2619859922689,-0.15222662261061481,-0.037826148308747864,-0.10594021572521706,0.9682308542716217,1.602165012059005,0.09327456001037171,0.0832306546286754,-0.08396590282954652,-0.10360103887832361,0.2763823908670038,1.147655551641838,0.7794920779948917,0.012759587091333662,-0.16074104847729453,-0.17978910580585128,0.17978910580585128,0.009918396980549637,0.4126984126984127,0.12698412698412698,1398422354.097542,21.05861054893452,0.06349206349206349,0.015873015873015872,0.015873015873015872,0.02470989245575766,-0.09907003784973989,-0.1576603525902711,-0.5111068503057459,-0.16211889430431536,0.16666666666666666,-0.02954174356221236,-0.16211889430431536,0.09327456001037171,-0.17442545894410488,-0.16211889430431536,-0.05801140059968879,0.3171917852545613,0.016508757760159205,-0.16211889430431536,0.16211889430431536,0.009918396980549637,1508802399.072411,-0.01200752473688771,0.029470213059748354,-0.013702220597121673,0.012306564639789519,-0.01017180253950345,0.10333111068971457,0.19669899668741198,2.0,8.0,2.0,0.0,1.0,1.0,63.0,126.0,0.6825829383886256,-0.10516622792119568,-0.17108268770313828,-0.1607842929121378,-0.10516622792119568,0.0591016548463357,0.2712027279642427,0.43789808248675516,0,0,0,0,0,0
recent_month_non_top10_control,2026-01-31,ADP,242.9541015625,-0.36408407617264804,-0.16738507948523607,0.838242201196985,0.84683393836998,-0.16515818551056927,-0.19031854855523722,-0.19319623652644846,0.03958625835407259,0.014461709038918635,-0.15459767843461547,0.10894064969549144,-0.017609055199503842,-0.29652734721616303,0.14753920778732443,-1.0407341166326638,-0.23211210357697643,0.23211210357697643,-0.03188610867217312,-0.17873452748752983,0.020031041981099094,-0.02968436378881467,0.8513569176125814,-0.07686410425919854,0.39515971380537196,0.331460866656492,0.08085799683408479,-0.15360997817237587,-0.17518024739545138,-0.19319623652644846,-0.15360997817237587,-0.11311756117470484,-0.009192871648460388,-0.04565702873912403,-0.019208545010929945,-0.03548522619962058,-0.04565702873912403,0.1856345760543937,-0.2611806700779159,1.0842664982239507,0.9416895321773475,0.008659308279895942,-0.1919691408115406,0.1919691408115406,0.0034557001027324397,545763002.3935591,1.084511015210082,0.007936507936507936,0.0,0.007936507936507936,0.016305081802994333,1.027154462307561,0.9451161905455532,0.04377201588084423,0.004983906975750019,-0.040544146853494945,1.0494678205427317,1.6312685714285715,0.01407271766820628,0.042703228283263714,-0.02696647038843636,-0.009082150549566848,0.17481013708060225,1.1514054910613065,0.6981598984771573,0.008727548302689585,-0.020374105553778388,-0.07245388000523356,0.07245388000523356,0.0034557001027324397,0.5079365079365079,0.015873015873015872,591885987.7899412,20.198824587797642,0.0,0.0,0.0,0.017105855225377116,-0.04379044258951381,-0.02855950151994302,-0.20106420057575472,-0.04046966981915212,0.16666666666666666,-0.034336079554149856,-0.11311756117470484,0.01407271766820628,-0.05277623445894164,-0.04046966981915212,-0.041337985405153765,0.20127735172778513,0.010627262252698267,-0.07217498089543728,0.07217498089543728,0.0034557001027324397,586463623.5236758,-0.030717624680588917,0.019632575306758677,-0.017561456706963963,0.012306564639789519,-0.01017180253950345,0.10333111068971457,0.19669899668741198,2.0,7.0,2.0,1.0,1.0,0.0,63.0,126.0,0.33045023696682463,-0.1315128399019233,-0.17000748638382535,-0.1342227601141548,-0.1315128399019233,0.04491725768321513,0.2712027279642427,0.43789808248675516,0,0,0,0,0,0
recent_month_non_top10_control,2026-01-31,AEP,117.98350524902344,0.06351169614539232,0.2602106928328043,0.9558848571284595,0.9550085023434958,0.133520128490205,0.1730899108026398,0.07583356691023369,-0.002727133136312121,0.011578510823987198,0.07169429900528579,-0.06783194020689565,-0.010647767356155025,-0.027497543779480882,-0.07197120811184354,0.4501316159637382,-0.03223718287975441,0.03223718287975441,0.012129932109477437,0.08741207773422088,0.007595509826680593,0.013331057861603712,0.5976969420958209,0.03221907399460222,-0.1942501770538244,-0.1911380821358668,-0.01708683011376455,0.07310643377392156,0.07878402613945872,0.07310643377392156,0.08741207773422088,0.0689776585092956,-0.006241343215263262,0.003862358798390142,0.03730205484187277,0.014034161337893591,0.003862358798390142,0.16846976355542798,0.025579307483774683,0.896906994991743,0.8962762053178159,0.007508520525105455,-0.03223718287975441,0.03223718287975441,0.13420217523895905,384180353.81170607,1.0398986098692167,0.007936507936507936,0.007936507936507936,0.0,0.014894442038279582,1.3051158667848548,1.3944739261188568,0.03611540985691197,-0.009575391839832359,0.018982759094478885,1.106255263373444,1.1644712643065425,-0.06835259273666638,0.048094041788572406,-0.03223718287975441,0.015050650507629326,0.15099544039024868,1.000703789378971,0.5555444783091692,0.00726928322248671,0.030967317040319742,-0.03223718287975441,0.03223718287975441,0.05347402875423324,0.6666666666666666,0.25396825396825395,399508615.8678569,19.805745892069048,0.0,0.0,0.0,0.015061395030084612,0.026014385400900286,0.030576772420004783,0.2565497470045744,0.03876510531274824,0.6666666666666666,0.013229252738783151,-0.06835259273666638,0.0689776585092956,0.02645854067295872,0.03876510531274824,0.019538717086048152,0.15110170937746836,0.007865196724167587,-0.0015004933310079904,0.0015004933310079904,0.05347402875423324,366934577.37048924,0.008648182144308514,0.01728763127059659,0.005608147185287127,0.012306564639789519,-0.01017180253950345,0.10333111068971457,0.19669899668741198,2.0,7.0,2.0,1.0,1.0,0.0,63.0,126.0,0.3287914691943128,0.12604849326197942,0.10299234354353692,0.1537327116706093,0.1537327116706093,0.7777777777777778,0.2712027279642427,0.43789808248675516,0,0,0,0,0,0
recent_month_non_top10_control,2026-01-31,AKAM,97.1500015258789,-0.22422652379448227,-0.027527527107070293,1.0952586331076528,1.0971086882482257,0.20563414393518054,0.21802907376991087,0.2730966404668458,0.009242308668679255,-0.04537005259965654,-0.015856363821052044,0.3094649323932084,0.03695452476798877,0.16976552977713122,0.02051192810531055,0.7362629316245315,-0.05917102928480167,0.05917102928480167,0.042917883711582894,0.22772658786718925,0.029230041469140298,-0.042588085860725045,0.8698039029560898,0.1645134690327419,0.8372021427252017,1.3766204340284465,-0.007403369788545944,0.28233894913552504,0.26105405915652,0.22772658786718925,0.28233894913552504,-0.008711769317569007,0.06794365807995928,0.29360856857215634,0.19201063198309298,0.3037803711116598,0.29360856857215634,0.3709227080932489,0.6655116255215889,1.2209557850140293,1.1894047196180864,0.016287750935446363,-0.05917102928480167,0.05917102928480167,0.37742809027803315,221604210.1994893,1.3559595704294418,0.12698412698412698,0.007936507936507936,0.007936507936507936,0.026526123789388147,1.5651650618982118,1.8562268157884532,-0.0210275046525219,0.04138451303709445,0.08351124563801182,1.551416493176963,1.802591701320016,-0.025357425471286832,0.09150782898002881,0.0852324080533069,0.06159327419122573,0.441177219619632,1.0265267699678153,0.6281489295912985,0.0192168918652098,0.09443547730209279,-0.05917102928480167,0.05917102928480167,0.34986799886189823,0.047619047619047616,0.9365079365079365,300486349.66745526,19.520912888836225,0.19047619047619047,0.015873015873015872,0.0,0.02945707960574477,0.06414831268163113,0.13065872397083966,0.2505454193515042,0.11346706619918523,0.5,0.044295823716781015,-0.042588085860725045,0.19201063198309298,0.10116050155939571,0.11346706619918523,0.048281384118892046,0.45288022623952234,0.02565418777897683,-0.05917102928480167,0.05917102928480167,0.141598158258748,319519439.5521618,0.002124951324677049,0.03849716356045061,-0.029509303358485228,0.012306564639789519,-0.01017180253950345,0.10333111068971457,0.19669899668741198,2.0,7.0,2.0,1.0,1.0,0.0,63.0,126.0,0.60260663507109,0.012763745180582653,0.1821924515721931,0.060010311265941585,0.1821924515721931,0.817966903073286,0.2712027279642427,0.43789808248675516,0,0,0,0,0,0
recent_month_non_top10_control,2026-01-31,ALGN,163.02999877929688,-0.4526435070924075,-0.25594451040499555,1.436315192282517,1.4327461003260766,-0.05926142003236834,-0.1389109110938802,0.26370053267972415,0.03824801539569678,-0.11527850486242408,0.06875444348233462,0.11365049563744534,0.10037991441310434,0.1603694219900096,-0.0812955935599442,0.7872262842142214,-0.27657970208663407,0.27657970208663407,0.0386691900355951,0.14842202781730007,0.07991916414685589,-0.11792057411567336,0.3604048014111245,0.11638003469135505,-0.28022413058042517,-0.1489334569390609,0.021672676319156148,0.30194854807542093,0.23802370285748173,0.14842202781730007,0.30194854807542093,0.10110208863355497,0.08680488802778852,0.18240493911977995,0.06752246322087485,0.1925767416592834,0.18240493911977995,0.3349742481514572,0.5736468804266602,0.8395254485905965,0.9492498489128386,0.015752714146681973,-0.05648472067866683,0.05648472067866683,0.30549329248031154,193197182.20667765,0.981103095130537,0.15079365079365079,0.023809523809523808,0.0,0.02996877644084816,1.3807413376309428,1.485637352154471,-0.00038849151734221543,0.07452220120740205,0.02378126803964009,1.0162362943913206,1.0958658527161733,0.06087364159563036,0.08183523194417057,0.10761597985703042,0.051568736614085564,0.31797425444746247,0.8844093570855895,0.4705101617586065,0.014402666734576039,0.05064651329525938,-0.05648472067866683,0.05648472067866683,0.23246144756400366,0.2222222222222222,0.7777777777777778,189546353.43346974,19.060144166998167,0.1111111111111111,0.015873015873015872,0.0,0.029178202642067722,-0.008411741696128794,0.04792445457394878,0.15667564395534783,0.04406023151927507,0.8333333333333334,0.04266962754446104,-0.11792057411567336,0.10110208863355497,0.031753666879485554,0.04406023151927507,-0.026192395444744387,0.2812194059456499,0.012571113851409552,-0.05648472067866683,0.05648472067866683,0.044863167690601946,143257479.08477783,-0.024590158771107484,0.027295571254137133,-0.01404275199934324,0.012306564639789519,-0.01017180253950345,0.10333111068971457,0.19669899668741198,2.0,7.0,2.0,1.0,1.0,0.0,63.0,126.0,0.5860189573459715,0.16604310572844305,0.05152422228657394,0.07961722274874594,0.16604310572844305,0.7919621749408984,0.2712027279642427,0.43789808248675516,0,0,0,0,0,0
recent_month_non_top10_control,2026-01-31,AMAT,321.518798828125,0.6083826832342751,0.8050816799216871,1.1003477320510986,1.1316193617281076,1.1551214913143344,0.7691449547261806,0.7987193111566142,-0.22134421922877667,0.2101871253068237,0.2982787878622326,0.08718581956497129,-0.10462763297072508,0.6953882004668996,-0.4132547037294103,1.7428516784078474,-0.05572155659480238,0.05572155659480238,0.137744719266371,1.008906436463438,0.215789709496478,0.27357560465100983,0.6545861683244723,0.31417169362874,0.5023267917827512,1.0814205988046601,-0.04448075771084037,0.5773750919278375,0.7950002798492966,0.5773750919278375,1.008906436463438,0.13851706024956467,0.1351414090546177,0.3854646074272039,0.08427483110441614,0.39563640996670735,0.3854646074272039,0.45828300884804535,0.8634288215600368,1.1611624435592318,0.9741463574393513,0.02143831538288603,-0.05572155659480238,0.05572155659480238,1.0668913354215048,1792386786.015235,1.111443283696533,0.24603174603174602,0.05555555555555555,0.031746031746031744,0.030820903191883228,2.243472800581664,3.0680031689760643,0.010278732718731809,0.15558766190377327,0.16219617191788882,1.4296215279809932,1.410588649577072,0.01879085264582403,0.1438120477324358,0.2777799204432361,0.18406097414703626,0.4464347237456694,1.1919794543106155,0.8686167984666353,0.022750472374327556,0.2642449861669529,-0.05572155659480238,0.05572155659480238,0.4635607948452458,0.015873015873015872,0.746031746031746,1992136255.1030476,21.412473395427686,0.31746031746031744,0.06349206349206349,0.031746031746031744,0.03445103457205701,0.09861341045791128,0.2654430184979062,0.477715859045496,0.2542122037362342,0.8333333333333334,0.1107904865693873,-0.10462763297072508,0.27357560465100983,0.2419056390964447,0.2542122037362342,0.03614381724507432,0.5321410183956734,0.028860026606287243,-0.05572155659480238,0.05572155659480238,0.2542122037362342,2365934576.51062,-0.012569607307882036,0.04120794430763962,-0.024797612372488564,0.012306564639789519,-0.01017180253950345,0.10333111068971457,0.19669899668741198,2.0,7.0,2.0,0.0,1.0,1.0,63.0,126.0,0.9212085308056872,0.15650387906519736,0.06172837279726284,0.22543435886649466,0.22543435886649466,0.8581560283687943,0.2712027279642427,0.43789808248675516,0,0,0,0,0,0
recent_month_non_top10_control,2026-01-31,AMZN,239.3000030517578,-0.1898830659153743,0.006815930772037682,1.0386946908754797,1.0565305011076724,0.297581636632148,0.090751646462919,0.022169076194418436,0.06768834999952245,0.02280910307089945,0.04318483013965069,-0.06333059274858244,-0.021827348669553825,-0.08116203449529613,-0.042314838803350185,0.06940478507454029,-0.05787400373323692,0.05787400373323692,0.009846289223574,0.044978179265317886,0.03443862829594379,-0.04117900731782209,0.5086886792229344,0.03778123517842902,-0.7199424314419554,-0.7255844047349603,-0.05787400373323692,0.08985742619394088,0.052334893884559065,0.022169076194418436,0.08985742619394088,0.11226484981660545,0.005999564415207992,-0.02014576260893175,-0.04504135592915348,-0.0099739600694283,-0.02014576260893175,0.31941711469330236,-0.06050988523130138,0.8812104521404213,1.0423155105421908,0.014029179840023468,-0.05787400373323692,0.05787400373323692,0.13064025491442588,10141290978.616503,1.0289404777358926,0.10317460317460317,0.007936507936507936,0.007936507936507936,0.02125326890279179,0.9104975865024587,0.9806865253159731,0.0333858099509412,0.03370136166284965,0.029084443585625452,0.9942063052055581,0.8413973137658513,-0.010290686407351424,0.060171688563105626,0.02606981304875733,0.04425371059023808,0.332933412977463,0.845435420683737,0.5313770394801722,0.014442117836738417,0.04110994560318848,-0.05787400373323692,0.05787400373323692,0.10205399154645933,0.9523809523809523,0.746031746031746,10434784784.396362,23.068410752959714,0.09523809523809523,0.015873015873015872,0.0,0.022047301777957065,0.014275316008602879,0.03916873464124948,0.1305221926403524,0.036738564502459825,0.3333333333333333,0.005110835999197409,-0.04504135592915348,0.11226484981660545,0.024431999862670306,0.036738564502459825,0.000901376795479969,0.2814737000602738,0.013819190721373498,-0.032662307670671686,0.032662307670671686,0.05651215475389759,9839316312.263706,0.004588468776047572,0.023428453373587385,-0.008814196374856254,0.012306564639789519,-0.01017180253950345,0.10333111068971457,0.19669899668741198,2.0,8.0,2.0,0.0,1.0,1.0,63.0,126.0,0.7672985781990521,-0.12244046250772744,-0.12966986370069322,0.1076472803105828,0.1076472803105828,0.6501182033096927,0.2712027279642427,0.43789808248675516,0,0,0,0,0,0
recent_month_non_top10_control,2026-01-31,ANET,141.74000549316406,0.03336263104780346,0.23006162773521543,0.9105674641437492,0.9115751258588474,0.7228638784089425,0.3853974086157945,0.15030030911369008,-0.1775462156251013,-0.11229223642665365,0.2797435552606662,-0.38089135601720947,0.10818050396849865,0.04696919842397551,-0.25144810987023336,0.28964128370420267,-0.1252236835091881,0.1252236835091881,-0.004191597632633326,0.03800807268703643,0.0898056112256967,0.06708168039100948,0.4907325038053673,0.02652797697159892,0.024914241540914484,-0.07875357995500964,-0.07861751436471853,-0.027245906511411233,0.05368749176310509,-0.027245906511411233,0.15030030911369008,0.08221807134402481,-0.03606747455722126,-0.10114780075654328,-0.17128549272273152,-0.09097599821703983,-0.10114780075654328,0.5189188060193273,-0.21220864473542733,1.0843080478366207,0.9185313053220784,0.0226636723944906,-0.1252236835091881,0.1252236835091881,0.20701698990727846,1148746895.6942058,0.9035091242572707,0.23015873015873015,0.05555555555555555,0.031746031746031744,0.0376421317462688,0.6652710906426627,0.8013854516847683,0.0859199408161786,0.038881262077037126,0.08811811092026023,1.166780950650821,1.1204751396779191,0.00267834498876951,0.10405606184550206,0.08463432382356229,0.036661390243739156,0.4766431682491071,1.1804802313802616,0.35590812891496104,0.022386775254693562,0.07283786775677648,-0.10540265520645975,0.10540265520645975,0.20701698990727846,0.9841269841269841,0.7301587301587301,1037903301.7219301,20.760468460050053,0.25396825396825395,0.06349206349206349,0.031746031746031744,0.038998090304981574,0.06857725976522322,0.10587112006214938,0.14526698229324428,0.08173705879297777,0.8333333333333334,0.028435027793758116,-0.17128549272273152,0.10818050396849865,0.06943049415318825,0.08173705879297777,0.0581837217148824,0.5626678375405268,0.027912905799512323,-0.05601058105349166,0.05601058105349166,0.15338926029080469,1085266100.1116436,0.019829662886640342,0.04917453626888896,-0.029776123722761727,0.012306564639789519,-0.01017180253950345,0.10333111068971457,0.19669899668741198,2.0,7.0,2.0,0.0,1.0,1.0,63.0,126.0,0.896090047393365,-0.05813464917328137,-0.13376609269837803,0.21849865966173376,0.21849865966173376,0.8486997635933806,0.2712027279642427,0.43789808248675516,0,0,0,0,0,0
recent_month_top_future_return,2026-01-31,ARM,105.36000061035156,-0.5363417507137286,-0.3396427540263166,0.9845701752749747,0.9497855701339909,-0.07619467083628717,-0.3485841657473877,-0.2547480062928271,-0.0006057535496521993,0.01651506919597534,0.20120252749226353,-0.5807809277616779,-0.021679946535145933,-0.3580791169825417,-0.12483039397658724,-0.5614758129438251,-0.41014442117060934,0.41014442117060934,-0.038499748001975975,-0.23823293709685178,0.00971456826453589,0.02299188772108196,0.6000225789699474,-0.24086257158007418,0.33643774970305573,-0.17084515338888617,-0.3303118677784952,-0.2553537598424793,-0.24944490107738607,-0.2553537598424793,-0.23823293709685178,0.20022616956095485,-0.14598005603252995,-0.37957840026941436,-0.20174307082802156,-0.3694065977299109,-0.37957840026941436,0.4537114518917208,-0.9934564197464882,0.9571769301447262,0.8421179593549502,0.021147187115135434,-0.41014442117060934,0.41014442117060934,0.0035241713888036763,672425787.1492113,0.9100482179441879,0.2222222222222222,0.031746031746031744,0.023809523809523808,0.03839474697310144,0.4326600300960759,0.3808898089530861,0.00845205238579605,-0.12962078257103538,-0.12941304232695883,0.8642043972889761,1.4974516673808382,-0.19364119557949844,0.1495171282656309,-0.22277956249732667,-0.10876181488981251,0.38207856200302753,1.1366304678716381,0.4903666686736108,0.019172230254984067,-0.014332174771677031,-0.37957840026941436,0.37957840026941436,0.0035241713888036763,0.9682539682539683,0.1746031746031746,611939889.2948575,20.232144617180396,0.2222222222222222,0.015873015873015872,0.031746031746031744,0.03844291845920472,-0.056880189883672716,-0.003332069806328608,-0.08320796708541343,-0.03613573356933686,0.3333333333333333,-0.038330314871661,-0.20174307082802156,0.20022616956095485,-0.04844229820912638,-0.03613573356933686,-0.05570243360454852,0.4342821346932239,0.02056480564804552,-0.11610735480052148,0.11610735480052148,0.0035241713888036763,721771027.4810064,-0.05549079936391843,0.051686732171405764,-0.047997682393556285,0.012306564639789519,-0.01017180253950345,0.10333111068971457,0.19669899668741198,2.0,8.0,2.0,1.0,0.0,1.0,63.0,126.0,0.8273696682464454,0.20966207488537458,0.43583900819030275,0.9962035507387319,0.9962035507387319,0.9929078014184397,0.2712027279642427,0.43789808248675516,1,1,1,1,1,0
recent_month_top_future_return,2026-01-31,CIEN,251.80999755859372,1.69301869119803,1.889717687885442,1.1207933349731585,1.1422308922715148,2.749404166585253,2.0961513818931663,1.712300813133735,-0.9836675961102181,-0.032615868071545595,1.0456700308101325,-0.71979597864953,0.012171530885243254,1.6089697024440204,-1.3864267609731324,2.665728792584561,-0.02877306194773188,0.02877306194773188,0.18595879305349028,1.6796849450621893,0.558743400243299,0.5501755483307564,0.8433940689921445,0.29589687747207316,0.5128599384959462,1.00586173700506,-0.02877306194773188,0.7286332170235168,1.3735396584064805,0.7286332170235168,1.712300813133735,0.3037687962944826,0.10848577598600251,0.3258740521606025,0.07524225296279785,0.33604585470010595,0.3258740521606025,0.6423387172382121,0.47797653287516756,1.2042838918938923,1.0614000560791623,0.02765116275067484,-0.02877306194773188,0.02877306194773188,1.9063942674574794,480337215.7719688,1.314175780487709,0.3412698412698413,0.1111111111111111,0.03968253968253968,0.0476101489801903,1.7746539053153305,1.987495650193599,0.006297285748938175,0.12846983163717862,0.12431239761167023,1.4027540008210948,1.6041335584009222,0.14524258081475394,0.20110172579682664,0.2330933317651871,0.0944460531024447,0.6817783504984555,1.1346182666906448,0.715062945681838,0.0308849254013485,0.055400130553671545,-0.02877306194773188,0.02877306194773188,0.4270898379922148,0.25396825396825395,0.746031746031746,631247535.4344201,20.263208635868082,0.36507936507936506,0.14285714285714285,0.07936507936507936,0.05748813486786606,0.05768449772285589,0.03566158943463571,0.09916422309257868,0.07670929497568446,1.0,0.19388500071061976,0.012171530885243254,0.5501755483307564,0.06440273033589494,0.07670929497568446,0.043313608964679506,0.7735581703097645,0.0349153935612211,-0.02877306194773188,0.02877306194773188,0.11811194019687687,579069114.9843489,0.041363391438284935,0.060632441567287074,0.01340964099430031,0.012306564639789519,-0.01017180253950345,0.10333111068971457,0.19669899668741198,1.0,3.0,1.0,0.0,1.0,0.0,63.0,126.0,0.8841232227488153,0.38477429644504957,0.5417577330145154,1.0951511941740164,1.0951511941740164,1.0,0.2712027279642427,0.43789808248675516,1,1,1,1,1,1
recent_month_top_future_return,2026-01-31,DELL,114.08699798583984,-0.07155918762004188,0.1251398090673701,0.9153261558461346,0.9091517235057481,0.2622243497125989,-0.05528782187953207,-0.13067911690885314,-0.05567771163062207,0.07501150378020738,0.22531634766903275,-0.5158498619366829,-0.07943336988443894,-0.2340102275985677,-0.15985439735879703,-0.29300962609051495,-0.30288295280244704,0.30288295280244704,-0.018416802865043214,-0.055667613128645765,0.06558252345517179,0.16062227275408292,0.6231932794847087,-0.1461372923681945,1.631569915669739,0.867010660029186,-0.2731268590088761,-0.18635682853947522,-0.12423451952565805,-0.18635682853947522,-0.055667613128645765,0.14683806469115734,-0.09336517409718237,-0.2905335142676502,-0.1769025787125481,-0.2803617117281467,-0.2905335142676502,0.44598915964789654,-0.6796863466572788,0.8670255148083813,0.9584365971311193,0.021159297829339518,-0.30288295280244704,0.30288295280244704,0.03034121690500835,907932926.268187,0.949207956572561,0.2222222222222222,0.031746031746031744,0.03968253968253968,0.0354460736775848,2.669104829613426,2.350248906350064,-0.053997840703320255,-0.06505807291603583,-0.08486885795323262,0.8041683273675,1.1172281006071119,-0.05601805098267065,0.137295898314557,-0.13805283872395757,-0.10128739045010127,0.42745233253029746,0.9046247998079809,0.670943807398952,0.020583576316167834,-0.09027322527399406,-0.2905335142676502,0.2905335142676502,0.03034121690500835,0.9682539682539683,0.12698412698412698,861817157.6479715,20.574553693191447,0.2222222222222222,0.015873015873015872,0.047619047619047616,0.037126654889916934,-0.0544040648049422,-0.0893492701460128,-0.22473886757393463,-0.0869029199410899,0.3333333333333333,-0.015299430345917889,-0.1769025787125481,0.16062227275408292,-0.09920948458087941,-0.0869029199410899,-0.032587886054960324,0.38668398074267485,0.01815779086879943,-0.10062085479568772,0.10062085479568772,0.03034121690500835,854375135.6870378,-0.011552328243495169,0.038804678228013444,-0.014875010118973853,0.012306564639789519,-0.01017180253950345,0.10333111068971457,0.19669899668741198,3.0,11.0,3.0,1.0,1.0,1.0,63.0,126.0,0.8577014218009479,0.29395314616650126,0.4342014112845385,0.8314970210205415,0.8314970210205415,0.9905437352245863,0.2712027279642427,0.43789808248675516,1,1,1,1,1,0
recent_month_top_future_return,2026-01-31,FIX,1141.059814453125,1.4275588956158358,1.6242578923032478,1.5179335665758107,1.5390158063593815,1.8794634853491035,1.1327816924465917,0.6260756969529917,-0.2411601899431952,-0.0013427940573187414,0.37390612451978034,-0.1903640557184263,0.000826470649376132,0.5227445862632771,-0.44253362815163766,1.2647932374744488,-0.02506273558437444,0.02506273558437444,0.09379787003323115,0.624732902895673,0.1388478926012212,0.17316391842825962,0.534074555956394,0.22328112385150445,-0.004149377593360981,0.17863110586026965,0.019522877980119313,0.3849155070097965,0.5452413689528204,0.3849155070097965,0.6260756969529917,0.17014472363655453,0.06527160268002064,0.18354206880135404,0.012389093126005335,0.1937138713408575,0.18354206880135404,0.49500240703622483,0.378656896766509,0.9254890662087583,0.9792248822332325,0.02124760400912973,-0.02506273558437444,0.02506273558437444,0.6784720663519535,430139444.2158048,1.289515325887265,0.2222222222222222,0.03968253968253968,0.03968253968253968,0.040360193005419466,0.6182572614107884,0.9803186538630411,0.06433949239467174,0.08848911592148623,0.1323517859405383,1.1328110202096004,1.117545221180825,-0.04468031261648686,0.11254818060225005,0.1690584942463882,0.12831339381001783,0.4847186737352139,0.9451241313415937,0.3819577735124762,0.02249397570805624,0.20949840881011927,-0.02506273558437444,0.02506273558437444,0.3034843554676918,0.015873015873015872,0.746031746031746,554671405.5849105,20.133886436166485,0.25396825396825395,0.047619047619047616,0.07936507936507936,0.04503290420871886,0.09880804519325093,0.20599721306062402,0.48837795250001753,0.22373537328459725,0.8333333333333334,0.08926321108471767,-0.04468031261648686,0.22373537328459725,0.21142880864480773,0.22373537328459725,0.049244477008317133,0.4581193154590434,0.022965633571809776,-0.02506273558437444,0.02506273558437444,0.22373537328459725,423964283.80272275,-0.0004734607388046097,0.04227988590772565,-0.010404598967363565,0.012306564639789519,-0.01017180253950345,0.10333111068971457,0.19669899668741198,1.0,3.0,1.0,0.0,1.0,0.0,63.0,126.0,0.8228672985781991,0.251527938514877,0.20804344491109017,0.6121233536616286,0.6121233536616286,0.9810874704491725,0.2712027279642427,0.43789808248675516,1,1,1,1,1,0
recent_month_top_future_return,2026-01-31,GLW,102.89994049072266,0.823506047975693,1.020205044663105,1.0592507010553445,1.097340449841321,1.3571670689420592,0.9780334222550999,0.6449204868158365,-0.3819408916232736,-0.09931077647338626,0.4143472234155736,-0.25132271318007393,0.06425346308893376,0.5415893761261219,-0.4818959765803368,1.6197872387700314,-0.059139837077936463,0.059139837077936463,0.06958812054410046,0.5456097103424502,0.19816712517778468,0.22378042861951042,0.8190597022335244,0.19729497765797732,0.7725767131273518,1.0615501636397902,-0.04573849441692901,0.26297959519256286,0.48450326411694983,0.26297959519256286,0.6449204868158365,0.08594409152806537,0.03398044640697906,0.1630245102354997,-0.05155773425082055,0.17319631277500314,0.1630245102354997,0.3981513567828514,0.3321915802599599,1.606279005449518,1.2325827444633832,0.017438596120716444,-0.059139837077936463,0.059139837077936463,0.676467095048914,592583876.042693,1.0202896557831906,0.15079365079365079,0.007936507936507936,0.015873015873015872,0.030546553744410565,3.012807438512297,3.7318679679816817,0.028491696611503192,0.06648855417784993,0.15731396681981202,1.6008771513880806,2.07963377479326,0.03990500820767995,0.09907508068169109,0.22624702866528268,0.05989444718336934,0.4907544920552267,1.3031814802411719,1.1624820853223565,0.019973578623367492,0.11552512121164682,-0.059139837077936463,0.059139837077936463,0.32320897160202033,0.047619047619047616,0.746031746031746,604607198.9102682,20.220089548790277,0.20634920634920634,0.015873015873015872,0.031746031746031744,0.036698168275179036,0.12462145871385255,0.15408907401333227,0.28018697811874194,0.17919138670057078,0.8333333333333334,0.09025277398232329,-0.05155773425082055,0.22378042861951042,0.16688482206078126,0.17919138670057078,0.1032691703689339,0.6395421653915347,0.02425190902470477,-0.059139837077936463,0.059139837077936463,0.21142772917474484,734920479.6185812,0.05025987569941326,0.04940852856424045,0.0019991245425838855,0.012306564639789519,-0.01017180253950345,0.10333111068971457,0.19669899668741198,1.0,3.0,1.0,0.0,1.0,0.0,63.0,126.0,0.728909952606635,0.4591834200185789,0.3193587063861034,0.5936712615815425,0.5936712615815425,0.9787234042553191,0.2712027279642427,0.43789808248675516,1,1,1,1,1,0
recent_month_top_future_return,2026-01-31,INTC,46.470001220703125,1.1949634063401577,1.3916624030275697,1.2184288801312955,1.2940909704391228,1.3119403153615865,1.0745536612536846,1.346969849055506,-0.9618729108305215,-0.43855093765102615,1.0196971322915869,-0.8576566404121984,0.22979804645106938,1.2436387383657914,-1.1849293571761175,1.8856308757038982,-0.14451396388481696,0.14451396388481696,0.1360553623259939,0.9084189114044798,0.4815586342140583,0.37782335570688486,0.9975238238876679,0.22535192045289465,0.4280862517614954,0.6594940504431202,-0.10743240486493588,0.3850969382249845,0.8801618995616568,0.3850969382249845,1.346969849055506,0.19195238711935314,0.07897243740758841,0.16204049187938852,0.014253555161292786,0.17221229441889196,0.16204049187938852,0.7143337895083457,0.21578943890283483,1.4858711140818555,1.0512165106501916,0.031042597240347414,-0.14451396388481696,0.14451396388481696,1.4065252462934366,4031552166.310336,1.0319562051721645,0.38095238095238093,0.1349206349206349,0.047619047619047616,0.04666624653839226,1.2303885321020793,1.8088388488747404,0.012250137092734148,0.1313474818982281,0.13314381187453317,1.666789230995297,1.2978759327910463,-0.09023667957324677,0.1714542431471967,0.14571005047608,0.18790773359021196,0.7509194736464917,1.413477717509235,0.3146531688200658,0.03268453953693755,0.3118023803953278,-0.14451396388481696,0.14451396388481696,0.3822130486932165,0.09523809523809523,0.746031746031746,4160385274.4992332,22.148873521233842,0.3968253968253968,0.12698412698412698,0.07936507936507936,0.04784850454116909,0.08823095756041743,0.2607696292214039,0.24434485916024606,0.2593495745010346,0.8333333333333334,0.16382337322773133,-0.09023667957324677,0.37782335570688486,0.24704300986124506,0.2593495745010346,0.01467314904764594,1.0614079436430792,0.04990432804657234,-0.14451396388481696,0.14451396388481696,0.2593495745010346,6628480415.726454,-0.030845251036857424,0.07642409614580138,0.008770044095005147,0.012306564639789519,-0.01017180253950345,0.10333111068971457,0.19669899668741198,1.0,3.0,1.0,0.0,1.0,0.0,63.0,126.0,0.9761848341232227,-0.018506576022391363,-0.05035506974648807,1.033139678826633,1.033139678826633,0.9952718676122931,0.2712027279642427,0.43789808248675516,1,1,1,1,1,1
recent_month_top_future_return,2026-01-31,KEYS,216.3300018310547,0.016253032624519825,0.2129520293119318,1.230300927991743,1.2327594186470752,0.4878267600552171,0.32021238267582697,0.3198096333217464,-0.08307281594473159,0.0038764189698823337,0.11622233314708641,0.06616722682584886,-0.0029285032981735126,0.21647852263203182,-0.13742007334881112,1.0526163838999956,-0.02334084952119775,0.02334084952119775,0.05580362109680759,0.3236860522916287,0.04911939336157365,0.07030536626137152,0.7047720215721524,0.14374869773911225,-0.5194438680224113,-0.43179544656872315,-0.02334084952119775,0.2367368173770148,0.29341083433013,0.2367368173770148,0.3236860522916287,0.04596391852895221,0.08030795340232877,0.18238955997293527,0.0819304202246669,0.19256136251243872,0.18238955997293527,0.30382353743805124,0.549058240942837,0.762863382889035,1.0933523563637075,0.013639741046481895,-0.02334084952119775,0.02334084952119775,0.364771997526788,206720787.78283256,1.160449684175675,0.09523809523809523,0.007936507936507936,0.007936507936507936,0.023262095632908653,0.9301550258376396,1.0549753199303429,0.027793908018039937,0.05625775367396124,0.055357876258388394,1.1281789820038852,1.0823687039431662,0.0264713593025927,0.031583421128251236,0.09285175633328402,0.03160469920228204,0.33218618057665045,0.6977287591222475,0.3424927536231883,0.0147577821442602,0.060875419571977396,-0.02334084952119775,0.02334084952119775,0.2750044448969031,0.031746031746031744,0.746031746031746,239889072.8951348,19.295687182358968,0.09523809523809523,0.015873015873015872,0.0,0.02582187088248211,0.03065491720665081,0.059933182250353045,0.27901324757589757,0.06466853305657905,0.8333333333333334,0.04773518234599814,-0.0029285032981735126,0.0819304202246669,0.05236196841678953,0.06466853305657905,0.015643342732023724,0.23177585157130515,0.011867181783862172,-0.02334084952119775,0.02334084952119775,0.06466853305657905,214854222.4674043,0.0002820564229542022,0.025114749758572023,-0.008733663291115135,0.012306564639789519,-0.01017180253950345,0.10333111068971457,0.19669899668741198,1.0,3.0,1.0,0.0,1.0,0.0,63.0,126.0,0.5169431279620853,0.42065355693140694,0.30527431575444397,0.6174825530458576,0.6174825530458576,0.983451536643026,0.2712027279642427,0.43789808248675516,1,1,1,1,1,0
recent_month_top_future_return,2026-01-31,LYB,48.41220474243164,-0.4856505509239959,-0.2889515542365839,0.9551449222231502,0.9594558454813047,-0.0912954252258753,-0.10796992267694883,-0.10904780278056958,0.13697807538889462,0.003629946042776222,-0.17956272400225892,0.2655106974606022,-0.004057700089495575,-0.21237891347028415,0.19499577623891284,-0.2644152169986258,-0.3120352120005725,0.3120352120005725,-0.014748375834198524,-0.10541785673779336,0.07805755701791285,-0.12972487813570632,1.370461122166092,0.05704135500955565,1.115551388726122,1.2973787433341162,0.1335969002475652,0.027930272608325035,-0.06217846230334597,-0.10904780278056958,0.027930272608325035,-0.05342585673349831,0.046381955836454436,0.08594797345834326,0.055364143435158386,0.09611977599784671,0.08594797345834326,0.41241122208611886,0.20083002673147807,1.1284273639679099,1.0377112395739243,0.01938895312648807,-0.12178214649534447,0.12178214649534447,0.18946919327248612,250781368.05452922,1.0573918522762116,0.21428571428571427,0.06349206349206349,0.023809523809523808,0.03468322523995746,5.190247582470338,6.005130437292861,0.04184856025023187,0.07212121861343723,0.06405107790339493,1.2290519087156384,2.641717438281391,-0.09071824413895435,0.09689739684893692,0.02897940982117886,0.12125782139905295,0.4279637604851834,1.087419429350339,1.2323349739074518,0.02028398765163199,0.1675879775629907,-0.0576923005528599,0.0576923005528599,0.18946919327248612,0.1746031746031746,0.9047619047619048,265174175.283541,19.395897437038325,0.2222222222222222,0.09523809523809523,0.015873015873015872,0.03639129070580613,0.03908224302960228,0.16133967652226056,0.28286751662494974,0.13163978402578347,0.3333333333333333,-0.015153791939452118,-0.12972487813570632,0.13163978402578347,0.11933321938599395,0.13163978402578347,-0.0020569621316964826,0.4653761082094233,0.021610201150680828,-0.0576923005528599,0.0576923005528599,0.13163978402578347,306681855.5145627,-0.029376213650763594,0.041618075205583124,-0.022775312264129655,0.012306564639789519,-0.01017180253950345,0.10333111068971457,0.19669899668741198,1.0,3.0,1.0,0.0,1.0,0.0,63.0,126.0,0.70521327014218,0.17387750297081328,0.6640431475327062,0.540933714360188,0.6640431475327062,0.9881796690307328,0.2712027279642427,0.43789808248675516,1,1,1,1,1,0
recent_month_top_future_return,2026-01-31,MRVL,78.8805160522461,-0.4950896424452381,-0.29839064575782615,1.1423155228053827,1.198437490964116,0.35504150729396144,0.021883308525127543,-0.01668436611164026,-0.04327667042522121,0.27370808481918396,0.16712784135058278,-0.32461890698184925,-0.21774297552683197,-0.12001547680135483,-0.1408066995196262,-0.030102489425341043,-0.3359305772757951,0.3359305772757951,0.02855578270650949,0.2570237187075437,0.1718857764892305,0.3372038474624728,0.38753032738600396,-0.06542750915792328,-0.570905295899157,-0.6384838781047317,-0.21180850938123819,-0.05996103653686147,0.06012610535301399,-0.05996103653686147,0.2570237187075437,0.11576141820677699,-0.023957945541432046,-0.15749106563126647,-0.04629826710405194,-0.14731926309176302,-0.15749106563126647,0.5542520379591906,-0.305177267697136,0.6579137525165283,0.9311002484002591,0.025054255286594586,-0.21180850938123819,0.21180850938123819,0.26832086483579465,1516811494.9938517,0.9721895239012338,0.3333333333333333,0.07142857142857142,0.06349206349206349,0.04168920107059167,0.7391797182787079,0.6163194385952002,-0.059912307350424965,-0.03509901097502188,-0.07536090012360885,0.7966551386101163,0.4290225194709539,-0.04944071257677052,0.19147198422902753,-0.11659074812580417,-0.06288516099333719,0.5160642102201523,0.7065981924576891,0.21555113989520502,0.025229697912430748,-0.043247467630382674,-0.21180850938123819,0.21180850938123819,0.029952933495338785,0.6190476190476191,0.746031746031746,1474628245.1659913,21.111671758474024,0.36507936507936506,0.09523809523809523,0.06349206349206349,0.044514230478101526,-0.05806646576874519,-0.055783686551380884,-0.19372727700011538,-0.07064265894562305,0.3333333333333333,0.011473441919328716,-0.21774297552683197,0.3372038474624728,-0.08294922358541257,-0.07064265894562305,-0.04978430693149527,0.3646500381336644,0.01821951889218461,-0.1247170406962761,0.1247170406962761,0.0,1186310324.2038546,-0.031323645420820556,0.04067409390561184,-0.03421605076981915,0.012306564639789519,-0.01017180253950345,0.10333111068971457,0.19669899668741198,3.0,11.0,3.0,1.0,1.0,1.0,63.0,126.0,0.9340047393364929,0.03509885407978919,0.2550683927994384,1.093672837879232,1.093672837879232,0.9976359338061466,0.2712027279642427,0.43789808248675516,1,1,1,1,1,1
recent_month_top_future_return,2026-01-31,SEDG,30.950000762939453,1.1658964126012006,1.3625954092886126,1.1536443241424,1.2449447180267734,1.5296282494007674,0.5171569285141611,0.20615748039690107,-0.3696709732904294,-0.29101847855722884,0.3674980655203248,-0.48548037876186845,0.318004672483857,0.1028263697071865,-0.3241397936384447,0.23421503965847015,-0.31798148888353694,0.31798148888353694,0.013241608626250123,-0.08486099816032777,0.19473683022779475,0.09402721271054437,0.65445579798149,-0.10177249355398454,-0.3347241790397746,-0.4132149593403289,-0.18375995445092808,-0.16351349289352834,-0.014072336885651682,-0.16351349289352834,0.20615748039690107,-0.05162161749762462,-0.06299749229724749,-0.11798231324154362,0.04103729325868333,-0.10781051070204017,-0.11798231324154362,0.8802059880420903,-0.1254364389944467,0.7829764711159657,1.0685845037096082,0.03894864789053781,-0.31798148888353694,0.31798148888353694,0.26740379468649533,126897192.50439689,0.9284351827523617,0.48412698412698413,0.12698412698412698,0.1349206349206349,0.07677838884861547,0.18641283339775794,0.2727721876359692,0.04627589978055824,0.011651673307393473,-0.037618373855026976,0.841233823969371,0.9555262970145478,-0.21023812358241145,0.17447031791799775,-0.15275111422998056,0.09821591171915456,0.9405744788941824,0.7327230260197956,0.17838460430964154,0.03841097644638733,0.14212053110197376,-0.31798148888353694,0.31798148888353694,0.08710929081131602,0.873015873015873,0.4444444444444444,117815818.11358134,18.584633108057133,0.4444444444444444,0.09523809523809523,0.14285714285714285,0.07576124536375925,-0.03309449479754811,0.13430745212609696,0.10561862764523043,0.07279030688743249,0.6666666666666666,0.043999957376746855,-0.21023812358241145,0.318004672483857,0.06048374224764297,0.07279030688743249,-0.06803774340788982,0.6891805783723377,0.03099743897228769,-0.13547482060000504,0.13547482060000504,0.07279030688743249,85353791.81117103,-0.08672429194445552,0.07457191095058256,-0.08975941491551331,0.012306564639789519,-0.01017180253950345,0.10333111068971457,0.19669899668741198,1.0,3.0,1.0,0.0,0.0,1.0,63.0,126.0,0.659004739336493,0.1437803118980221,0.6494345065797056,0.3848142020621057,0.6494345065797056,0.9858156028368794,0.2712027279642427,0.43789808248675516,1,1,1,1,1,0
historical_mega100_examples,2026-02-28,RKLB,69.0999984741211,2.171263175796981,2.3723767323570946,1.1147313962132295,1.124707130011904,1.5793204969273105,0.504790967540846,0.4218107128319357,-0.3246370231468396,0.02047688253848201,-0.13292179603488097,0.7726939715203722,-0.014197503052935101,0.3545293214438161,0.21796146265355554,0.47463904584712296,-0.28245071355831297,0.28245071355831297,0.08186158390051212,0.44228759537041773,0.19361134066883995,0.31454810567356395,1.4202459958724658,0.04772371561682465,3.564611126880499,6.484922317770117,0.10920510524030902,0.0971736896850961,0.3204239992958165,0.0971736896850961,0.44228759537041773,-0.3308987028272673,0.16215777925844255,0.6397721754854913,0.6554343414007453,0.6578224655872118,0.6397721754854913,0.8886978779402763,0.6634706689002015,1.0538849190793953,1.0850493144620041,0.04363969390927818,-0.28245071355831297,0.28245071355831297,0.7502532744509489,1442271577.6674876,1.171398971300512,0.5476190476190477,0.19047619047619047,0.15873015873015872,0.07734081302858313,0.13312194477473915,-0.02212158169910816,-0.11391485849493843,-0.01645787958611511,-0.09930814759152473,0.951919437040623,1.5383422683699703,0.14779239166965508,0.34971314149136973,-0.009461061380423796,-0.14954324915870043,0.9642810232229347,0.9712783603775087,0.16898729384682953,0.047945790218717144,-0.1996579721827425,-0.28245071355831297,0.28245071355831297,0.7116670870046764,0.4444444444444444,0.9523809523809523,1689475442.4156613,21.247683929189467,0.6031746031746031,0.25396825396825395,0.1746031746031746,0.0796620789308123,-0.10827589616192956,-0.18663527406343217,-0.1462815373864004,-0.13700513628717093,0.5,0.10594558276276517,-0.3308987028272673,0.6554343414007453,-0.11355962373625583,-0.13700513628717093,-0.04164877201909323,0.9365852911791185,0.05058107838452778,-0.19351075830998943,0.19351075830998943,0.04681103223589567,1288957345.1839628,-0.028566629593335113,0.07631280754863701,-0.018828287662300602,-0.023445512550915093,-0.018050290101720545,0.06728139138811962,0.20111355656011343,2.0,8.0,2.0,1.0,0.0,1.0,63.0,126.0,0.9637440758293838,-0.07062224835280706,0.1940666274707894,1.0764109825743962,1.0764109825743962,0.9739952718676123,0.2860205454775882,0.5525263951168894,1,1,1,1,1,1
historical_mega100_examples,2026-02-28,SEDG,35.400001525878906,0.9456421752308084,1.1467557317909218,1.0174790112508785,1.070923039028789,0.9820828844407345,0.37957917912649974,0.04671797295422486,-0.03788350809406582,-0.08996117495749767,0.08013007418469598,-0.11106347936341154,0.09402721271054437,-0.020563418433894753,-0.07765137813294043,0.052680544995362254,-0.21992065463498733,0.21992065463498733,0.007514763717245243,-0.04324320200327281,0.045166832541857604,-0.05162161749762462,0.9763206742587669,0.018863403769426634,2.0157580673193904,1.9224704011020193,0.016937727842674666,0.008834464860159041,0.004103078603703699,-0.04324320200327281,0.04671797295422486,0.04103729325868333,0.04202795202416687,-0.030933405178715567,-0.21023812358241145,-0.012883115076995022,-0.030933405178715567,0.8868164321067235,-0.040243145360938086,1.144752773270864,0.8667664268909432,0.040322580340194834,-0.21992065463498733,0.21992065463498733,0.24341420371140465,127822986.97516426,0.8204813988419282,0.5238095238095238,0.1349206349206349,0.14285714285714285,0.0769697225732567,1.120021177812169,1.4248384839884145,0.13989933835435953,0.11635249981845575,0.05278188384242544,1.2028996290452485,1.782095172885998,0.07279030688743249,0.1280765186253189,0.22703643181288236,0.09950233431987643,0.7686627101653194,1.3207165595661645,0.60490211191614,0.03598798952042287,0.11327806551413988,-0.17808215052917742,0.17808215052917742,0.24341420371140465,0.047619047619047616,0.746031746031746,104876383.15753634,18.468292920829377,0.4603174603174603,0.12698412698412698,0.12698412698412698,0.07085341857964042,-0.0020953736287122604,0.1523886354701267,0.14162958590208746,0.1437803118980221,0.6666666666666666,0.014962563945774368,-0.21023812358241145,0.1437803118980221,0.1672258244489372,0.1437803118980221,-0.02000134555927835,1.0151855700363446,0.05006478448803463,-0.17808215052917742,0.17808215052917742,0.1553525532327069,137562836.67771477,-0.0716458302719234,0.09889024180468982,-0.11808667866310052,-0.023445512550915093,-0.018050290101720545,0.06728139138811962,0.20111355656011343,1.0,3.0,1.0,0.0,0.0,1.0,63.0,126.0,0.6488151658767772,0.4420903117685129,0.2107344283310011,1.156779524947365,1.156779524947365,0.9763593380614657,0.2860205454775882,0.5525263951168894,1,1,1,1,1,1
recent_month_non_top10_control,2026-02-28,AAPL,263.93682861328125,-0.1039773408665432,0.09713621569357023,1.086276562246188,1.0951043063328485,0.3193125227482616,0.27660024824433327,0.14018923961386376,-0.1612213535219671,-0.10070636800445398,0.20237923226280707,-0.2541016763804632,0.0968812192629327,0.07290784822574414,-0.1919116837315199,0.6077812359021745,-0.0760431913609586,0.0760431913609586,0.018549880969812804,0.039482871609409775,0.08144134991952637,0.06181508747860254,1.0432670989366852,-0.00870673005814282,2.593957964997318,2.4080696749915393,-0.0760431913609586,-0.021032113908103334,0.05287999910505673,-0.021032113908103334,0.14018923961386376,0.03236429041178379,-0.012237688293173732,-0.05172244411765614,-0.025067288626873463,-0.033672154015935596,-0.05172244411765614,0.23065739995373588,-0.2244720346001641,1.436519734365381,0.9989630020732986,0.010113629600957448,-0.0760431913609586,0.0760431913609586,0.16708646574561636,12964972484.946342,0.9828969418224418,0.0873015873015873,0.0,0.0,0.019357288404344104,-0.21718045852921897,-0.2022554738568526,0.017286287470422157,-8.043106055077853e-05,-0.0038481176098980052,1.2764719412127197,1.2918340843264344,-0.045537972790174464,0.05305798107117638,-0.02734050789335063,0.03806896348933497,0.2304182087082055,1.4380109487377961,0.13011735861137352,0.009940723684104206,0.050019701515392034,-0.0760431913609586,0.0760431913609586,0.07185729558688769,0.9365079365079365,0.42857142857142855,12743231806.265863,23.268266128960317,0.07936507936507936,0.0,0.0,0.019655596725482703,0.0028522701407660556,0.06666582013726141,0.05754044902614736,0.019065677185734042,0.6666666666666666,0.023253502153667522,-0.045537972790174464,0.0968812192629327,0.042511189736649135,0.019065677185734042,-0.016519173611933446,0.3313439069109501,0.015281499928469479,-0.04923336193396721,0.04923336193396721,0.03284074249756741,14623315296.605429,-0.006412556649864287,0.02647277048087359,-0.02132359574292131,-0.023445512550915093,-0.018050290101720545,0.06728139138811962,0.20111355656011343,2.0,8.0,2.0,0.0,1.0,1.0,63.0,126.0,0.5502369668246446,-0.039329287398935375,0.02714066721380215,0.1823283593962639,0.1823283593962639,0.8037825059101655,0.2860205454775882,0.5525263951168894,0,0,0,0,0,0
recent_month_non_top10_control,2026-02-28,ABNB,135.11000061035156,-0.2281892002487519,-0.027075643688638462,1.00899779037127,1.034657351310607,0.04736434581667881,0.020391185511422272,0.035087733654228126,0.032637883801276635,0.07766142338626025,-0.10373095106222363,0.2586160102762781,-0.06979239022100159,-0.03219365773389149,0.11979732555982636,0.12479964495162703,-0.052391647669877583,0.052391647669877583,0.00405592008009692,0.11274915704048838,0.03899497244980476,0.04216770568105255,0.8435301198984356,0.06670941165077182,1.5764183483328709,1.9754670567745842,0.058181780067280475,0.06772561745550476,0.0718541693834071,0.035087733654228126,0.11274915704048838,-0.07547023062006297,0.016805060011499506,0.1548850592140545,0.16009918539142132,0.17293534931577503,0.1548850592140545,0.2811525118346956,0.47505758541178106,1.6453331412022736,1.159634963993611,0.012900042057666984,-0.03541091207617564,0.03541091207617564,0.21131432222843993,615390508.1102523,1.0047421584228058,0.0873015873015873,0.007936507936507936,0.015873015873015872,0.026142682126982078,0.8536954103317453,0.9359418526255632,0.04097954731934672,-0.054460118005464575,0.031173326842692584,1.4146972923303411,1.7782429640575188,-0.04678754823461484,0.09125532775591592,-0.0044945520547086115,-0.07132606242323669,0.3260342829381405,1.4188371274491327,0.5990010088334441,0.014853355959093095,-0.035671103157948414,-0.03541091207617564,0.03541091207617564,0.1651431672738184,0.49206349206349204,0.15873015873015872,618308787.391602,20.242498548226266,0.1111111111111111,0.015873015873015872,0.031746031746031744,0.028594244845180757,0.05921966947802915,-0.015668579497655988,0.09591420530081415,0.04436890863267462,0.5,0.009097605104911513,-0.07547023062006297,0.16009918539142132,0.06781442118358971,0.04436890863267462,0.07905640351249899,0.4625895454538891,0.022554816076288627,-0.01357962030937343,0.01357962030937343,0.1651431672738184,748987810.0457327,0.05863179545123898,0.037736437861305615,0.03497670347486359,-0.023445512550915093,-0.018050290101720545,0.06728139138811962,0.20111355656011343,2.0,7.0,2.0,1.0,1.0,0.0,63.0,126.0,0.5710900473933649,-0.06535416913008418,0.03885722726876928,-0.013322500507929824,0.03885722726876928,0.5957446808510638,0.2860205454775882,0.5525263951168894,0,0,0,0,0,0
recent_month_non_top10_control,2026-02-28,ADBE,262.4100036621094,-0.6027689626096583,-0.40165540604954486,0.9146566837629941,0.947037907827638,-0.3678238310313242,-0.2663759068717746,-0.2643397962380648,0.0354308765608764,0.008237751339721378,-0.10252314570427667,-0.0777786077718845,-0.011073765270124603,-0.3316211876261844,0.08403804276190363,-0.867596423544261,-0.4184690866476327,0.4184690866476327,-0.05468257615880334,-0.25610204489834343,0.01854127656653554,-0.0352657758792525,1.0967250700437547,-0.17920899439797422,1.828875818444124,1.318824548012338,-0.13724449015985518,-0.2289089196771884,-0.24978358693786554,-0.2643397962380648,-0.2289089196771884,-0.059298853458769285,-0.08122363715850811,-0.18030175347616118,0.09327456001037171,-0.16225146337444063,-0.18030175347616118,0.3046805969510539,-0.5384539986559678,1.329357139559835,1.0990224047625141,0.01401016767136293,-0.28588142991292453,0.28588142991292453,0.06376686984502444,1522537777.246251,1.0094308996587058,0.09523809523809523,0.007936507936507936,0.023809523809523808,0.02708491420278188,-0.10761421319796949,-0.20146306024642735,-0.08625848584226947,-0.1605700933369486,-0.13300698017802415,1.0186103196762963,1.2823670960899147,-0.16211889430431536,0.0870532584140435,-0.2502356896367711,-0.16236350562578972,0.33485080234562553,1.209581473315909,0.18311493417083113,0.015142857638741129,-0.13545493557766297,-0.26604759164812075,0.26604759164812075,0.06376686984502444,0.7142857142857143,0.06349206349206349,1536896678.2500494,21.15303107689465,0.1111111111111111,0.015873015873015872,0.031746031746031744,0.028934989942890905,-0.05070319364492104,-0.14735911405025603,-0.25965089674150743,-0.10516622792119568,0.16666666666666666,-0.04660815947054762,-0.16211889430431536,0.09327456001037171,-0.08172071537028058,-0.10516622792119568,-0.012343346324883986,0.40502932684223597,0.01872348895173146,-0.10556275378437519,0.10556275378437519,0.06376686984502444,1682601710.6999714,0.01452918681725146,0.035037854858196445,0.024150945418781156,-0.023445512550915093,-0.018050290101720545,0.06728139138811962,0.20111355656011343,2.0,8.0,2.0,0.0,1.0,1.0,63.0,126.0,0.6700236966824644,-0.07366335719405293,-0.06215463332562288,-0.012194703564547549,-0.012194703564547549,0.3971631205673759,0.2860205454775882,0.5525263951168894,0,0,0,0,0,0
recent_month_non_top10_control,2026-02-28,ADI,354.679443359375,0.3709001123053448,0.5720136688654582,1.0635967533294393,1.0924950547608772,0.6828244593689237,0.5957739807991727,0.4263606953003607,0.09863225848011314,0.026820461329278844,0.060003219153607956,0.28561599173830077,-0.01845637841291814,0.3590793039122411,-0.08074148440845197,1.51852715887874,-0.013885788404019772,0.013885788404019772,0.07327639752491222,0.45318115662963954,0.05099770218489549,-0.04708992062737882,0.9568909209666885,0.2831692640699226,1.3591535699115727,2.1745223651172396,-0.013885788404019772,0.5249929537804738,0.46817826857015804,0.4263606953003607,0.5249929537804738,0.1333020080544718,0.11550476572904023,0.3456192108919087,0.02569475086132167,0.36366950099362927,0.3456192108919087,0.28077251882355514,1.310593803572679,0.9452506529278598,0.9392369420543247,0.013431412003068,-0.013885788404019772,0.013885788404019772,0.5854645351953798,1010664754.5368497,1.2037820863411182,0.09523809523809523,0.015873015873015872,0.007936507936507936,0.024795647690442787,0.38675776284728536,0.5870899512715604,0.01065140049975255,0.12770201629343192,0.15248989523519407,1.318789047326647,1.8235861821944523,0.14631271473357477,0.0879311165870613,0.31191001003167074,0.1367032902363725,0.26371192199272625,1.0064027622895473,0.4893954168698196,0.013179067140329402,0.15224777483235274,-0.013885788404019772,0.013885788404019772,0.38433070799551805,0.031746031746031744,0.9841269841269841,1216620126.8078032,20.919342464024236,0.06349206349206349,0.015873015873015872,0.0,0.024784370131306358,0.09101222902567607,0.15756795246176547,0.5443127977889092,0.14446083792814246,0.6666666666666666,0.06403733542286895,-0.04708992062737882,0.14631271473357477,0.16790635047905755,0.14446083792814246,0.058580602113637026,0.2654004067421653,0.013644976570181626,-0.013885788404019772,0.013885788404019772,0.14446083792814246,1590367578.7793841,0.015530221810892586,0.028708743391439424,-0.0018123995779798507,-0.023445512550915093,-0.018050290101720545,0.06728139138811962,0.20111355656011343,2.0,7.0,2.0,1.0,1.0,0.0,63.0,126.0,0.6744075829383885,-0.10302099373127283,0.13415089962808913,0.16682828354443613,0.16682828354443613,0.789598108747045,0.2860205454775882,0.5525263951168894,0,0,0,0,0,0
recent_month_non_top10_control,2026-02-28,ADP,211.0025177001953,-0.5059197646421467,-0.3048062080820333,0.7294319010946043,0.7574983135413298,-0.3304770043430054,-0.2993012907044149,-0.2867414820910398,0.11557609896095833,0.02182034848346226,-0.1559741288254265,0.0010412556379811866,-0.02968436378881467,-0.3540228734791594,0.13180860890359447,-1.292359989390977,-0.3330992215618822,0.3330992215618822,-0.05244408432318892,-0.2649211336075775,0.06140589413426514,-0.11311756117470484,1.3186075165505837,-0.1568826471089293,4.125294781092997,3.33121813472564,-0.046478517438925504,-0.17116538313008145,-0.24094266627623293,-0.2867414820910398,-0.17116538313008145,-0.019208545010929945,-0.05213737250329642,-0.1549328731874453,0.01407271766820628,-0.13688258308572476,-0.1549328731874453,0.2218743109078813,-0.6248137303212123,1.5643538316535388,1.1175989591108264,0.009883138415468609,-0.28685882195921786,0.28685882195921786,0.04220150587286198,615860814.7622366,1.1247672390492456,0.047619047619047616,0.0,0.015873015873015872,0.018607215228578385,0.4008238986660688,0.21659756955000997,-0.12198422438052192,-0.10000605572025956,-0.12143436183252532,1.3338741904022917,1.7625052888909782,-0.04046966981915212,0.05677853921227835,-0.16666022851326567,-0.1416619936737037,0.24796649892408001,1.3997452475243493,0.45206925266766085,0.011605044653698923,-0.1714826648916291,-0.19443810438575548,0.19443810438575548,0.04220150587286198,0.8095238095238095,0.047619047619047616,692700068.2587397,20.356107662976573,0.07936507936507936,0.0,0.015873015873015872,0.02013393133266063,-0.08133789975632066,-0.1738506058324546,-0.3789013426657832,-0.1315128399019233,0.16666666666666666,-0.053320043671219765,-0.1315128399019233,0.01407271766820628,-0.10806732735100821,-0.1315128399019233,-0.03449703918130198,0.34708992841423264,0.016864642278338553,-0.1341088969633456,0.1341088969633456,0.04220150587286198,895055836.7382231,0.005808887655064376,0.030549433428037568,0.012679788829345062,-0.023445512550915093,-0.018050290101720545,0.06728139138811962,0.20111355656011343,2.0,7.0,2.0,1.0,1.0,0.0,63.0,126.0,0.4015402843601895,-0.04432379458270275,-0.0031202766566237328,0.04344530378765654,0.04344530378765654,0.6052009456264775,0.2860205454775882,0.5525263951168894,0,0,0,0,0,0
recent_month_non_top10_control,2026-02-28,AEP,132.8551483154297,0.1028470005123805,0.3039605570724939,0.9648952228677502,0.99045008612485,0.324402519846541,0.21144076701992964,0.22447873168749788,-0.09408103512015398,-0.016108848826637434,0.12363490154541523,-0.03388703949219396,0.013331057861603712,0.15719734029937826,-0.1347308696342766,1.2302814804119955,0.0,-0.0,0.03268661877020884,0.20836988286086044,0.050316329382534046,0.0689776585092956,0.7448254240572333,0.12797045899792736,0.8501082551490591,1.0161515156157024,0.0,0.1303976965673439,0.18774877037190074,0.1303976965673439,0.22447873168749788,0.03730205484187277,0.024833543975020467,0.08974786205322127,-0.06835259273666638,0.10779815215494182,0.08974786205322127,0.18246127838348397,0.5057333949616414,1.1059822650710893,0.9725944033546137,0.00815291230972429,0.0,-0.0,0.2771666504822896,398639878.0104985,0.9959623761775415,0.015873015873015872,0.007936507936507936,0.0,0.016097235043102,-0.08462658280001101,0.03075485721011706,0.03223718287975441,0.06468818118773423,0.11847236349650236,1.356962586935506,1.0416924976426523,0.03876510531274824,0.06420115566497431,0.1696998816905415,0.08133526348920572,0.17746081818470466,1.1371464417812833,0.16896418674804448,0.00848351209546568,0.11157402585983456,0.0,-0.0,0.18626284276933158,0.0,0.5555555555555556,397030320.14246136,19.799523211408697,0.015873015873015872,0.0,0.0,0.016732608608417736,0.08783258653186077,0.13154344117311378,0.6246241657154046,0.12604849326197942,0.8333333333333334,0.03601196284180556,-0.06835259273666638,0.12604849326197942,0.14949400581289451,0.12604849326197942,0.0651827617171592,0.20179893795433218,0.010138271503209879,0.0,-0.0,0.1398468730810778,455922702.1262396,0.0230574038957585,0.020986499868963907,0.009505131414413004,-0.023445512550915093,-0.018050290101720545,0.06728139138811962,0.20111355656011343,2.0,7.0,2.0,1.0,1.0,0.0,63.0,126.0,0.3193127962085308,-0.020475272473970074,0.024585280806542542,-0.04655559249988073,0.024585280806542542,0.5555555555555556,0.2860205454775882,0.5525263951168894,0,0,0,0,0,0
recent_month_non_top10_control,2026-02-28,ALGN,190.1000061035156,-0.1846990383317224,0.016414518228391017,1.2763581639793775,1.3433640409494223,0.050624535970566376,0.4735292938365534,0.3391095880030408,0.03962553943683789,0.1790185404934601,0.03684133192583294,0.2546866451811114,-0.11792057411567336,0.2718281966149212,-0.04758161089609647,0.9413145846754734,-0.08248465725426946,0.08248465725426946,0.07372384520371966,0.5181281284965009,0.09402856831803875,0.10110208863355497,0.46788639669294957,0.21662992404408343,1.0887008733624453,1.6976156137553065,-0.035415351708079745,0.3787351274398787,0.4119909479798068,0.3391095880030408,0.5181281284965009,0.06752246322087485,0.08656199342483406,0.29152797710694434,0.06087364159563036,0.3095782672086649,0.29152797710694434,0.36025107177102955,0.7824628216202874,1.505093675785332,1.0342159853498782,0.016275839571756556,-0.03751703007142715,0.03751703007142715,0.5222614532713932,193480179.53841195,1.050924423039211,0.14285714285714285,0.023809523809523808,0.007936507936507936,0.03057501875637064,0.29514300220003387,0.5101925686477871,0.018967690607239684,0.08228180291336828,0.1066493653932572,1.2991021608522366,1.3084474332853664,0.04406023151927507,0.09450603655842756,0.21741923492829285,0.09632913544620147,0.372577417165025,1.4552991803507607,0.43100224382946895,0.015750964548929797,0.11479274209231205,-0.03751703007142715,0.03751703007142715,0.2956652434698268,0.1746031746031746,0.9523809523809523,203333046.0509285,19.13035581851628,0.12698412698412698,0.031746031746031744,0.015873015873015872,0.029546892873171235,0.06866198598141304,0.11571079777228888,0.3062330328639431,0.16604310572844305,0.8333333333333334,0.053613492763684156,-0.11792057411567336,0.16604310572844305,0.18948861827935815,0.16604310572844305,0.0397239345684981,0.5422116098174643,0.02394601518183909,-0.03751703007142715,0.03751703007142715,0.2104425495672595,264850692.18132383,0.012047706540337044,0.035455034229474956,0.017513468151046707,-0.023445512550915093,-0.018050290101720545,0.06728139138811962,0.20111355656011343,2.0,7.0,2.0,1.0,1.0,0.0,63.0,126.0,0.5604265402843602,-0.09821153513045089,-0.07411894342079717,-0.07969494302395619,-0.07411894342079717,0.20803782505910165,0.2860205454775882,0.5525263951168894,0,0,0,0,0,0
recent_month_non_top10_control,2026-02-28,AMAT,371.8377380371094,1.1752419346952427,1.3763554912553562,1.1072446024993763,1.1097987928587356,1.3895725388918585,1.0802258607021038,1.3233080864490083,-0.7210128936519062,-0.4990676738936419,0.5721850095802015,-0.09442757499597998,0.27357560465100983,1.2560266950608887,-0.8455506518647868,2.8961036187123486,-0.05734905617534369,0.05734905617534369,0.137667586012173,0.8242404125553664,0.36927582656496977,0.13851706024956467,0.9127124573886004,0.3546818556438114,2.100298323217776,3.581488896564065,-0.05734905617534369,0.6022951927971021,0.9166145639338256,0.6022951927971021,1.3233080864490083,0.08427483110441614,0.1485559959650391,0.4777574345842215,0.01879085264582403,0.49580772468594203,0.4777574345842215,0.45692705119348287,1.0085736974209631,1.2915194049441046,1.0366996356460807,0.023199923688082272,-0.05734905617534369,0.05734905617534369,1.3903678470212162,2039030663.9136057,1.134657872398124,0.29365079365079366,0.07142857142857142,0.031746031746031744,0.034631963729530216,-0.07873365871552152,0.06544809734770118,-0.001627499580541314,0.17909172351828606,0.18821825408071136,1.4897010765681042,1.2446861233480175,0.2542122037362342,0.0977029466930914,0.4505012787918643,0.14368505361399508,0.4736961074891217,1.2457990342971597,0.23960642192191495,0.023662119634451424,0.15668038666632889,-0.05734905617534369,0.05734905617534369,0.5014472730091271,0.031746031746031744,0.7619047619047619,2313602194.870746,21.562071539042527,0.30158730158730157,0.07936507936507936,0.031746031746031744,0.035750180286160727,0.0954332126031785,0.163624511436945,0.265202308678121,0.15650387906519736,1.0,0.15431240524204104,0.01879085264582403,0.27357560465100983,0.17994939161611245,0.15650387906519736,0.07305938526107547,0.5901301532602714,0.02955368313516859,-0.05734905617534369,0.05734905617534369,0.2525682555990394,3020235041.288394,0.0003625791041004245,0.04592459148388093,-0.017392926781388818,-0.023445512550915093,-0.018050290101720545,0.06728139138811962,0.20111355656011343,2.0,7.0,2.0,0.0,1.0,1.0,63.0,126.0,0.9212085308056872,-0.08195001156809056,0.05960246312101769,0.21036665061058923,0.21036665061058923,0.8463356973995272,0.2860205454775882,0.5525263951168894,0,0,0,0,0,0
recent_month_non_top10_control,2026-02-28,ASML,1447.398681640625,0.8624883037479627,1.0636018603080761,0.986180101350624,0.971124242912544,0.9799139694919898,1.0944714816122625,0.9593471194948933,-0.5880932036388451,-0.45633573221336343,0.42991115584160533,-0.05965321254884404,0.3036142880053154,0.8920657281067736,-0.589089176202132,2.447918056919241,-0.049753981353937604,0.049753981353937604,0.10513525355475117,0.5030113872815298,0.3086140923379184,0.09608539301288199,0.9776965265082266,0.23678493153482516,0.4454613174417368,0.9806548519469593,-0.03538792390405976,0.37125391585604817,0.6112041408774904,0.37125391585604817,0.9593471194948933,0.000726850421237879,0.1368900790427119,0.3702579432927613,0.009301897186710928,0.38830823339448184,0.3702579432927613,0.3919032815592908,0.896245891150663,0.932322306019647,1.0541400327790436,0.019533381070134942,-0.049753981353937604,0.049753981353937604,1.0046158054565306,1822061342.161245,1.1784049132422745,0.1746031746031746,0.05555555555555555,0.015873015873015872,0.024832438402584048,-0.4241563506867899,-0.4122294125526432,-0.027653258087386168,0.1732240797398179,0.11006945459091644,1.1810505842702388,1.058264403786472,0.3300806350410228,0.15131726031726975,0.3576294140654699,0.11586367123312269,0.41312093806912553,0.8844387624305977,-0.047564510097232504,0.02020750666054942,0.06946149649131517,-0.049753981353937604,0.049753981353937604,0.4304022654639734,0.031746031746031744,0.7619047619047619,2147126037.8316243,21.48739605874582,0.19047619047619047,0.06349206349206349,0.015873015873015872,0.027286810319888062,0.02220162782829016,0.05082094239039159,0.056686469571416216,0.020712111956729062,1.0,0.12675352927064967,0.000726850421237879,0.3300806350410228,0.044157624507644155,0.020712111956729062,0.011422241530020472,0.365380171200025,0.01848343449252508,-0.049753981353937604,0.049753981353937604,0.08463957298987124,2307765274.1891046,-0.009741002844553148,0.03042039453428462,-0.02314714243419891,-0.023445512550915093,-0.018050290101720545,0.06728139138811962,0.20111355656011343,2.0,8.0,2.0,1.0,0.0,1.0,63.0,126.0,0.8682464454976304,-0.0894345071176823,-0.005809519873763325,0.11424725628294974,0.11424725628294974,0.7281323877068558,0.2860205454775882,0.5525263951168894,0,0,0,0,0,0
recent_month_non_top10_control,2026-02-28,AXON,542.4000244140625,-0.1747155777829532,0.026397978777160214,1.1327172124339868,1.1734450716858644,-0.27714692280674524,-0.2820553132070033,-0.27417730685233976,0.014928216924111948,0.02998803833695074,-0.2772015810057157,0.281385699390457,-0.039676650631893406,-0.3414586982404594,0.2783614252370811,-0.5173120125118446,-0.37724601001319413,0.37724601001319413,-0.09308074074296457,-0.24418926851538902,0.014994067297981377,0.02033047979837077,1.54018012359664,-0.06724354433062985,4.6856561546286875,4.709445613074587,0.15086280602134228,-0.2592490899282278,-0.25920522176531885,-0.27417730685233976,-0.24418926851538902,-0.2623355652514292,-0.06481750421752375,0.004184118384741309,0.051449582096656066,0.022234408486461854,0.004184118384741309,0.5300037505818833,0.00695074331687384,1.6590012906058675,1.1357788317234991,0.02206612043045993,-0.3063051445477005,0.3063051445477005,0.35718762091249423,500548689.66759574,1.0130038278127937,0.19047619047619047,0.031746031746031744,0.06349206349206349,0.04029201177836006,0.30259477936606594,0.46103531938495945,0.19102813766289073,-0.16192864990890532,0.006919648280431456,1.1323814424283511,2.065791905377934,-0.14852183753512238,0.1409183271689665,-0.04495266774243645,-0.2580754180090017,0.6019670406449643,1.4606728389966548,0.4651772450554892,0.02518614333680243,-0.2407857591177326,-0.15449483849483847,0.15449483849483847,0.35718762091249423,0.49206349206349204,0.23809523809523808,507057738.63995266,20.044135439962492,0.2698412698412698,0.06349206349206349,0.06349206349206349,0.043298169748136474,0.08227474329566209,-0.16976933519683712,0.13833475776046397,0.12163455782925969,0.5,-0.04285323894902641,-0.2623355652514292,0.12163455782925969,0.14508007038017479,0.12163455782925969,0.20055251709191935,0.8792769062412947,0.03985526841224983,-0.014158705161447127,0.014158705161447127,0.35718762091249423,672974448.416719,0.167586599378583,0.05379792319723894,0.09411312586538312,-0.023445512550915093,-0.018050290101720545,0.06728139138811962,0.20111355656011343,2.0,7.0,2.0,1.0,1.0,0.0,63.0,126.0,0.7818720379146921,-0.21701699239378647,-0.25929205073389594,-0.17271389929334702,-0.17271389929334702,0.026004728132387706,0.2860205454775882,0.5525263951168894,0,0,0,0,0,0
recent_month_top_future_return,2026-02-28,ALAB,118.83000183105467,0.3971380139818237,0.5982515705419371,0.7999206144317836,0.8742642909313785,0.30985449991304215,-0.13091490130778316,-0.34780458934469205,-0.01565155757387937,-0.04530062016011516,-0.13518106496467241,-0.11067794177797485,0.0746432839259541,-0.41508598073281167,0.10194558260204478,-0.37426619768932895,-0.5282277293652567,0.5282277293652567,-0.09042295657851185,-0.3931052095048072,0.023007912963521986,-0.04657819322692136,0.7674455047584892,-0.2654708134237843,1.1288498059615226,0.605452907163545,0.0076102394693778885,-0.3634561469185714,-0.3681219819226902,-0.3931052095048072,-0.34780458934469205,-0.15593521798621246,-0.025669672717911762,-0.24585900674264727,0.05578468539413328,-0.22780871664092672,-0.24585900674264727,0.9292973597188112,-0.2399162270017304,1.3658244481889286,1.1027366188957568,0.04295338683696388,-0.5282277293652567,0.5282277293652567,0.0,1014577297.390081,0.8283193523942839,0.5396825396825397,0.15079365079365079,0.11904761904761904,0.07285687860734394,0.20445202279734653,-0.04976071760545464,-0.1530951179206399,-0.0898229788978967,-0.24381265472437796,0.9158244530468248,1.0599431983637841,-0.09461412259807755,0.11391539135058826,-0.2857056900992785,-0.17155301801098055,1.0247702284050757,1.2385772130761552,0.3025631094121015,0.04770107838400206,-0.2667851117572171,-0.36681407262507204,0.36681407262507204,0.0,0.20634920634920634,0.0,840394009.9280947,20.54938140045577,0.6031746031746031,0.1746031746031746,0.12698412698412698,0.0768180116300427,-0.21782486890583774,-0.2591706116106415,-0.16628697060197487,-0.21106091034858365,0.3333333333333333,-0.06296007913995127,-0.21106091034858365,0.0746432839259541,-0.18761539779766856,-0.21106091034858365,-0.16107760707811514,1.2692570535413736,0.0551234299165258,-0.36681407262507204,0.36681407262507204,0.0,854483257.9180037,-0.06666769416227347,0.10356329893396503,-0.05433794027547334,-0.023445512550915093,-0.018050290101720545,0.06728139138811962,0.20111355656011343,2.0,8.0,2.0,1.0,0.0,1.0,63.0,126.0,0.9181279620853081,-0.07767401510315752,0.6388117688497024,1.8852141784105925,1.8852141784105925,1.0,0.2860205454775882,0.5525263951168894,1,1,1,1,1,1
recent_month_top_future_return,2026-02-28,AMD,200.2100067138672,0.8037933680360121,1.0049069245961255,1.0583061096614073,1.1189279247723556,0.8080917605366496,0.1355567437253844,0.23107668144100457,-0.44937275152229106,0.006391734543084615,0.3375760453063017,-0.4171972109506886,-0.00516516984233617,0.16379529005288496,-0.3106978470853915,0.3397088380716738,-0.242575504542193,0.242575504542193,0.05216422767347262,0.2374684159840892,0.26131015761594495,0.5830397783886911,0.8457252291840849,-0.10948670875471989,0.6782291778325651,0.5446066144751152,-0.05196120751095723,-0.2182960700812865,0.08341634244793576,-0.2182960700812865,0.2374684159840892,-0.15067154878022626,-0.011542188911723206,-0.07962116564438693,-0.015492093670292695,-0.06157087554266638,-0.07962116564438693,0.6802198104491195,-0.13385946230915055,1.2303196796809461,0.8744403293216141,0.02728413857694929,-0.242575504542193,0.242575504542193,0.3246659224717421,10130114189.531466,0.7682648014176993,0.30952380952380953,0.0873015873015873,0.05555555555555555,0.04335345821070276,-0.21788803492882602,-0.3385432999453236,-0.14063458889290792,0.0005049211505507856,-0.084418575895292,0.7653334033616632,1.094098285426768,0.10538845573162892,0.27417820739083426,-0.06513819905537421,-0.07767387438184692,0.594811635060214,1.40697957130525,0.05618975553099448,0.024099521380323764,-0.1623825258886601,-0.22901258333045404,0.22901258333045404,0.04005198292918011,0.38095238095238093,0.23809523809523808,7782610166.159009,22.775157615934297,0.2857142857142857,0.07936507936507936,0.047619047619047616,0.04040581124009688,-0.10054356976789325,-0.19243947543679785,-0.1843359753026633,-0.15426853239039462,0.3333333333333333,0.06047181490617839,-0.15426853239039462,0.5830397783886911,-0.13082301983947953,-0.15426853239039462,-0.0499126546781371,0.8368878193043946,0.035363104008969415,-0.2060829069367529,0.2060829069367529,0.04005198292918011,9012975115.781948,-0.018207817983581842,0.0464761945118989,-0.023546824310208825,-0.023445512550915093,-0.018050290101720545,0.06728139138811962,0.20111355656011343,3.0,12.0,3.0,1.0,1.0,1.0,63.0,126.0,0.9656398104265402,0.016083042075494047,0.770590771424323,1.5777931086308223,1.5777931086308223,0.9929078014184397,0.2860205454775882,0.5525263951168894,1,1,1,1,1,1
recent_month_top_future_return,2026-02-28,ARM,127.4499969482422,-0.23331042355501375,-0.03219686699490032,1.319137807813755,1.3333248678860437,0.02336595480426129,-0.09849692697971912,-0.07851927410924009,-0.1709802462569564,-0.020710409966220533,-0.019882872160669307,-0.039943040766528326,0.02299188772108196,-0.1458006654973597,0.018693361182042456,-0.16181777482433346,-0.2864740766305257,0.2864740766305257,-0.03869806144448562,-0.09922968407546062,0.09331326217809104,0.20022616956095485,0.7056769415029667,-0.04908535044560569,0.9963440446411391,0.8769109396537089,0.1390483230209255,-0.2494995203661965,-0.14241615951696573,-0.2494995203661965,-0.07851927410924009,-0.20174307082802156,-0.05288581982801399,-0.05982591292719763,-0.19364119557949844,-0.04177562282547709,-0.05982591292719763,0.4852326896379538,-0.13550466196933597,1.0768510152902668,0.9098819427611208,0.022059033379779505,-0.2864740766305257,0.2864740766305257,0.2190338902730371,710052398.8165659,0.9365264018224648,0.23015873015873015,0.047619047619047616,0.023809523809523808,0.04171801122381254,-0.37130102813743515,-0.23948669721842797,0.27755630152516564,0.04693314479261046,0.09988071180798364,0.896718263380473,0.965964930429835,-0.03613573356933686,0.18115186650423853,0.16595004843838557,0.08434768754867106,0.4415044623389854,1.1835063041502538,-0.1893686842379414,0.019474892819335853,0.14434121370608755,-0.10202209874424872,0.10202209874424872,0.2190338902730371,0.8571428571428571,0.2698412698412698,664982818.1690882,20.31527176245042,0.1746031746031746,0.047619047619047616,0.015873015873015872,0.041024318834251935,0.0795083770467564,0.1139969368811602,0.40124922481315567,0.20966207488537458,0.5,0.0002266886984257551,-0.20174307082802156,0.20966207488537458,0.23310758743628968,0.20966207488537458,0.05042360944353841,0.5225233144886575,0.022281178852194706,-0.032564204995000345,0.032564204995000345,0.2190338902730371,793347843.728892,0.001737006663536711,0.04595918214393764,-0.004872199509293851,-0.023445512550915093,-0.018050290101720545,0.06728139138811962,0.20111355656011343,2.0,8.0,2.0,1.0,0.0,1.0,63.0,126.0,0.8313981042654028,0.1869753032691881,0.6502158678719332,1.7719891487199795,1.7719891487199795,0.9952718676122931,0.2860205454775882,0.5525263951168894,1,1,1,1,1,1
recent_month_top_future_return,2026-02-28,DDOG,111.95999908447266,-0.2404958289505037,-0.03938227239039027,1.3466001037611708,1.3383392905984721,-0.05022054892161654,-0.20017143519282077,-0.18086036666644334,-0.13146688127065387,-0.0329036510071784,0.17069068686882227,-0.4709844002112753,0.04184958682483653,-0.24814175805456296,-0.11943334667600969,-0.2907761055804799,-0.4394151892641447,0.4394151892641447,-0.030374802768510123,-0.21376401767362174,0.06841162362323779,0.1433286835457741,0.8319312452360472,-0.22681214139475214,1.0040859258060602,0.4022715212884105,-0.10146532123772267,-0.3123272479370972,-0.23565054409238742,-0.3123272479370972,-0.18086036666644334,-0.017197979815398723,-0.11838222596294357,-0.30029371334245303,-0.1501155542671161,-0.2822434232407325,-0.30029371334245303,0.6219918459441142,-0.49841868356906005,1.4373316464999537,0.9686507860644568,0.02461248530060738,-0.4394151892641447,0.4394151892641447,0.09106857102028543,716576994.8714181,0.9726238082014893,0.25396825396825395,0.07936507936507936,0.05555555555555555,0.03920427141223581,-0.07211223285695556,-0.19667253575562516,0.052199744829960926,-0.0889179578060394,-0.11829815767513707,1.3455676816986148,1.3087032903166154,-0.04904770865150532,0.11044488294151299,-0.17670420941264942,-0.0944728180459391,0.6024928904994487,1.483849150982168,0.24922877772827756,0.026253601032032257,-0.09999297724118128,-0.30029371334245303,0.30029371334245303,0.09106857102028543,0.9682539682539683,0.06349206349206349,696959845.6214178,20.362238358200806,0.2698412698412698,0.09523809523809523,0.07936507936507936,0.04258332324303012,-0.07882306019013419,-0.19355340463375315,-0.15015594355342823,-0.13424069947833162,0.3333333333333333,-0.02757061197362352,-0.1501155542671161,0.1433286835457741,-0.11079518692741652,-0.13424069947833162,-0.05154614228879628,0.8940085640403992,0.04195986152682458,-0.13657746074306665,0.13657746074306665,0.09106857102028543,882406339.978972,-0.02778320757265884,0.0782971049527623,0.025659812384507763,-0.023445512550915093,-0.018050290101720545,0.06728139138811962,0.20111355656011343,3.0,11.0,3.0,1.0,1.0,1.0,63.0,126.0,0.8696682464454977,0.05439446246056412,0.18068956343658304,1.2092712408553394,1.2092712408553394,0.9810874704491725,0.2860205454775882,0.5525263951168894,1,1,1,1,1,1
recent_month_top_future_return,2026-02-28,DELL,147.62322998046875,0.26666550851212856,0.467779065072242,1.0338125159350255,1.0864851068682433,0.3468848270604423,0.1248604917040308,0.22192186301911043,-0.3039054717060452,-0.16910572145087444,0.09558036651962198,0.019738874642797555,0.16062227275408292,0.15464047163099082,-0.1066026218566909,0.3895403787895029,-0.09796320353242505,0.09796320353242505,-0.01588091460730312,0.052816141568236,0.15227510927547713,0.14683806469115734,1.3781025653769856,0.12160438184551836,4.964365891030895,5.652172039599597,0.1912299517692847,-0.08198360868693477,0.06425146530013721,-0.08198360868693477,0.22192186301911043,-0.1769025787125481,-0.03325114459684397,0.11531924116241954,-0.05601805098267065,0.13336953126414008,0.11531924116241954,0.5697018206655055,0.18067502031597482,1.6520534377761886,1.1203560309019078,0.024600756822573674,-0.09796320353242505,0.09796320353242505,0.33321325923925715,993850651.5711163,0.9204439065805741,0.2698412698412698,0.03968253968253968,0.05555555555555555,0.038712645061750095,2.1184476510754844,3.0351251492646583,0.2905335142676502,-0.022311807832312125,0.2205326886891874,1.2562223665773722,3.008483817238446,-0.0869029199410899,0.18029895393710324,0.18150483949767238,0.013030263141373899,0.6382688705983962,1.4745789661579758,1.1305753564154788,0.025277144865063886,0.05288715947670286,0.0,-0.0,0.33321325923925715,0.0,0.42857142857142855,914783776.2897673,20.634198286341498,0.2857142857142857,0.031746031746031744,0.06349206349206349,0.03845658637508798,0.24116294548452033,0.08857726030818402,0.3123247596069888,0.29395314616650126,0.5,0.046931655662572146,-0.1769025787125481,0.29395314616650126,0.31739865871741635,0.29395314616650126,0.2254473804889885,0.941177851337802,0.03810504919170864,0.0,-0.0,0.31253325124547815,1146759601.3561795,0.21017964363603148,0.05061936304664065,0.1716487631798036,-0.023445512550915093,-0.018050290101720545,0.06728139138811962,0.20111355656011343,3.0,11.0,3.0,1.0,1.0,1.0,63.0,126.0,0.875829383886256,0.10838743700538189,0.4154276191889803,1.851245049426149,1.851245049426149,0.9976359338061466,0.2860205454775882,0.5525263951168894,1,1,1,1,1,1
recent_month_top_future_return,2026-02-28,FLEX,63.02000045776367,0.4621221645515834,0.6632357211116968,1.0614680966434362,1.0733949495790192,0.48983455305950896,0.26368561875928487,0.175307752949045,-0.1673103121886632,-0.08819374344895525,0.1023872023093646,-0.03623934565163056,0.08112648965816494,0.10802636156092538,-0.10915989629131095,0.3936863273374547,-0.12569368955520255,0.12569368955520255,0.022715192574461973,0.08711400950008974,0.08369618509561136,0.07848885874157241,0.8958763074788705,0.004533319528438717,1.1334789790589865,1.2746040407480694,-0.01994485407669344,0.00799744076038178,0.09013973440317218,0.00799744076038178,0.175307752949045,-0.054542543545177735,0.018223354339262476,0.06614785665773404,0.022162029184014997,0.08419814675945458,0.06614785665773404,0.44529804764791103,0.1357427874114564,1.3052257148154982,1.0943297920351085,0.021542422629956665,-0.12569368955520255,0.12569368955520255,0.175307752949045,273322182.5301307,1.098430112646803,0.2619047619047619,0.047619047619047616,0.031746031746031744,0.04030042411236097,0.05551894129122403,0.05518406087089622,-0.0002774758220810414,0.01171811317188376,-0.011150047486159331,1.028660994662115,1.2232309705539404,0.043363171565415026,0.05148966847571761,0.04303214775922837,0.008478448033374608,0.4873029198761783,1.1927169709856749,0.22376062106485728,0.02374589297068339,-0.006908976291223223,-0.12569368955520255,0.12569368955520255,0.11441204788669479,0.8412698412698413,0.9523809523809523,300225315.7454415,19.520043806537334,0.30158730158730157,0.06349206349206349,0.015873015873015872,0.04526674398574585,-0.02111442200708491,-0.01081515373836095,-0.0005458675937453299,-0.00031726614012062004,0.6666666666666666,0.028380123243978168,-0.054542543545177735,0.08112648965816494,0.023128246410794473,-0.00031726614012062004,-0.015204772534269995,0.5812144625471904,0.027471416222679353,-0.0461631489503318,0.0461631489503318,0.07122214000165483,280134856.01067317,-0.023536136873129276,0.04783061685826555,-0.015681597228974886,-0.023445512550915093,-0.018050290101720545,0.06728139138811962,0.20111355656011343,2.0,7.0,2.0,1.0,1.0,0.0,63.0,126.0,0.7056872037914692,0.03871784527111011,0.45271346218277286,1.3925737493504209,1.3925737493504209,0.9858156028368794,0.2860205454775882,0.5525263951168894,1,1,1,1,1,1
recent_month_top_future_return,2026-02-28,INTC,45.61000061035156,0.7209261185427733,0.9220396751028868,1.2262307817190958,1.2745703299907958,1.332992449630872,1.3035354731216997,0.8731006117380036,-0.732565510562678,-0.5136370752986614,0.6657084491939904,-0.5412015688666638,0.37782335570688486,0.805819220349884,-0.748593731410677,1.2443752896842408,-0.16034608124827687,0.16034608124827687,0.0984325547923357,0.35946353643934215,0.37603300656424443,0.19195238711935314,0.9574526831353914,0.10839205418891962,-0.17194557382867348,-0.06884710048484699,-0.136989533342732,0.14053510117532553,0.45769974978422373,0.14053510117532553,0.8731006117380036,0.014253555161292786,0.09146964886566633,0.1245068803273266,-0.09023667957324677,0.14255717042904714,0.1245068803273266,0.7016376964215932,0.16594148890340477,0.6878642153378974,1.0693637425310145,0.029742606326920287,-0.16034608124827687,0.16034608124827687,0.9004166920979817,4179807799.027587,1.0950366941622272,0.35714285714285715,0.11904761904761904,0.047619047619047616,0.04771618699832877,-0.30971866540318016,-0.32249340939873394,-0.015832117363459908,0.12654272380143738,0.03149439804910115,1.0314313812187046,0.8703545121953227,0.2593495745010346,0.18198817329462283,0.2360433258617649,0.04908215366035029,0.7503059129462347,0.6432462481941195,-0.03169767101215759,0.03260548168490815,-0.055130870027844336,-0.16034608124827687,0.16034608124827687,0.265187283650842,0.3968253968253968,0.7619047619047619,4577042914.480663,22.244318974907948,0.4126984126984127,0.15873015873015872,0.06349206349206349,0.05121167304336258,-0.036611975149273945,-0.02937038827386862,-0.03834515033098557,-0.018506576022391363,0.6666666666666666,0.12243926948215454,-0.09023667957324677,0.37782335570688486,0.00493893652852373,-0.018506576022391363,-0.02849961054304051,0.4826314635005291,0.02334753591733088,-0.09843841722110724,0.09843841722110724,0.045381606549703024,4415788149.08311,0.002726125602383611,0.051915302514438294,0.0015371202795151362,-0.023445512550915093,-0.018050290101720545,0.06728139138811962,0.20111355656011343,1.0,3.0,1.0,0.0,1.0,0.0,63.0,126.0,0.9715639810426541,-0.03244901386606058,1.0714755994870693,1.5143608588145518,1.5143608588145518,0.9905437352245863,0.2860205454775882,0.5525263951168894,1,1,1,1,1,1
recent_month_top_future_return,2026-02-28,MRVL,81.64913177490234,-0.30846621978483635,-0.10735266322472292,1.0436320678299378,1.0862296532400832,0.3601905095264295,0.01782888583658271,0.30114381078529373,-0.4290637782682334,-0.3281105569142463,0.422923425400749,-0.5085075211022851,0.3372038474624728,0.23386241939717411,-0.38672790648682986,0.5427877488349754,-0.18414389126507869,0.18414389126507869,0.01066168865237449,-0.026966746128952557,0.22433004564782658,0.11576141820677699,0.5033660918536683,-0.03929100039127342,0.8026451635871694,0.6483674073908139,-0.13784562416102675,-0.12791996748293966,0.04875236572446717,-0.12791996748293966,0.30114381078529373,-0.04629826710405194,-0.04192910096575064,-0.08558409570153613,-0.04944071257677052,-0.06753380559981559,-0.08558409570153613,0.5548095207227143,-0.18832996230439816,0.8014099941478107,0.8190864501227658,0.025198214073263895,-0.18414389126507869,0.18414389126507869,0.3128374737970181,1519159949.3136208,0.8746270230837558,0.3492063492063492,0.07936507936507936,0.047619047619047616,0.04293162121206668,0.609820846646637,0.66632371363769,0.0276646181161595,-0.05003848298814706,-0.003243843962919657,0.776941032080044,1.2228414106225358,-0.07064265894562305,0.15535170806663176,-0.038023281243974694,-0.05578816122228314,0.4544369608230811,0.9784193036372342,0.51640782344588,0.021266000188093184,-0.027167467830595426,-0.18414389126507869,0.18414389126507869,0.10796146309222876,0.9206349206349206,0.25396825396825395,1328698344.0562415,21.007465612024703,0.2857142857142857,0.06349206349206349,0.031746031746031744,0.040769207942800076,0.02311584269033995,-0.03296491295540571,0.07893948313818783,0.03509885407978919,0.5,0.053613746853765576,-0.07064265894562305,0.3372038474624728,0.05854436663070428,0.03509885407978919,0.03460725930766273,0.4446298947555401,0.019970906557514927,-0.008014549729852827,0.008014549729852827,0.10796146309222876,1041302306.1648414,0.02899686585179939,0.039321124941612245,0.02605008652177121,-0.023445512550915093,-0.018050290101720545,0.06728139138811962,0.20111355656011343,3.0,11.0,3.0,1.0,1.0,1.0,63.0,126.0,0.9222748815165878,0.21251065813922065,1.0226791186437194,1.5107431707315935,1.5107431707315935,0.9881796690307328,0.2860205454775882,0.5525263951168894,1,1,1,1,1,1
recent_month_top_future_return,2026-02-28,MU,412.1968383789063,3.2175713817316045,3.418684938291718,1.1973823163774515,1.2325768223353695,3.3741635830995707,2.782251914141723,2.468573429416194,-1.6249992540969245,-1.0014749172884403,0.9883042662695163,-0.2438160165289578,0.4059322772744556,2.4012920380280742,-1.7240851796756353,3.820455651902548,-0.058085862528405086,0.058085862528405086,0.22031402908606124,1.4670985121277536,0.819792370498562,0.3382149441860687,1.3892803929103565,0.4107531385569725,1.2187042672303652,2.8705035238326086,0.008317571521388123,0.8435741753192694,1.5930820389544056,0.8435741753192694,2.468573429416194,0.05679942274959249,0.2553653907438991,0.7444882497405585,0.20739726151245153,0.762538539842279,0.7444882497405585,0.646146338117253,1.1172687496264786,1.0298964997406033,1.031262697059026,0.03269903351757701,-0.058085862528405086,0.058085862528405086,2.484089384404154,8137975689.677484,1.3786135700797189,0.42857142857142855,0.18253968253968253,0.047619047619047616,0.04974670679837564,-0.4384109880073457,-0.4418085631809797,-0.010103979981495037,0.24908972635795767,0.14081368756081258,1.323659718005087,1.1729156802735476,0.45362804795864275,0.18864800340228058,0.4448336975315961,0.15864927919653105,0.6663466153416115,0.9986752189114192,-0.11608051775516037,0.03333491770668079,0.0930007405541251,-0.058085862528405086,0.058085862528405086,0.8292682712119253,0.2857142857142857,0.7619047619047619,11219123718.768238,23.140885634148606,0.42857142857142855,0.19047619047619047,0.031746031746031744,0.052554594132418725,0.021974201812285266,0.03153302289446347,-0.009091300295042161,-0.006049931713547174,0.8333333333333334,0.24265367032794397,-0.006049931713547174,0.45362804795864275,0.01739558083736792,-0.006049931713547174,0.007749274864901734,0.6654638519471672,0.03124393727456026,-0.058085862528405086,0.058085862528405086,0.10480912059364367,14918882265.110996,-0.01200819508089157,0.05686469744944008,-0.016250706118606795,-0.023445512550915093,-0.018050290101720545,0.06728139138811962,0.20111355656011343,3.0,11.0,3.0,1.0,1.0,1.0,63.0,126.0,0.9819905213270143,-0.18039158750816076,0.2546432310796596,1.3556706640903964,1.3556706640903964,0.983451536643026,0.2860205454775882,0.5525263951168894,1,1,1,1,1,1
recent_month_top_future_return,2026-02-28,PLUG,1.7899999618530271,-0.08931234789639708,0.11180120866371634,1.0226840706842018,1.079880848408447,1.0340908767640093,0.19333330790201808,0.1401273261471141,-0.474699845189136,-0.37188697401616366,0.28025472822370956,-0.3897074792953774,0.4840763349446835,0.07284593475899448,-0.24958007721878195,0.1283095105144331,-0.5665859776627775,0.5665859776627775,-0.014320200620986379,-0.23175964786904957,0.2497366449363271,0.15450650012974876,1.0839121119446382,-0.2569839520089281,1.608524192995758,1.3230140438353697,0.20443690637257594,-0.3345725190420219,-0.14206828025465246,-0.3345725190420219,0.1401273261471141,-0.25278812352882885,-0.028107322620364972,-0.10945275107166785,-0.019900478628265383,-0.09140246096994731,-0.10945275107166785,1.092103972537185,-0.13540682888256603,0.7235731454497499,0.740154063341215,0.04764067838622799,-0.5665859776627775,0.5665859776627775,0.2695035490973614,284486608.9073678,0.7363503929555881,0.5873015873015873,0.11904761904761904,0.16666666666666666,0.09029582267522254,-0.1441729448726614,-0.2773912836194673,-0.07978934999988474,-0.07029512320291631,-0.15962442447027803,0.5134593642241774,1.2929460120216767,0.07614205825909193,0.26033027048008867,-0.09137059093556776,-0.15326087191447413,0.8083251928644802,0.9775980181523084,0.051651644158154264,0.03945297576146476,-0.21221052182057554,-0.30888030070567307,0.30888030070567307,0.0,0.3968253968253968,0.0,209481826.25954303,19.160147550172837,0.5396825396825397,0.09523809523809523,0.1111111111111111,0.07720071253459819,-0.14340406257541927,-0.235918375910545,-0.19698428252184638,-0.1556603497735699,0.5,0.04772932356714334,-0.25278812352882885,0.4840763349446835,-0.1322148372226548,-0.1556603497735699,-0.08087292626601805,0.7902171065668984,0.040066084539829364,-0.23504272328639453,0.23504272328639453,0.0,186891374.5564302,-0.04329237327187563,0.06743815692121348,-0.04380342846430041,-0.023445512550915093,-0.018050290101720545,0.06728139138811962,0.20111355656011343,1.0,3.0,1.0,0.0,0.0,1.0,63.0,126.0,0.7183649289099526,0.26256985398127086,0.7486034531535455,1.2067039842808898,1.2067039842808898,0.9787234042553191,0.2860205454775882,0.5525263951168894,1,1,1,1,1,1
historical_mega100_examples,2026-03-31,AMAT,341.3656311035156,1.1394641012957425,1.3762929183899737,1.0423340646236403,1.0630593621807507,0.8783513940239149,1.1329129618882736,0.6747438896434756,-0.3180886939182628,-0.203756806431592,0.25766205051180147,0.07397063170353935,0.13851706024956467,0.7109177652094577,-0.34311120742813483,1.366563014323292,-0.1345993119264458,0.1345993119264458,0.09340325212681289,0.47098708321188365,0.1611257448196347,0.08427483110441614,1.1199546928898727,0.13129343799922677,1.7548416947584111,2.6684372350697982,-0.06859902261291162,0.35665519572521287,0.5007953895268574,0.35665519572521287,0.6747438896434756,0.01879085264582403,0.09163859872915658,0.3316326822153408,0.2542122037362342,0.39088976893204497,0.3316326822153408,0.4937524889604903,0.597180919511326,1.1817696900817294,1.124714003430619,0.02491191124332983,-0.1345993119264458,0.1345993119264458,0.6747438896434756,2189272236.7422557,1.167578800778802,0.3412698412698413,0.06349206349206349,0.05555555555555555,0.03775921384759711,-0.07806313181586921,-0.1536158688286079,-0.07725025575110211,0.04238138121121238,-0.007925828892155984,1.2455110467655768,1.2608746073443622,0.15650387906519736,0.11684103491063205,0.06172837279726284,-0.0053581254718981786,0.5553303385625855,1.0507290622123298,-0.08033143197590387,0.02822642250035515,-0.061473747475440876,-0.1345993119264458,0.1345993119264458,0.3316326822153408,0.38095238095238093,0.9682539682539683,2556147852.753848,21.66176721754529,0.38095238095238093,0.09523809523809523,0.07936507936507936,0.041121818671370096,-0.040261682675033605,-0.09672597678088724,-0.14044519139661596,-0.08195001156809056,0.8333333333333334,0.09505813587219097,-0.08195001156809056,0.2542122037362342,-0.0335675164036805,-0.08195001156809056,-0.016693381270781016,0.5835017258559211,0.028995113709011776,-0.08609851819752268,0.08609851819752268,0.0577803940481425,2422026688.768659,-0.026097793969002137,0.04872246358296076,-0.0005964863112636332,-0.048382495164410066,-0.059257086716704155,-0.03617387556598206,0.2368288170942312,2.0,7.0,2.0,0.0,1.0,1.0,63.0,126.0,0.9204976303317536,0.15418819941481532,0.3184103979762323,1.1179636557517347,1.1179636557517347,0.9716312056737588,0.44676642235945613,0.872648866758692,1,1,1,1,1,1
historical_mega100_examples,2026-03-31,DDOG,118.0500030517578,-0.04692856368082521,0.189900253413406,1.0670403755478397,1.0937954164535344,-0.1211940635553036,-0.136303706631121,-0.1709971340478248,-0.09123643195161357,-0.10392452419203402,-0.04501396543584102,-0.08690751200176428,0.1433286835457741,-0.13482325848184273,0.0390756566102195,-0.26823324139527677,-0.4089224798206107,0.4089224798206107,-0.050041015436432135,-0.2749216582398588,0.05669418096022362,-0.017197979815398723,0.9866396789587242,-0.13906048619091993,1.33543238356506,1.0273386930695292,0.1536967116554936,-0.26223356599943837,-0.23605078609570732,-0.2749216582398588,-0.1709971340478248,-0.1501155542671161,-0.03231571508383857,-0.1319214774376053,-0.04904770865150532,-0.07266439072090114,-0.1319214774376053,0.6374941940765579,-0.19862491360418744,0.8306164775595044,1.0418508523231145,0.026014925681686955,-0.4089224798206107,0.4089224798206107,0.15041665944854987,707421694.6656666,1.0019161626178077,0.2857142857142857,0.07936507936507936,0.07142857142857142,0.042622429445597375,-0.24386846726821287,-0.2027390989957849,0.13489371291094132,-0.006335845243341853,-0.03489342192156031,0.9686672952349756,1.0145399883535642,-0.13424069947833162,0.11212782106282762,-0.08714818770622146,0.06147433028397997,0.6641738694496988,0.7972508499728147,-0.19953556622455226,0.03088026609073729,0.08483919201746803,-0.1654000004315117,0.1654000004315117,0.15041665944854987,0.9047619047619048,0.4126984126984127,708777229.6720111,20.37905183296943,0.3968253968253968,0.1111111111111111,0.1111111111111111,0.0513229671281452,-0.01990219829912132,0.07512314303030121,0.10272541707158842,0.05439446246056412,0.3333333333333333,-0.02547979936766892,-0.1501155542671161,0.1433286835457741,0.10277695762497419,0.05439446246056412,-0.05054889454592393,0.5295131819485056,0.02666326217807379,-0.10063989035433163,0.10063989035433163,0.056186871229372715,548564644.9146816,-0.043362672527791135,0.05444000097866012,-0.009531308375403946,-0.048382495164410066,-0.059257086716704155,-0.03617387556598206,0.2368288170942312,3.0,11.0,3.0,1.0,1.0,1.0,63.0,126.0,0.8590047393364929,0.1197797460746266,1.0952985998235643,1.2055059603633418,1.2055059603633418,0.9763593380614657,0.44676642235945613,0.872648866758692,1,1,1,1,1,1
historical_mega100_examples,2026-03-31,PANW,160.32000732421875,-0.29730697053036936,-0.06047815343613816,0.6826523770383603,0.6994119792537545,-0.2165754114426155,-0.15851352231261462,-0.21265096174886322,0.05586351740536111,-0.05941585933013083,-0.09537372868400618,-0.034267910944974944,0.08162268330480726,-0.17647708618288116,0.0830093221198821,-0.6033286773261473,-0.27581532302755096,0.27581532302755096,-0.057664179923850534,-0.27206682107899405,0.05764880978441859,-0.13671449264146585,1.0108076891345599,-0.10076054515567956,1.3828348344655867,1.0739202195604163,-0.005235439367271333,-0.1567874443435021,-0.21383507572378646,-0.27206682107899405,-0.1567874443435021,-0.031189227277542586,-0.06085771347077518,-0.12964163962898112,-0.0392507917878554,-0.07038455291227697,-0.12964163962898112,0.35246287759981354,-0.3143533685033345,1.2382106602762246,1.170073151204355,0.016465607873122737,-0.27581532302755096,0.27581532302755096,0.13164402764396743,1395641515.8045692,1.2111226121881393,0.15079365079365079,0.0,0.03968253968253968,0.02999680760064657,-0.17803745254808812,-0.1151152078431611,0.07787413213819716,-0.04601759828540841,-0.02013151287782966,1.0844192654637603,1.2628046396455102,-0.1585014570733717,0.1016607198662096,-0.0940837078693344,0.033269727459932286,0.41240734987576866,1.058233546340018,-0.06269573523899352,0.019121421103769156,0.06655028419094156,-0.17318198880497482,0.17318198880497482,0.13164402764396743,0.9047619047619048,0.3968253968253968,1690292998.2994442,21.248167723220675,0.2222222222222222,0.0,0.06349206349206349,0.036060010889084546,0.01563922922213301,0.049375547670502895,0.17540592393999677,0.0765512308316072,0.3333333333333333,-0.034580342440636846,-0.1585014570733717,0.08162268330480726,0.12493372599601726,0.0765512308316072,-0.012895982832313635,0.43642329239572325,0.02052975610970908,-0.05549662933953825,0.05549662933953825,0.09046390059348619,1309643672.084772,0.005689647419207411,0.04011174522609477,0.039324771249733326,-0.048382495164410066,-0.059257086716704155,-0.03617387556598206,0.2368288170942312,3.0,11.0,3.0,1.0,1.0,1.0,63.0,126.0,0.660781990521327,0.11851296863763161,0.7570483381511968,1.1271205927780397,1.1271205927780397,0.9739952718676123,0.44676642235945613,0.872648866758692,1,1,1,1,1,1
recent_month_non_top10_control,2026-03-31,AAPL,253.55638122558597,-0.08932005095057405,0.14750876614365716,1.0272452164359305,1.035843903535288,0.24073844267196165,0.09534640931991656,-0.0013992489943873698,-0.08761827565252545,-0.05813497426015235,0.06870171940442371,-0.1342962320041392,0.06181508747860254,0.03477462657159469,-0.06419526360532812,-0.006561979141997876,-0.1123817542321266,0.1123817542321266,-0.00371351654742913,-0.05953422325453972,0.04458307324823331,0.03236429041178379,1.1897599010938,-0.044449429734922274,0.8172062314974939,0.6980074744492502,-0.036554667981507305,-0.08901752464691282,-0.04998366563194664,-0.08901752464691282,-0.0013992489943873698,-0.025067288626873463,-0.01908273364451174,-0.0655945125997155,-0.045537972790174464,-0.006337425883011338,-0.0655945125997155,0.2132358186620738,-0.2668145708333502,0.9070567741320457,1.1529163779271028,0.009353683565895223,-0.1123817542321266,0.1123817542321266,0.036709348730078695,12284171252.735804,1.0015606882745305,0.05555555555555555,0.0,0.0,0.019770351602297894,-0.31462624280571816,-0.3415815042781002,-0.010583144930827126,-0.020542136447247117,-0.023699847276803965,0.9947536542938546,0.8551290889221771,0.019065677185734042,0.04354100269254906,-0.0210134497106943,-0.05547950192146922,0.24584306769619862,0.7867498384947027,-0.3060226297526212,0.011020737985816638,-0.0611142542753913,-0.08662633629178573,0.08662633629178573,0.02970191195810523,0.5714285714285714,0.7777777777777778,12303343014.772274,23.233136852296784,0.07936507936507936,0.0,0.0,0.02147288057028121,-0.017223192960405975,-0.06934331516093162,-0.20333935827056207,-0.039329287398935375,0.5,0.0005517510433561782,-0.045537972790174464,0.06181508747860254,0.009053207765474691,-0.039329287398935375,-0.0007225532245714872,0.19341699380502653,0.009376391885724885,-0.03776310555028273,0.03776310555028273,0.029031290418426448,10369917092.749023,0.013234800933169755,0.02173337061130627,0.01133307773297898,-0.048382495164410066,-0.059257086716704155,-0.03617387556598206,0.2368288170942312,2.0,8.0,2.0,0.0,1.0,1.0,63.0,126.0,0.4799763033175355,0.06919119500662885,0.23073217897426046,0.1412056914241986,0.23073217897426046,0.7612293144208038,0.44676642235945613,0.872648866758692,0,0,0,0,0,0
recent_month_non_top10_control,2026-03-31,ABNB,126.27999877929688,-0.17973857980064434,0.057090237293586865,0.995263592377518,1.013769460903049,-0.045791126842117724,-0.03255956515548586,0.04002636043190577,0.03938214529646622,-0.042081063564111676,0.1177730461819031,-0.18732802965154838,0.04216770568105255,0.07620023599788783,-0.10958134390155105,0.13041947681574265,-0.11170515246015766,0.11170515246015766,0.009681388419669146,-0.002054703132205904,0.0407390551287519,-0.07547023062006297,1.004116255715489,-0.01356967315351354,0.6654631872400714,0.5496219227822854,-0.0894694814007595,0.07940850572837199,0.03912672100935729,-0.002054703132205904,0.07940850572837199,0.16009918539142132,-0.01768784163692938,-0.06955498346964528,-0.04678754823461484,-0.010297896752941127,-0.06955498346964528,0.306904776872056,-0.190038149131987,1.178274898084224,1.1925698118580148,0.014017765509706855,-0.09845083046938286,0.09845083046938286,0.13214988114382908,594905680.7234325,0.99170749134941,0.1111111111111111,0.007936507936507936,0.023809523809523808,0.028184257267668107,-0.4392244364084019,-0.47587345743538545,-0.06303991839320722,0.019999503167260846,-0.01905113799529612,1.1026854093085412,1.0011355103386386,0.04436890863267462,0.09050284700016059,-0.023884953656306496,0.03938615416228508,0.3660053720126338,0.9880133526510122,-0.1989830309779902,0.01706665316342165,-2.3293645829092213e-05,-0.09845083046938286,0.09845083046938286,0.08899620365904348,0.8412698412698413,0.5079365079365079,589972420.2197484,20.195586350076177,0.15873015873015872,0.015873015873015872,0.047619047619047616,0.03234573445245473,-0.029583318490381427,-0.042080192114095416,-0.18072699352426727,-0.06535416913008418,0.5,0.009837308620064414,-0.07547023062006297,0.16009918539142132,-0.016971673965674117,-0.06535416913008418,-0.03118647378146233,0.36161819469048323,0.01676818778393639,-0.07044539487857326,0.07044539487857326,0.027752876670377402,490170643.24533373,-0.019679389996218766,0.034489660684064526,-0.00585716281852644,-0.048382495164410066,-0.059257086716704155,-0.03617387556598206,0.2368288170942312,2.0,7.0,2.0,1.0,1.0,0.0,63.0,126.0,0.571563981042654,0.11149827341749274,0.0556699306877837,0.13319613150785314,0.13319613150785314,0.5981087470449172,0.44676642235945613,0.872648866758692,0,0,0,0,0,0
recent_month_non_top10_control,2026-03-31,ADBE,243.0800018310547,-0.603032236371127,-0.3662034192768958,0.9394210712692433,0.9329688847554215,-0.37169148375945515,-0.31853099660122997,-0.3109000656809222,0.07021658747973669,0.025189988324766377,-0.007824265813253017,-0.2976415800291574,-0.0352657758792525,-0.27472619011494015,0.005434219838511778,-0.9380884517982526,-0.42217360924412495,0.42217360924412495,-0.05744214731067809,-0.28571007735615583,0.0355722253557551,-0.059298853458769285,1.2885858266529604,-0.19107614132893969,1.1623192514885172,0.5018045723512496,-0.282868440475066,-0.24068347820118552,-0.27909787374608785,-0.3109000656809222,-0.24068347820118552,0.09327456001037171,-0.11319371604195905,-0.30546584584241043,-0.16211889430431536,-0.24620875912570628,-0.30546584584241043,0.3314187111939686,-0.8202388409798295,1.2370540834606514,1.1236868640828865,0.015080572555248578,-0.3246089317948967,0.3246089317948967,0.03508774323649799,1470441870.998407,1.0814900194576589,0.12698412698412698,0.007936507936507936,0.031746031746031744,0.028174196078829386,-0.10244792279628101,-0.16856462205960276,-0.0443833320221817,-0.0650749942799147,-0.08912267762059511,0.995778874367294,1.190147774709674,-0.10516622792119568,0.08568282214342705,-0.17108268770313828,-0.030800436826034394,0.3724108522799424,1.1008886220898302,-0.10784358326130328,0.017553906849529028,-0.06177833562873036,-0.31043092367030245,0.31043092367030245,0.03508774323649799,0.9841269841269841,0.031746031746031744,1590268207.6774235,21.187168523655668,0.1746031746031746,0.0,0.047619047619047616,0.03138555288457615,-0.05449697608211834,-0.07575792969389095,-0.17967423173280628,-0.07366335719405293,0.16666666666666666,-0.057039758124535676,-0.16211889430431536,0.09327456001037171,-0.02528086202964286,-0.07366335719405293,-0.0502368642513642,0.4099828700177651,0.018585918762804837,-0.14293771237596387,0.14293771237596387,0.03508774323649799,1680970536.485799,0.0028756210106428703,0.03740684631574939,0.015219099132917302,-0.048382495164410066,-0.059257086716704155,-0.03617387556598206,0.2368288170942312,2.0,8.0,2.0,0.0,1.0,1.0,63.0,126.0,0.6877962085308057,0.01242391085120964,0.06635671179249902,-0.15657395619507286,0.06635671179249902,0.3947990543735225,0.44676642235945613,0.872648866758692,0,0,0,0,0,0
recent_month_non_top10_control,2026-03-31,ADI,318.1400146484375,0.3647671233053531,0.6015959403995843,0.9750807126144218,0.9963155232328856,0.350852620422746,0.2794155990512883,0.3034729898020936,-0.09648080720016061,0.06441367444672697,0.10768356481597263,0.0690721722962313,-0.04708992062737882,0.33964686536807565,-0.12671725268988965,0.9625769284419131,-0.11547625441516818,0.11547625441516818,0.060974709017103335,0.36788666424882055,0.08097808534632907,0.1333020080544718,1.14020930671484,0.08051242365842537,1.3931542799709642,1.8161580287504582,-0.07246123649224401,0.20699218260193297,0.29278394555094905,0.20699218260193297,0.36788666424882055,0.02569475086132167,0.04466597344334011,0.17675573711220394,0.14631271473357477,0.2360128238289081,0.17675573711220394,0.3152714145074242,0.5468597375475608,1.1716570759556404,1.0252103312035454,0.015274615907040845,-0.11547625441516818,0.11547625441516818,0.42212840325386125,1108731738.3837867,1.1641805160131633,0.14285714285714285,0.015873015873015872,0.007936507936507936,0.026455514810764334,-0.2984859644815452,-0.37075663753709176,-0.1015904660111484,0.0017081056275802808,-0.015162428359143276,1.1591879789705437,1.175308619405202,0.14446083792814246,0.10823198831947309,0.026557345118260134,-0.06423912718231917,0.3232195112861666,1.1428455608520582,-0.13129518275792185,0.015427236159886377,-0.10867343892486347,-0.11547625441516818,0.11547625441516818,0.17675573711220394,0.38095238095238093,0.9682539682539683,1290763887.3118083,20.978500041543587,0.15873015873015872,0.015873015873015872,0.0,0.02781661803219405,-0.028051843353665618,-0.11824644332473311,-0.27889493026352286,-0.10302099373127283,0.6666666666666666,0.04994323286980984,-0.10302099373127283,0.14631271473357477,-0.05463849856686276,-0.10302099373127283,0.008477989614482206,0.36938998365416725,0.017954677758447675,-0.06843136203599454,0.06843136203599454,0.04962061445747823,1260271391.7775471,0.017523813439203062,0.031205927605354292,0.016987102888152972,-0.048382495164410066,-0.059257086716704155,-0.03617387556598206,0.2368288170942312,2.0,7.0,2.0,1.0,1.0,0.0,63.0,126.0,0.7106635071090047,0.26441186661207894,0.30084235571826135,0.24841263324460905,0.30084235571826135,0.8226950354609929,0.44676642235945613,0.872648866758692,0,0,0,0,0,0
recent_month_non_top10_control,2026-03-31,ADP,201.65008544921875,-0.5550972066085763,-0.3182683895143451,0.7950725292616454,0.8148904824108582,-0.3279704568869687,-0.31835580612319947,-0.29750261828364133,0.10511316335876153,0.08960013985238446,-0.11791217514916852,-0.0856848342130716,-0.11311756117470484,-0.26132874271765927,0.0939056089214012,-1.2685200959273053,-0.3626587946724179,0.3626587946724179,-0.053434409515380366,-0.20790247843125687,0.05674154279297481,-0.019208545010929945,1.4884403897089575,-0.14629255613800352,0.9569391580980515,0.5585121980054282,-0.11368628431135097,-0.1923894549248798,-0.232598183879926,-0.29750261828364133,-0.1923894549248798,0.01407271766820628,-0.08279848723083438,-0.20359700936224012,-0.04046966981915212,-0.14433992264553597,-0.20359700936224012,0.23452731985784026,-0.7560189219126835,1.0644732125145802,1.1482733579303928,0.010725340482238858,-0.29750261828364133,0.29750261828364133,0.009589979502374613,673240240.9032912,1.1596877974955095,0.047619047619047616,0.0,0.015873015873015872,0.02035440084616107,-0.31086082381419167,-0.3414060870983445,-0.03547407581167328,-0.08374124255126358,-0.08102481742710299,1.0767159244807432,1.1943693225157757,-0.1315128399019233,0.0558669506725257,-0.17000748638382535,-0.039302483157781065,0.2693014730995775,0.9270207352308067,-0.139653177265878,0.013393882227700115,-0.027327788137528453,-0.22991218019742876,0.22991218019742876,0.009589979502374613,0.873015873015873,0.031746031746031744,780748492.1584841,20.475763624133265,0.07936507936507936,0.0,0.015873015873015872,0.024709051380596876,-0.03558572547327843,-0.03999649841428232,-0.17754512665021102,-0.04432379458270275,0.16666666666666666,-0.055759948803534444,-0.1315128399019233,0.01407271766820628,0.00405870058170732,-0.04432379458270275,-0.03260452470297737,0.24964804959150969,0.013600694288905858,-0.09450698835565263,0.09450698835565263,0.009589979502374613,886006080.2104405,-0.013090518972807441,0.027385469355577518,-0.0006099638869133672,-0.048382495164410066,-0.059257086716704155,-0.03617387556598206,0.2368288170942312,2.0,7.0,2.0,1.0,1.0,0.0,63.0,126.0,0.40343601895734593,0.043114516917461154,0.0918397861878697,0.11058716612663777,0.11058716612663777,0.5224586288416075,0.44676642235945613,0.872648866758692,0,0,0,0,0,0
recent_month_non_top10_control,2026-03-31,AEP,130.13490295410156,0.002794135547085075,0.23962295264131628,0.9511080015022311,0.9473113356200303,0.29390918990348247,0.19940719601761514,0.1836281802599451,-0.11619320261018995,-0.07637568453376553,0.03305976325690474,0.11269019464325258,0.0689776585092956,0.21980205582592716,-0.03787822235978777,0.980431045838994,-0.0228848433354345,0.0228848433354345,0.025992173480396064,0.10725249572617956,0.05904735425427673,0.03730205484187277,0.9504629901989622,0.07512313958772476,0.9781562618715969,1.2664724537593144,0.04546774940123188,0.06743497764975515,0.11943855121195994,0.06743497764975515,0.1836281802599451,-0.06835259273666638,0.05569579293068738,0.14574995790015732,0.03876510531274824,0.20500704461686148,0.14574995790015732,0.18729331454697778,0.8073981229271453,0.9380815860403762,0.9638255329123688,0.008398280493084066,-0.0228848433354345,0.0228848433354345,0.1836281802599451,430941472.7292984,1.051431264849973,0.015873015873015872,0.007936507936507936,0.0,0.016823697521773092,-0.06250375082518156,-0.08169924197036083,-0.0228848433354345,0.0609307508324195,0.034379577915809145,1.222644912251647,1.0416242977879278,0.12604849326197942,0.06796300206930805,0.10299234354353692,0.03597442420272334,0.18051807870416478,0.9732898268484309,-0.07176952939312309,0.008921952419632494,-0.015151845977613876,-0.0228848433354345,0.0228848433354345,0.1619737878378833,0.1746031746031746,0.9047619047619048,453105337.74807644,19.93163519228275,0.015873015873015872,0.0,0.0,0.0184498792258544,0.0003434208765158431,-0.022001025087803106,-0.11653779678631691,-0.020475272473970074,0.6666666666666666,0.03037757445254326,-0.06835259273666638,0.12604849326197942,0.027907222690439992,-0.020475272473970074,0.0013827407797499802,0.17569640956498797,0.00874696055840939,-0.0228848433354345,0.0228848433354345,0.04313225357964634,520079310.437811,0.014928135803369491,0.020020482457317707,0.009161593310595073,-0.048382495164410066,-0.059257086716704155,-0.03617387556598206,0.2368288170942312,2.0,7.0,2.0,1.0,1.0,0.0,63.0,126.0,0.3199052132701422,0.04600246631274052,-0.026625484066932437,0.051293653377883386,0.051293653377883386,0.34988179669030733,0.44676642235945613,0.872648866758692,0,0,0,0,0,0
recent_month_non_top10_control,2026-03-31,AKAM,114.8499984741211,0.18987923848491284,0.42670805557914404,1.3069907873083906,1.3727338528960153,0.43994477680625854,0.4514091047710762,0.5159714260250363,-0.23301786502290267,0.013322859030076684,0.15166311430546675,0.16466924642944547,-0.008711769317569007,0.5521453015910184,-0.1996390652901241,1.0989764575512115,-0.03608898864196719,0.03608898864196719,0.08118167020106704,0.529294285055113,0.13853914989363902,0.19201063198309298,1.7498051115902513,0.20826563803068088,2.270116918844567,3.3045607236618464,0.002054535990312578,0.28295356100213365,0.442739757360761,0.28295356100213365,0.529294285055113,-0.025357425471286832,0.08784379196139924,0.3163323607349122,0.11346706619918523,0.3755894474516164,0.3163323607349122,0.46950180095281285,0.5872449022096984,0.8101348341390654,1.1473267108806782,0.01963798513511317,-0.03608898864196719,0.03608898864196719,0.595803758873398,336999700.41602606,1.3121470776582707,0.19047619047619047,0.023809523809523808,0.015873015873015872,0.03338076521544537,-0.19344373528975212,-0.058512182682149194,0.083542386546131,0.07877778287467962,0.11782899064442254,1.3269244707479595,1.4590810579277453,0.012763745180582653,0.0944897289075614,0.1821924515721931,0.09682640380157737,0.5386719570397456,0.7061064877651222,-0.008023505480845294,0.02440784270047421,0.1159935216317114,-0.03608898864196719,0.03608898864196719,0.34958872542220987,0.06349206349206349,0.9523809523809523,442193172.0726013,19.907257387717113,0.2857142857142857,0.031746031746031744,0.031746031746031744,0.03963399092429054,0.08157908076072706,0.16099577301399326,0.43982942427693983,0.16729341586116941,0.6666666666666666,0.07524427740586241,-0.025357425471286832,0.19201063198309298,0.21567591102557948,0.16729341586116941,0.05579582773701741,0.38035976364289953,0.02108944755816388,-0.03608898864196719,0.03608898864196719,0.14976473296507953,510707416.9911339,0.012572276748294309,0.04335466726354266,-0.002986282005056351,-0.048382495164410066,-0.059257086716704155,-0.03617387556598206,0.2368288170942312,2.0,7.0,2.0,1.0,1.0,0.0,63.0,126.0,0.7030805687203792,-0.10335215737823578,0.30204610598952986,0.02925555642134947,0.30204610598952986,0.8250591016548463,0.44676642235945613,0.872648866758692,0,0,0,0,0,0
recent_month_non_top10_control,2026-03-31,ALGN,171.42999267578125,-0.15770259263788677,0.07912622445634443,1.2595116568056604,1.310798384007117,-0.09454396546853783,0.20759357965735648,0.3690304344721411,-0.2043454026607956,-0.12570300043641058,0.24700520982479812,-0.149150586856152,0.10110208863355497,0.4052043100381232,-0.271175811503495,0.9564706059085456,-0.17259524757106948,0.17259524757106948,0.05456348415278045,0.24332743403573054,0.1030719128690748,0.06752246322087485,0.52225174298799,0.03656043924180752,0.5942788074133762,0.7502863590197151,-0.07594773092370322,0.16468503181134553,0.25901430010640575,0.16468503181134553,0.3690304344721411,0.06087364159563036,0.025726861600050555,0.09785462296864611,0.04406023151927507,0.15711170968535026,0.09785462296864611,0.3858251703632872,0.22063881367721333,1.214882454426039,1.149499740572514,0.017580376263347935,-0.13204396008502783,0.13204396008502783,0.3690304344721411,206690407.70302424,1.0474950484871712,0.19047619047619047,0.023809523809523808,0.015873015873015872,0.03249369461105658,-0.48294786358290864,-0.5337283476429104,-0.09452693001360069,-0.0012345639465446423,-0.030017828489391163,1.2652379006447168,0.7448587428822413,0.16604310572844305,0.08742896166432539,0.05152422228657394,-0.057362349200426266,0.4435059332389446,1.0568792767373405,-0.3223928306410183,0.02024307310595509,-0.07280046908228266,-0.13204396008502783,0.13204396008502783,0.09869892980174622,0.5238095238095238,0.9523809523809523,216507178.63871256,19.193134267160485,0.2698412698412698,0.031746031746031744,0.031746031746031744,0.034849849586907525,-0.038264505632633505,-0.08517890456151611,-0.2095258846204482,-0.09821153513045089,0.8333333333333334,0.05689833259455457,-0.09821153513045089,0.16604310572844305,-0.04982903996604082,-0.09821153513045089,-0.012352117020514974,0.46873222995029495,0.024398300137976864,-0.06137761033360223,0.06137761033360223,0.04384093731687799,242622521.73788887,-0.01686637390471324,0.04336630789651555,-0.005245668062766717,-0.048382495164410066,-0.059257086716704155,-0.03617387556598206,0.2368288170942312,2.0,7.0,2.0,1.0,1.0,0.0,63.0,126.0,0.5687203791469194,0.02671645585213711,0.020533188023394322,-0.016158135285641917,0.02671645585213711,0.2789598108747045,0.44676642235945613,0.872648866758692,0,0,0,0,0,0
recent_month_non_top10_control,2026-03-31,AMZN,208.2700042724609,-0.1421688240026313,0.09465999309159989,0.8242139365517409,0.8405466875731824,-0.05068597086523452,-0.09052399881021433,-0.0514642377138157,-0.05551628204285508,-0.09573909030416261,0.05123650601053242,-0.14893168986035887,0.11226484981660545,-0.015290362147833636,-0.04623094613601075,-0.1600874770948924,-0.1800393532580279,0.1800393532580279,-0.013953327807448845,-0.1472033280179783,0.04807269718623442,-0.04504135592915348,0.9049282551877195,-0.07271733656591972,1.3979174612548548,1.1636524740208527,-0.0668370407033807,-0.10698051975667078,-0.1018826951628216,-0.1472033280179783,-0.0514642377138157,-0.010290686407351424,-0.04626534813562455,-0.09769518384982645,0.036738564502459825,-0.038438097133122295,-0.09769518384982645,0.3214757246958804,-0.311159960760214,1.0328601310024093,0.976655190405806,0.015118849310029601,-0.1800393532580279,0.1800393532580279,0.047688572395506945,10729830372.137232,1.0214927593318601,0.09523809523809523,0.007936507936507936,0.007936507936507936,0.023488400827544366,0.018238400078017802,0.009850075879202391,-0.006993272266926476,-0.05097824718310262,-0.03506063190766162,0.9421905494815108,0.9392920435015544,-0.12244046250772744,0.07863716460434211,-0.12966986370069322,-0.008177147661896367,0.31397093511369956,1.057548396966231,0.07959482489618597,0.015837001194340568,-0.0012067442597432088,-0.15809685438755883,0.15809685438755883,0.047688572395506945,0.873015873015873,0.49206349206349204,10960444033.997261,23.11755863178769,0.1111111111111111,0.0,0.015873015873015872,0.025358087311561722,-0.005402682114182489,-0.016929533951123288,-0.02481052979302574,-0.00823807489304329,0.3333333333333333,-0.006167860903035061,-0.12244046250772744,0.11226484981660545,0.040144420271366776,-0.00823807489304329,-0.008891735399570555,0.3320394591234815,0.017024555281762922,-0.04873480428411381,0.04873480428411381,0.044797873475594274,9636066809.064083,0.006529151806107025,0.026552065423989087,0.013173664233538496,-0.048382495164410066,-0.059257086716704155,-0.03617387556598206,0.2368288170942312,2.0,8.0,2.0,0.0,1.0,1.0,63.0,126.0,0.6940758293838862,0.27267485533749514,0.2994670816560965,0.14437985042767787,0.2994670816560965,0.8203309692671394,0.44676642235945613,0.872648866758692,0,0,0,0,0,0
recent_month_non_top10_control,2026-03-31,ANET,122.77999877929688,0.3478381093342049,0.5846669264284361,1.1025657774583053,1.1508642934073836,0.20007821043080143,-0.10084221138568239,-0.15736742075373245,0.0969144490728695,-0.06401632660895196,-0.10074811102985981,0.03778543014106528,0.08221807134402481,-0.12119354518775038,0.09440473986493791,-0.3037476577934631,-0.24223909335124372,0.24223909335124372,-0.030264871183215414,-0.2213837473626844,0.08102388029994055,-0.17128549272273152,0.8573884048776529,-0.06981607435925785,1.0508949131253926,0.9217650711738266,0.009038238848060098,-0.060452971680862944,-0.1464013799324266,-0.2213837473626844,-0.060452971680862944,0.00267834498876951,0.007612457961156283,-0.06296268088879453,0.08173705879297777,-0.0037055941720903762,-0.06296268088879453,0.5180860385785636,-0.11005905350314721,1.249186550783528,1.1042198473621787,0.025581069869158177,-0.24223909335124372,0.24223909335124372,0.057263426187528,1067208556.6347092,0.9923724887101356,0.35714285714285715,0.06349206349206349,0.03968253968253968,0.04114466031402737,-0.13331416628885473,-0.20290872205926358,-0.07139528242734161,-0.03388296900395127,-0.08934209023033846,1.023232579265228,1.2651348232084776,-0.05813464917328137,0.09919882935893908,-0.13376609269837803,-0.024127265226624894,0.5720808864396973,1.1312842761952286,0.011533663153366458,0.02942805460998368,-0.03508258404509057,-0.18228435717457825,0.18228435717457825,0.057263426187528,0.6825396825396826,0.015873015873015872,1059068411.3203381,20.780655502348196,0.47619047619047616,0.09523809523809523,0.031746031746031744,0.04226298922270081,-0.07030160295910803,-0.057231470567499665,-0.12407502753852614,-0.0802996346120084,0.5,-0.023847716897041533,-0.17128549272273152,0.08221807134402481,-0.03191713944759833,-0.0802996346120084,-0.07182789314686977,0.6471861115410578,0.03293191258303182,-0.12061307066911353,0.12061307066911353,0.057263426187528,865461113.3719308,-0.04634672137693219,0.049765541653639715,-0.005411179428964741,-0.048382495164410066,-0.059257086716704155,-0.03617387556598206,0.2368288170942312,2.0,7.0,2.0,0.0,1.0,1.0,63.0,126.0,0.8828199052132701,0.406662391521293,0.2988271934043454,0.3836130198061023,0.406662391521293,0.8794326241134752,0.44676642235945613,0.872648866758692,0,0,0,0,0,0
recent_month_top_future_return,2026-03-31,ALAB,109.5999984741211,0.5999401092899728,0.836768926384204,0.9081745503748321,0.9645395557599284,0.2121212197918747,-0.3984632255221424,-0.4402451646277584,0.13580899898492926,0.027346100851118105,-0.15035751778626927,-0.1908302793283374,-0.04657819322692136,-0.40407128906177636,0.09905736751315175,-0.46945325355995315,-0.5648721758397908,0.5648721758397908,-0.07796945321873017,-0.4128990637766403,0.07182860816860454,-0.15593521798621246,0.9196342888220312,-0.2606534165718791,1.093295058437564,0.37908832873835974,-0.15396363259870371,-0.30443616564282916,-0.385860131349076,-0.4402451646277584,-0.30443616564282916,0.05578468539413328,-0.13009923372331644,-0.3411877971146067,-0.09461412259807755,-0.2819307103979025,-0.3411877971146067,0.9377827532119455,-0.35573321455712426,0.929166967843184,1.0227437439820029,0.04375468116582505,-0.513818027613786,0.513818027613786,0.09304878970193764,866499808.5000538,0.8470057170333629,0.5476190476190477,0.15873015873015872,0.14285714285714285,0.0743488038130191,-0.010084359546203792,-0.08697508195366377,-0.04918209328602696,-0.1934110890589965,-0.19574391500097488,0.6791849834589045,1.063614769128188,-0.21106091034858365,0.09197677574984141,-0.27234097711363914,-0.15008830836623954,0.9591114440617357,0.9085041813362924,0.05303874241861606,0.044490533295847526,-0.07431527901623047,-0.415996165911099,0.415996165911099,0.09304878970193764,0.5555555555555556,0.015873015873015872,733930291.6078597,20.413924612869828,0.5714285714285714,0.14285714285714285,0.15873015873015872,0.07380872022647035,-0.09488686459906026,-0.10364967816272763,-0.08914146180957559,-0.07767401510315752,0.16666666666666666,-0.08834629564480322,-0.21106091034858365,0.05578468539413328,-0.029291519938747457,-0.07767401510315752,-0.07983251999777785,0.8713567572975763,0.04230470967224794,-0.1408638493665545,0.1408638493665545,0.09304878970193764,551953136.365618,-0.0636040327543439,0.07574882553116848,-0.01487575233935523,-0.048382495164410066,-0.059257086716704155,-0.03617387556598206,0.2368288170942312,2.0,8.0,2.0,1.0,0.0,1.0,63.0,126.0,0.8985781990521328,0.7768248923757639,2.128193529897447,3.4071167494379413,3.4071167494379413,1.0,0.44676642235945613,0.872648866758692,1,1,1,1,1,1
recent_month_top_future_return,2026-03-31,AMD,203.42999267578125,0.7432178726626049,0.9800466897568361,1.0823585118887127,1.1525575451396768,0.43361523203575913,0.2508761395067798,0.2573706725854561,-0.32218934671150756,-0.4630945654712809,0.32369128221272514,-0.3737940595887349,0.5830397783886911,0.29354454815143816,-0.30747344996146586,0.36519742210172496,-0.23039381451273533,0.23039381451273533,-0.03629148286183059,-0.20572389288582482,0.23738745838016315,-0.15067154878022626,1.052205614004069,-0.06087749813229304,1.4056197275972622,1.2850914979341193,-0.02681218727734158,-0.06481867412605147,-0.004390631475473398,-0.20572389288582482,0.2573706725854561,-0.015492093670292695,-0.026284132883675038,-0.050102777376009766,0.10538845573162892,0.009154309340694389,-0.050102777376009766,0.7047439467241531,-0.07821773145180472,0.8125139380944135,0.9089191021699093,0.029653456248467918,-0.23039381451273533,0.23039381451273533,0.2573706725854561,10119157040.119291,0.7950733863484255,0.35714285714285715,0.1111111111111111,0.05555555555555555,0.04507743847031026,0.3514997253484242,0.37323595229622164,0.012399823061972737,-0.09049997348921957,-0.043658079485596746,0.8505894261146626,1.377221130189146,-0.15426853239039462,0.2732966698206096,-0.14066659761226008,-0.035467926039733255,0.6405552353161956,0.8939342744086434,0.11691452561345961,0.028176222022488377,0.004471747358342659,-0.2166127602684813,0.2166127602684813,0.06535740207904706,0.7301587301587301,0.31746031746031744,8045472454.879155,22.80837534231392,0.3492063492063492,0.1111111111111111,0.047619047619047616,0.04343336319050039,0.009290956062544264,-0.001664695115217829,0.028087043322615576,0.016083042075494047,0.5,0.06401318355915009,-0.15426853239039462,0.5830397783886911,0.06446553723990411,0.016083042075494047,0.009999171249934102,0.5726142795010412,0.02814493330809865,-0.07645167871268377,0.07645167871268377,0.06535740207904706,6872926551.551528,-0.0026034751010977075,0.04624617338175136,-0.008142405286293286,-0.048382495164410066,-0.059257086716704155,-0.03617387556598206,0.2368288170942312,3.0,12.0,3.0,1.0,1.0,1.0,63.0,126.0,0.9694312796208531,0.7425650248110034,1.536990582349759,1.8555768277019151,1.8555768277019151,0.9905437352245863,0.44676642235945613,0.872648866758692,1,1,1,1,1,1
recent_month_top_future_return,2026-03-31,ARM,151.27999877929688,0.1797832016561185,0.4166120187503497,1.3962765821358827,1.415111851468119,-0.0646717346272706,0.09377486407089619,0.06919211892041233,0.04677130320865919,-0.17836658450340726,-0.22743661520406855,0.6113905275459457,0.20022616956095485,0.10536599448639439,0.3147617934214648,0.1228289204142884,-0.15306235071809082,0.15306235071809082,-0.06014455642042593,-0.10917446558299493,0.11880604765379756,-0.20174307082802156,1.031544529966174,0.20380301145050828,1.9528012501446925,3.086540842505733,0.35116785461018496,0.11596342212907151,0.025327025155496303,-0.10917446558299493,0.11596342212907151,-0.19364119557949844,0.06622300202206577,0.38395391234187715,-0.03613573356933686,0.4432109990585813,0.38395391234187715,0.5633210703719852,0.6182818262078204,1.5047869653861106,1.1023934404469706,0.024927169305248062,-0.15306235071809082,0.15306235071809082,0.44696312160225626,768633001.0906644,1.0946532083221545,0.2698412698412698,0.06349206349206349,0.03968253968253968,0.045147394282708676,2.2782971887550203,2.8912577998290163,0.06515950069922327,0.08675569732963018,0.22375414689050488,1.5138159932213362,2.268665233824946,0.20966207488537458,0.19695432178634797,0.43583900819030275,0.06470265329669012,0.6210014528436428,1.365018069026234,0.6757687401803261,0.026922188054871468,0.10637263755312953,-0.03686259804502545,0.03686259804502545,0.44696312160225626,0.06349206349206349,0.6190476190476191,841386580.6661818,20.55056178136598,0.25396825396825395,0.09523809523809523,0.031746031746031744,0.04827438668699724,0.1726828558522977,0.16113333408481423,0.22057344683607022,0.1869753032691881,0.5,0.027557257956443443,-0.20174307082802156,0.20966207488537458,0.23535779843359816,0.1869753032691881,0.16195381985034585,0.8476782040231152,0.0386298139035762,-0.03686259804502545,0.03686259804502545,0.32260886878781814,1023869656.082335,0.07548587664936401,0.06393960910836864,0.016338778895879758,-0.048382495164410066,-0.059257086716704155,-0.03617387556598206,0.2368288170942312,2.0,8.0,2.0,1.0,0.0,1.0,63.0,126.0,0.8638625592417061,0.3902697582054824,1.3353385205954318,1.3437996442709035,1.3437996442709035,0.983451536643026,0.44676642235945613,0.872648866758692,1,1,1,1,1,1
recent_month_top_future_return,2026-03-31,DELL,163.6237335205078,0.597257313029693,0.8340861301239242,1.1028976946472187,1.1621515420761872,0.3549075391180654,0.35436284197259305,0.16692818479071247,0.06927765036408928,-0.14941034969429445,-0.10891931512032538,0.4184844359806057,0.14683806469115734,0.20310206035669454,0.14263693606956784,0.28397010329470107,-0.10803753526531712,0.10803753526531712,0.003921491475493921,0.017517835096418022,0.11176410187330277,-0.1769025787125481,1.6175178038238864,0.23747819442416063,3.687322692005332,5.138354307667097,0.1284981382990128,0.23620583515480176,0.14021728501397743,0.017517835096418022,0.23620583515480176,-0.05601805098267065,0.11610018218586693,0.3095651208602803,-0.0869029199410899,0.3688222075769845,0.3095651208602803,0.5878371802311747,0.4686636316753539,0.9040478526743828,1.1236568851689641,0.026238458672245075,-0.10803753526531712,0.10803753526531712,0.47771682738979204,1102447754.4807796,1.0747077551711801,0.3333333333333333,0.05555555555555555,0.05555555555555555,0.04236837671250056,-0.5903374398069041,-0.5459351648705115,-0.10803753526531712,0.229565248885937,0.20803922804332609,1.3998830756516638,1.1664367783503329,0.29395314616650126,0.17489143732932885,0.4342014112845385,0.2844502625940746,0.6605272949250688,0.8045586376115528,-0.2897400041433603,0.027449230110705203,0.32221680165696753,-0.10803753526531712,0.10803753526531712,0.47771682738979204,0.06349206349206349,0.7777777777777778,1184809151.411547,20.89284754574585,0.3492063492063492,0.047619047619047616,0.06349206349206349,0.0442116687234525,0.10818784877825838,0.29127776105032543,0.2039531778013866,0.10838743700538189,0.5,0.038225849704455306,-0.1769025787125481,0.29395314616650126,0.15676993216979196,0.10838743700538189,0.04063179337175571,0.5314329405101577,0.026256478995644945,-0.10803753526531712,0.10803753526531712,0.14137701015017878,1538580932.0061092,-0.01457155578503544,0.05357251253758558,-0.046232670435564116,-0.048382495164410066,-0.059257086716704155,-0.03617387556598206,0.2368288170942312,3.0,11.0,3.0,1.0,1.0,1.0,63.0,126.0,0.8979857819905215,0.27701521321204536,1.572426350419113,1.6369034746478328,1.6369034746478328,0.9881796690307328,0.44676642235945613,0.872648866758692,1,1,1,1,1,1
recent_month_top_future_return,2026-03-31,FLEX,65.45999908447266,0.7420102234471881,0.9788390405414193,0.9589486551318704,0.9910665389551906,0.3112981066813141,0.2208131366736621,0.1292047215119705,-0.021777917104036648,-0.08217979180655344,0.04226318607299273,0.04115291899597118,0.07848885874157241,0.16537859707795255,-0.04578861644300658,0.250850620419735,-0.09184243310784568,0.09184243310784568,0.006472696142924672,0.04702492970541705,0.04257578013052588,-0.054542543545177735,1.0713427539080285,0.03536139235693403,1.1123773659696758,1.2885836582747037,0.09664053411003526,0.10742680440793384,0.09455215187510713,0.04702492970541705,0.1292047215119705,0.022162029184014997,0.006818304146653631,0.08341610506896391,0.043363171565415026,0.14267319178566806,0.08341610506896391,0.5150663821192832,0.148479188262862,1.3305675546464582,1.0907396938853087,0.02518964407988231,-0.09184243310784568,0.09184243310784568,0.20088059255385904,275688270.0681323,0.8348496307977951,0.3412698412698413,0.07142857142857142,0.06349206349206349,0.044993166135524565,0.06476185718924055,0.1059871420264733,0.0605694710860305,-0.0024711423598454685,0.020026543742096337,1.1852933227472557,1.2213373059072938,-0.00031726614012062004,0.04534505545786117,0.038388295269666584,-0.001637662396352102,0.5618033479634005,1.219876348230128,0.06046233955756031,0.027474893528597194,0.006170372013336145,-0.06512421846917205,0.06512421846917205,0.11269755306922624,0.06349206349206349,0.6031746031746031,230158250.48166305,19.254277680209917,0.36507936507936506,0.07936507936507936,0.07936507936507936,0.04878819069426933,0.01988563135332111,0.010238611679777021,0.05649513437288089,0.03871784527111011,0.6666666666666666,0.021312015846135696,-0.054542543545177735,0.07848885874157241,0.08710034043552017,0.03871784527111011,0.02264471182602268,0.6853306165370529,0.03340552746207019,-0.06512421846917205,0.06512421846917205,0.0926389459388437,219179974.60750398,0.006101762553361922,0.05615204982912784,0.005190242341585938,-0.048382495164410066,-0.059257086716704155,-0.03617387556598206,0.2368288170942312,2.0,7.0,2.0,1.0,1.0,0.0,63.0,126.0,0.6778436018957347,0.3985640747354331,1.303391397618617,1.475863269033597,1.475863269033597,0.9858156028368794,0.44676642235945613,0.872648866758692,1,1,1,1,1,1
recent_month_top_future_return,2026-03-31,HUM,172.9818878173828,-0.5711914239619238,-0.3343626068676926,0.7629668846584736,0.7720237486603442,-0.2822401926563809,-0.42212372446118773,-0.32787200058814325,0.03938094326262764,-0.04353767569219913,-0.012156125938538986,-0.3074448585283255,0.06926240199589251,-0.2916981250221612,0.008271016121278785,-0.6283323154124063,-0.43757075301098125,0.43757075301098125,-0.09411011112398815,-0.3714096762803424,0.041476670684271744,-0.11653911002600281,1.2156512046865482,-0.21557480069665924,1.3771049222797926,0.6173798489381417,-0.24858805338521905,-0.2884910573255156,-0.3292575780646671,-0.3714096762803424,-0.2884910573255156,0.04572306313078989,-0.17328803552267313,-0.31960098446686447,-0.23788701774084575,-0.2603438977501603,-0.31960098446686447,0.5218130478820658,-0.5606636803745741,0.6534647232379005,1.0924227867415643,0.021805198681186144,-0.4132749320635227,0.4132749320635227,0.06476817742384045,414525927.3166112,0.9381534522829075,0.2619047619047619,0.023809523809523808,0.05555555555555555,0.03619955656505476,-0.3742647685619299,-0.4276935579446096,-0.05729661352053805,-0.13544667101067354,-0.08025770208959171,0.7433317662046871,0.8759023924586838,-0.023873078864929065,0.11371446402141355,-0.10722027918195476,-0.07324061079055377,0.5700404639254357,0.5981793232151714,-0.3739178643012495,0.02215169360827463,-0.07537658991698482,-0.38626307268732485,0.38626307268732485,0.06476817742384045,0.8095238095238095,0.20634920634920634,388888929.77285236,19.778804335807173,0.25396825396825395,0.015873015873015872,0.031746031746031744,0.03610238579209658,-0.011901911411959731,-0.0599852732645767,-0.25040767951595666,-0.0853856179072564,0.3333333333333333,-0.05811655990205861,-0.23788701774084575,0.06926240199589251,-0.03700312274284634,-0.0853856179072564,0.011568468067299609,0.3409864189161795,0.017212994623641526,-0.04827371000060776,0.04827371000060776,0.06476817742384045,278407256.380281,0.019375289984537636,0.03648687669611469,0.012680212922826506,-0.048382495164410066,-0.059257086716704155,-0.03617387556598206,0.2368288170942312,1.0,3.0,1.0,0.0,1.0,0.0,63.0,126.0,0.7169431279620853,0.3636311111122872,0.7614626895452501,1.296309782675333,1.296309782675333,0.9810874704491725,0.44676642235945613,0.872648866758692,1,1,1,1,1,1
recent_month_top_future_return,2026-03-31,INTC,44.130001068115234,0.7063681378668072,0.9431969549610384,1.0875230482690923,1.1355314993983714,0.9700893669484232,0.8123203440151905,0.3153502852950183,-0.22733254431991368,-0.21182442343245977,0.099851039195191,0.09608389964663377,0.19195238711935314,0.35152416086100036,-0.11941534645319352,0.4807991026468602,-0.18759202290054355,0.18759202290054355,0.03414745414816234,0.10352586186255852,0.12701061234067504,0.014253555161292786,1.0965042517903647,0.034773863150985296,0.8494993663233361,1.211880911551893,-0.03082792192299244,0.08801774097510462,0.1689646293775605,0.08801774097510462,0.3153502852950183,-0.09023667957324677,0.04216650090602103,0.19593493884182478,0.2593495745010346,0.25519202555852893,0.19593493884182478,0.6558878408028943,0.25354355462900985,1.0589841819345591,1.1782290629837888,0.030119960124901785,-0.18759202290054355,0.18759202290054355,0.3153502852950183,4214000683.0652995,1.1576076021444466,0.40476190476190477,0.11904761904761904,0.0873015873015873,0.050198309781387056,0.2012890912574754,0.16230844487811424,-0.02724594165226668,-0.047958356126639234,-0.04589145313040621,1.0463164122471742,1.1052148132226178,-0.018506576022391363,0.13879043342016403,-0.05035506974648807,-0.04155695363847345,0.7727861160916546,0.8987931253815369,-0.012632010118041603,0.03599108282584838,-0.023568583567252666,-0.18759202290054355,0.18759202290054355,0.19593493884182478,0.746031746031746,0.9682539682539683,4878159226.158281,22.308033778101272,0.49206349206349204,0.1746031746031746,0.12698412698412698,0.05456298581139803,-0.01896996236695847,-0.04286274411146307,-0.04671780720907661,-0.03244901386606058,0.5,0.05406054121999696,-0.09023667957324677,0.2593495745010346,0.015933481298349483,-0.03244901386606058,-0.018253386491658863,0.6945748485334774,0.03606193021032687,-0.08024173636625354,0.08024173636625354,0.07137660935729828,3890894572.3117647,-0.0035675275064670497,0.05789712147873572,0.0041869831168093175,-0.048382495164410066,-0.059257086716704155,-0.03617387556598206,0.2368288170942312,1.0,3.0,1.0,0.0,1.0,0.0,63.0,126.0,0.9669431279620853,1.140947225700323,1.5986856453541822,2.1640607637260594,2.1640607637260594,0.9952718676122931,0.44676642235945613,0.872648866758692,1,1,1,1,1,1
recent_month_top_future_return,2026-03-31,MRVL,99.0004425048828,0.3772830652783048,0.614111882372536,1.1380598238058777,1.1989465876171763,0.28253344165920424,0.5776507383490501,0.17981319104253113,-0.07107416110863007,-0.12240685686519726,0.011493557899529883,0.15491346647394644,0.11576141820677699,0.2159870666085132,-0.013406166669054809,0.30545238929622504,-0.01076577265091705,0.01076577265091705,0.004710106489362209,0.05740633417733387,0.06146817691367987,-0.04629826710405194,0.9514248673530987,0.1604922314645918,6.089492818733499,7.269234223016069,0.15189620203081322,0.10873902993390105,0.11531951838458869,0.05740633417733387,0.17981319104253113,-0.04944071257677052,0.0247388638365722,0.16640702437347632,-0.07064265894562305,0.22566411109018047,0.16640702437347632,0.5886782927343543,0.26571772080654094,1.5858571990602863,1.0638321585936426,0.02673539396784069,-0.01076577265091705,0.01076577265091705,0.3434150828068523,1534665667.0564318,0.9724889254159281,0.373015873015873,0.09523809523809523,0.047619047619047616,0.04509214433083672,1.5321717406116382,2.0702852237305533,0.18414389126507869,0.08427211304342519,0.18030761810263796,1.1826472974023619,2.332745061472893,0.03509885407978919,0.11216438888669933,0.2550683927994384,0.14040313645134117,0.6262548988768084,1.4907024442246104,0.8290052578835563,0.025645662031138567,0.1624357891246042,0.0,-0.0,0.3434150828068523,0.0,0.6031746031746031,1492445365.428428,21.123681797152948,0.31746031746031744,0.07936507936507936,0.015873015873015872,0.044954699459445684,0.14389211665201573,0.19125016590323418,0.22763477923552236,0.21251065813922065,0.5,0.03283154863322355,-0.07064265894562305,0.21251065813922065,0.2608931533036307,0.21251065813922065,0.09867559290536154,0.9335597084632945,0.04042260803405249,0.0,-0.0,0.3088002036599482,2252817272.572145,0.07029012307029969,0.053054000203912474,0.03636973065539317,-0.048382495164410066,-0.059257086716704155,-0.03617387556598206,0.2368288170942312,3.0,11.0,3.0,1.0,1.0,1.0,63.0,126.0,0.9285545023696682,0.6681743002142542,1.0706978152131916,2.0089765975919276,2.0089765975919276,0.9929078014184397,0.44676642235945613,0.872648866758692,1,1,1,1,1,1
recent_month_top_future_return,2026-03-31,MU,337.8399963378906,2.660612487645837,2.8974413047400684,1.041252569153974,1.075751358517402,1.7476564974241824,1.8428719620951814,1.0220546949860068,-0.5922574500054805,-0.5110457918416287,0.7075311271758338,-0.523333274027248,0.3382149441860687,1.058228570551989,-0.837856841837421,1.464210541757635,-0.26800964795720816,0.26800964795720816,0.13730205902018078,0.5110089031443781,0.32107424423533615,0.05679942274959249,1.8435450818747592,0.009017791382003315,3.1853099500392634,3.956235057597909,-0.23757176383809675,0.4297972449805263,0.654286947703637,0.4297972449805263,1.0220546949860068,0.20739726151245153,0.10638850416634549,0.18419785314858572,0.45362804795864275,0.24345493986528988,0.18419785314858572,0.6980244068992528,0.2524512017528605,1.1313674313601516,1.0452893207133633,0.03524971150413977,-0.26800964795720816,0.26800964795720816,1.0220546949860068,10657622876.364475,1.4442185621007417,0.48412698412698413,0.18253968253968253,0.07936507936507936,0.0541903824955336,1.5669036326643146,1.1038558113875339,-0.20992378542880308,-0.002358806439119565,-0.1632349180918311,1.282420999540461,2.2061447601469926,-0.006049931713547174,0.23364579469528368,-0.18535016243558522,-0.022500390251173563,0.7296374581290683,1.0823485985564685,0.4400405668393499,0.03627448502096147,-0.06979036631431668,-0.26800964795720816,0.26800964795720816,0.18419785314858572,0.14285714285714285,0.9682539682539683,15391936785.915073,23.45710962398211,0.5238095238095238,0.20634920634920634,0.07936507936507936,0.0568138629405862,-0.1656420408312711,-0.15947562435213158,-0.22842414061501448,-0.18039158750816076,0.6666666666666666,0.14493302619750792,-0.18039158750816076,0.45362804795864275,-0.1320090923437507,-0.18039158750816076,-0.15479978235886793,0.789722080260301,0.04340109384265345,-0.26800964795720816,0.26800964795720816,0.04984465243436009,18758818343.68969,-0.12969027558683854,0.08106305088604561,-0.03691684174897958,-0.048382495164410066,-0.059257086716704155,-0.03617387556598206,0.2368288170942312,3.0,11.0,3.0,1.0,1.0,1.0,63.0,126.0,0.9853080568720378,0.5307837400853326,1.8741416366487718,2.4166766859304514,2.4166766859304514,0.9976359338061466,0.44676642235945613,0.872648866758692,1,1,1,1,1,1
recent_month_top_future_return,2026-03-31,RKLB,64.22000122070312,2.354894014840718,2.591722831934949,1.0504080650098633,1.1040358844389204,0.7953592507367313,0.3213992435596371,0.34043000261399525,0.18353777505233704,-0.3207411857280058,0.456063501532209,-0.5354786498389504,0.31454810567356395,0.3766038781799773,-0.4198451509207367,0.3744088794716997,-0.33312565747077727,0.33312565747077727,0.014072180288361213,0.019688816885989446,0.25523136346560543,-0.3308987028272673,1.5203020580362683,-0.04159337207725056,0.5122824567186914,0.3921843211366931,-0.23267432789019427,0.5239677776663323,0.29469553238877233,0.019688816885989446,0.5239677776663323,0.6554343414007453,-0.05129017246127565,-0.07941514830674146,0.14779239166965508,-0.0201580615900373,-0.07941514830674146,0.9092466051936335,-0.08676219880779805,1.1218648840669767,1.0066792416315553,0.04499208107150152,-0.33312565747077727,0.33312565747077727,0.6266464530223601,1523749721.6360333,1.1169967363622375,0.5634920634920635,0.19047619047619047,0.1746031746031746,0.07906646158567947,0.03410831020839655,-0.03892274369884252,-0.0506749439124643,-0.0931485689360867,-0.12120812944525938,1.0434665667548535,1.4240575601688767,-0.13700513628717093,0.35431839333025317,-0.19795177387949525,-0.040357011217700745,0.9153196829723932,1.114421394295105,0.06366914431761561,0.04642266220101142,-0.07104985602552849,-0.33312565747077727,0.33312565747077727,0.11920529845351857,0.7936507936507936,0.015873015873015872,1702023466.1003172,21.255083654958074,0.5873015873015873,0.1746031746031746,0.2222222222222222,0.08010767461667744,-0.07827882952622978,-0.08937628483488058,-0.0692339798515414,-0.07062224835280706,0.5,0.09654145854611984,-0.3308987028272673,0.6554343414007453,-0.022239753188396993,-0.07062224835280706,-0.06597920984605488,1.0200518373238479,0.050837075333108515,-0.1828476369359403,0.1828476369359403,0.11920529845351857,1562299286.4299412,-0.03291870689289744,0.09269807522840155,-0.0007779560713306877,-0.048382495164410066,-0.059257086716704155,-0.03617387556598206,0.2368288170942312,2.0,8.0,2.0,1.0,0.0,1.0,63.0,126.0,0.9600710900473933,0.2848022511346675,1.2341948458463161,0.5828402303597149,1.2341948458463161,0.9787234042553191,0.44676642235945613,0.872648866758692,1,1,1,1,1,1
recent_month_non_top10_control,2026-04-30,AAPL,271.1002502441406,-0.12866979680612656,0.2825067242571988,1.0080066170933242,1.0242917671697285,0.3112480307469898,0.0676951303022082,0.0055377277013159976,-0.006479608007054272,-0.0315232862484518,-0.039347602408288385,0.08607140200752839,0.03236429041178379,-0.05864163708297587,0.041186071897924004,0.02599411686229965,-0.0509663870977598,0.0509663870977598,-0.007220243128990611,-0.0259855585471358,0.016647766194926174,-0.025067288626873463,1.1247292401443807,0.029096583648137386,-0.006438534281517083,0.03998443253224049,0.06990055781914917,-0.0009418803057382741,-0.007129903717186026,-0.0259855585471358,0.0055377277013159976,-0.045537972790174464,0.0033722380672174257,0.04672379959924,0.019065677185734042,-0.028391424956446087,0.04672379959924,0.21303773198571693,0.18127710182391912,1.1050828411861437,1.2098699032812874,0.00955287964841187,-0.0509663870977598,0.0509663870977598,0.10094821774709728,12307313580.531807,0.9787643562642799,0.03968253968253968,0.0,0.0,0.020033612751719707,0.8518491635768306,0.9799808201767377,0.06319741527955414,0.008554135500076443,0.04034324189198757,1.0564930760227602,1.558133866990269,-0.039329287398935375,0.04566881567706287,0.02714066721380215,0.04399868594103884,0.25774794019282415,0.9133898100854062,0.2887189167346389,0.011999632156177177,0.08072662106509632,-0.023428921012231596,0.023428921012231596,0.10023119510169076,0.9047619047619048,0.3492063492063492,12045959853.991844,23.211995158920168,0.06349206349206349,0.0,0.0,0.02183891022628141,0.04186406238119389,0.07664597543738849,0.2938999186613864,0.06919119500662885,0.5,0.00178110229802723,-0.045537972790174464,0.06919119500662885,-0.08770957373097987,0.06919119500662885,0.023390797180882217,0.23542434214262828,0.01158534369530755,-0.007606987292754219,0.007606987292754219,0.07041427191234839,11443475904.234968,0.0024197669567591618,0.021779979650069642,0.004330528883250695,0.15690076873760872,0.07511522455568609,0.06417936478429187,0.41117652106332536,2.0,8.0,2.0,0.0,1.0,1.0,63.0,126.0,0.4454976303317536,0.15108708781185776,0.06735418020078554,0.13843496863198856,0.15108708781185776,0.7683215130023641,0.30190413571110863,0.5190490072880761,0,0,0,0,0,0
recent_month_non_top10_control,2026-04-30,ABNB,140.36000061035156,-0.25992977960706476,0.1512467414562606,0.982386912298038,1.007913701618592,0.060040757709888704,0.15598750392874217,0.10921447443366028,-0.07502644505026068,0.09054621599558077,0.022364423748892914,0.06258576491895829,-0.07547023062006297,0.04503510964936841,-0.02426428576580908,0.3426600118597902,-0.026494605766971713,0.026494605766971713,0.02801030917803149,0.19976069042924105,0.08290746927931088,0.16009918539142132,1.0464271555896314,0.06654144938797968,-0.18495592891576573,-0.11571778130454657,0.049895853628550646,0.0341880293833996,0.11438773141543364,0.0341880293833996,0.19976069042924105,-0.04678754823461484,0.02972442941522213,0.0849501886678512,0.04436890863267462,0.009834964112165112,0.0849501886678512,0.31872547322022715,0.2268463677472398,0.8854966929144964,1.1749401463075169,0.014776187677240328,-0.026494605766971713,0.026494605766971713,0.25838263814118556,579136931.7526015,0.9680524913073868,0.1111111111111111,0.015873015873015872,0.023809523809523808,0.02938976283003525,-0.21593216618187805,-0.1285099564689639,0.07195622470241114,0.025989459710060503,0.05884927586720878,0.9841836722978574,0.8080561460400356,-0.06535416913008418,0.09944083919059848,0.03885722726876928,0.04458935536711284,0.3744833541373062,0.7536525972811007,-0.3406230769230769,0.017978208050860423,0.10033768222149853,-0.026494605766971713,0.026494605766971713,0.21041740012523102,0.09523809523809523,0.8412698412698413,560634949.5912219,20.14458053972345,0.15873015873015872,0.031746031746031744,0.031746031746031744,0.033404408175387854,0.05129390539575862,0.10775916829508447,0.3950612414154381,0.11149827341749274,0.5,0.021392403242804447,-0.07547023062006297,0.16009918539142132,-0.045402495320115976,0.11149827341749274,0.030868786976076645,0.28223035248411904,0.014039229113082984,-0.026494605766971713,0.026494605766971713,0.12332936405346717,438839101.608349,-0.009736117357249552,0.029355122657899278,-0.0025015556781841086,0.15690076873760872,0.07511522455568609,0.06417936478429187,0.41117652106332536,2.0,7.0,2.0,1.0,1.0,0.0,63.0,126.0,0.5908767772511848,-0.050228006704909345,0.019521270171339644,0.061057224481072314,0.061057224481072314,0.4846335697399527,0.30190413571110863,0.5190490072880761,0,0,0,0,0,0
recent_month_non_top10_control,2026-04-30,ADBE,246.1000061035156,-0.7548748545926599,-0.34369833352933454,0.9241503983101494,0.9453691899941182,-0.31197404337900214,-0.30233874952936757,-0.2768358030353113,-0.0200012123927249,0.04558600560880488,-0.13828567452089335,-0.02249861839124445,-0.059298853458769285,-0.34101516781960317,0.1160515101231735,-0.764537117460322,-0.4149947456778976,0.4149947456778976,-0.05824198455020935,-0.23124979742650642,0.033615015419018415,0.09327456001037171,1.194097753685879,-0.13037760959702793,-0.1022054962366532,-0.24655675070464667,0.018632932950163994,-0.2968370154280362,-0.2683075386299513,-0.2968370154280362,-0.23124979742650642,-0.16211889430431536,-0.060614490167668955,-0.1607842929121378,-0.10516622792119568,-0.2358995174678239,-0.1607842929121378,0.36209596200498206,-0.38527165635930166,1.260773146366419,1.152531697255271,0.016488003286760675,-0.31166613446768976,0.31166613446768976,0.09207898574659179,1466856375.4185388,1.0401171941053104,0.15079365079365079,0.015873015873015872,0.03968253968253968,0.029855670296180897,0.1208942503114141,0.13482014055091662,0.14927475081461516,-0.058351652722374525,-0.018300823914522923,1.067096334596269,1.2594681312564968,-0.07366335719405293,0.09019952773748119,-0.06215463332562288,-0.05377874853866993,0.4173270736588821,1.0939162448797914,0.03945768482490264,0.01933103348590687,0.011952158855537576,-0.16115617285568729,0.16115617285568729,0.09207898574659179,0.9682539682539683,0.2222222222222222,1525702537.3558166,21.145720821813985,0.2222222222222222,0.015873015873015872,0.047619047619047616,0.03439514532165399,0.016568310202068837,0.01707345788096659,0.027214333003043496,0.01242391085120964,0.3333333333333333,-0.04909147700279198,-0.16211889430431536,0.09327456001037171,-0.14447685788639908,0.01242391085120964,0.016213604156447348,0.4565208653035965,0.021666540498997803,-0.03844649622578389,0.03844649622578389,0.09207898574659179,1273139997.536069,0.0033431417046623224,0.04139431599271105,0.010578029296368419,0.15690076873760872,0.07511522455568609,0.06417936478429187,0.41117652106332536,2.0,8.0,2.0,0.0,1.0,1.0,63.0,126.0,0.7374407582938389,0.05327096719391444,-0.16692401792861167,-0.10719221547567293,0.05327096719391444,0.47044917257683216,0.30190413571110863,0.5190490072880761,0,0,0,0,0,0
recent_month_non_top10_control,2026-04-30,ADI,402.260009765625,0.6840277701038537,1.095204291167179,0.9627382786624596,0.9899931141133291,0.8098484959264785,0.6481267161140924,0.7295721304566212,-0.24166821234810643,-0.20343689186672376,0.33249902770043405,-0.034507738775114705,0.1333020080544718,0.6653927656723293,-0.43158084153130183,2.2451909168762887,-0.004011080265430733,0.004011080265430733,0.0855804085288312,0.5261352385898974,0.12990491888151162,0.02569475086132167,1.1036299251773014,0.2585090148660387,-0.14969584165607408,0.10368739046739117,0.02052610863834159,0.48790391810851474,0.5812037623850111,0.48790391810851474,0.7295721304566212,0.14631271473357477,0.05846235966338198,0.29799128892531934,0.14446083792814246,0.22287606436963325,0.29799128892531934,0.3249488161441823,0.8427210223088955,1.1678190720759178,1.088190128129246,0.015863053573582083,-0.004011080265430733,0.004011080265430733,0.79815602892027,1172320468.9172292,1.1463503429458974,0.15079365079365079,0.031746031746031744,0.0,0.02623658701951498,-0.12594787559205767,0.10516187813889943,0.11146517414973744,0.0631559558270296,0.1764615915715142,1.2740712163839394,0.9803251089293736,-0.10302099373127283,0.12568209993262364,0.13415089962808913,0.15721528637777382,0.35360609387538455,1.0731755801567189,-0.2052964678428738,0.017125390319245485,0.24097984986387444,-0.004011080265430733,0.004011080265430733,0.3271527603606974,0.07936507936507936,0.3492063492063492,1343889971.585761,21.0188342100606,0.1746031746031746,0.031746031746031744,0.0,0.02789632208590791,0.1559383891513504,0.2575616964279044,0.6967715657037066,0.26441186661207894,0.8333333333333334,0.10186019740971947,-0.10302099373127283,0.26441186661207894,0.10751109787447022,0.26441186661207894,0.10189655485537408,0.37948142494166703,0.019484554260694547,-0.004011080265430733,0.004011080265430733,0.2636175610766185,1172770572.2797213,0.03673656297806116,0.02937333351020789,0.02252681895113673,0.15690076873760872,0.07511522455568609,0.06417936478429187,0.41117652106332536,2.0,7.0,2.0,1.0,1.0,0.0,63.0,126.0,0.7396919431279622,0.028812201204498233,-0.012653498270574493,-0.062397468040981785,0.028812201204498233,0.37115839243498816,0.30190413571110863,0.5190490072880761,0,0,0,0,0,0
recent_month_non_top10_control,2026-04-30,ADP,210.34413146972656,-0.6883894791733751,-0.27721295811004976,0.8353347927257159,0.8388732939619161,-0.30148766453035625,-0.2672147830351592,-0.17375157643730232,0.004491097288030432,0.01618186002078381,-0.04565702873912403,-0.08856573137503077,-0.019208545010929945,-0.2379309412215942,0.03952881632314753,-0.6282527069617789,-0.33518013649312683,0.33518013649312683,-0.04408507206364176,-0.1575697164165185,0.008353606824363664,0.01407271766820628,1.5301351827693939,-0.06841644390322299,0.1920188319695102,0.03202277423451161,-0.06435683675409554,-0.1692604791492719,-0.16686059066769757,-0.17375157643730232,-0.1575697164165185,-0.04046966981915212,-0.0666994192167858,-0.1342227601141548,-0.1315128399019233,-0.20933798466984088,-0.1342227601141548,0.2765631958476748,-0.4107126032442526,1.350886382928848,1.1816633075620608,0.012330876149005304,-0.19695168036410615,0.19695168036410615,0.1226230677156448,693971765.8135914,1.1473793633371903,0.07142857142857142,0.007936507936507936,0.015873015873015872,0.02213367555647007,0.23478866697631218,0.2880259838481516,0.09310146343809966,-0.040719921392029845,0.02710356488176724,0.9737875140224994,1.3431643431169775,-0.04432379458270275,0.06003960047239413,-0.0031202766566237328,-0.04507901913380674,0.32680458075529745,1.143207523059947,0.005016893621378138,0.01494402516393853,-0.01596600721625485,-0.1368107167593291,0.1368107167593291,0.1226230677156448,0.9682539682539683,0.2222222222222222,796248882.8331841,20.495422363070304,0.12698412698412698,0.015873015873015872,0.015873015873015872,0.0266111901908807,0.048697406018337164,0.0033545820699232287,0.11540119745844027,0.043114516917461154,0.3333333333333333,-0.029721269121506782,-0.1315128399019233,0.043114516917461154,-0.11378625182014757,0.043114516917461154,0.056741116911317,0.373605455289908,0.01512780293087682,-0.014507601705055828,0.014507601705055828,0.1226230677156448,603895987.5845046,0.04616264691293015,0.02458580834706323,0.03899286788683498,0.15690076873760872,0.07511522455568609,0.06417936478429187,0.41117652106332536,2.0,7.0,2.0,1.0,1.0,0.0,63.0,126.0,0.525829383886256,0.04671133272538297,0.06468383683180545,0.15177924185314962,0.15177924185314962,0.7706855791962175,0.30190413571110863,0.5190490072880761,0,0,0,0,0,0
recent_month_non_top10_control,2026-04-30,AEP,136.12142944335938,-0.1033972694871037,0.30777925157622166,0.9399442747122585,0.9379148345630326,0.2412243784576078,0.23807799574916366,0.1581888413605208,0.04026844038076227,-0.041649222110391904,0.003862358798390142,0.14987035287221917,0.03730205484187277,0.09400947657622893,-0.004456129689911492,0.8364763977786543,-0.00029159106068321616,0.00029159106068321616,0.02409915643236249,0.1165396192501289,0.040960770706279466,-0.06835259273666638,0.9956951847391233,0.09811774429767417,0.013898426126843777,0.16976778053388641,0.031945591819071195,0.19845728174128308,0.15772858078397758,0.1165396192501289,0.19845728174128308,0.03876510531274824,0.04525524251715085,0.1537327116706093,0.12604849326197942,0.07861748711492322,0.1537327116706093,0.18911333515279916,0.8318529137189111,0.8807935165893006,0.9772318020243483,0.008619717021302474,-0.00029159106068321616,0.00029159106068321616,0.2154274478691829,422084828.4239451,1.026699003748544,0.015873015873015872,0.007936507936507936,0.0,0.016745957340982966,0.18148065166597327,0.2358316755433918,0.022593252274751285,0.012370748288973443,0.035119027002358916,1.0505903212552965,1.289942689404529,-0.020475272473970074,0.0659712701586687,0.024585280806542542,0.026539547907421746,0.18480756529820447,0.9013148311022271,0.09121814706056242,0.009080786101187819,0.03944962457628787,-0.00029159106068321616,0.00029159106068321616,0.1678703285322356,0.23809523809523808,0.9682539682539683,433354072.8402395,19.887065674308655,0.015873015873015872,0.0,0.0,0.018320932596976217,0.033575582033592566,0.042328110006566666,0.2761753117909374,0.04600246631274052,0.6666666666666666,0.026548375753117415,-0.06835259273666638,0.12604849326197942,-0.1108983024248682,0.04600246631274052,0.020368692773533592,0.16656979950316497,0.008204503375901279,-0.00029159106068321616,0.00029159106068321616,0.04171104510865975,325072620.44714063,0.021326390505229886,0.01701451915710753,0.012719032881428394,0.15690076873760872,0.07511522455568609,0.06417936478429187,0.41117652106332536,2.0,7.0,2.0,1.0,1.0,0.0,63.0,126.0,0.29822274881516586,-0.06943382326400582,0.005058484311031286,0.01754731105340368,0.01754731105340368,0.32860520094562645,0.30190413571110863,0.5190490072880761,0,0,0,0,0,0
recent_month_non_top10_control,2026-04-30,ALGN,176.00999450683594,-0.3955389480260718,0.01563757303725355,1.062315783629877,1.1043303889204639,0.3643128594777949,0.4056060756349482,0.27654473653689693,-0.1493593290016444,-0.08074344849151882,0.18240493911977995,-0.10278771637103401,0.06752246322087485,0.21236537175260506,-0.196927513788151,0.6924500258922028,-0.1504899250309536,0.1504899250309536,0.050634434947631535,0.1958012880453781,0.07476167990388284,0.06087364159563036,0.6491092235694371,0.012962858492193252,0.6353866982568963,0.7655916452923517,-0.052370530184376984,0.12718540753525254,0.19984381070584253,0.12718540753525254,0.27654473653689693,0.04406023151927507,0.015058685805422689,0.07961722274874594,0.16604310572844305,0.004501998193059853,0.07961722274874594,0.3993714003845644,0.1698548745546444,0.9683986692928465,1.1736863348747237,0.01844605372448375,-0.10885525086304382,0.10885525086304382,0.3343187750770573,213134994.61028084,1.1034099844127827,0.1984126984126984,0.031746031746031744,0.015873015873015872,0.03403068166475529,1.4421278746525146,1.5073728762009417,0.023188709221984016,0.006902262820737803,-0.018877754262144997,1.1356611688104197,1.7396822539268193,-0.09821153513045089,0.0851514962838204,-0.07411894342079717,0.048659365566879886,0.46873675517114527,0.8250915432155993,0.3627517803840459,0.022448220017573187,0.07222531444940139,-0.10885525086304382,0.10885525086304382,0.12072582672175836,0.8571428571428571,0.9523809523809523,235175281.08074853,19.275841675271973,0.2857142857142857,0.047619047619047616,0.031746031746031744,0.03876952473246193,-0.01933912088162537,0.05144659401681295,0.06907926370711168,0.02671645585213711,0.8333333333333334,0.04450072713098493,-0.09821153513045089,0.16604310572844305,-0.1301843128854716,0.02671645585213711,-0.03301837818956532,0.38675073268603277,0.018960803088508824,-0.1022188637234106,0.1022188637234106,0.05477317466947662,194414090.7485962,-0.05859388077220529,0.041604781981562554,-0.028642398061897945,0.15690076873760872,0.07511522455568609,0.06417936478429187,0.41117652106332536,2.0,7.0,2.0,1.0,1.0,0.0,63.0,126.0,0.5938388625592417,-0.006022371408872407,-0.04175894025404958,0.04834958258745048,0.04834958258745048,0.4444444444444444,0.30190413571110863,0.5190490072880761,0,0,0,0,0,0
recent_month_non_top10_control,2026-04-30,AMZN,265.0599975585937,0.026086249733228373,0.43726277079655373,0.8907121740309888,0.9319958392543212,0.13220279726432826,0.20717761405001034,0.08533288114701687,0.06300777021723047,0.05119055668522732,-0.02014576260893175,0.12779304291951454,-0.04504135592915348,0.021153516362725,0.022314399163565923,0.25857366683138866,0.0,-0.0,0.008179339359030813,0.1365234378322442,0.03349153807842548,-0.010290686407351424,1.13544881560576,0.1705549632600336,1.167541053987335,1.4008709534106054,0.05787400373323692,0.14834065136424734,0.1233989901145028,0.08533288114701687,0.14834065136424734,0.036738564502459825,0.03565369298419463,0.1076472803105828,-0.12244046250772744,0.032532055754896705,0.1076472803105828,0.3300138107360366,0.3258786966624282,0.8327820082545484,1.0009559746477128,0.015319115249096217,0.0,-0.0,0.3333669023121988,11118574745.595648,1.0603060924473606,0.11904761904761904,0.015873015873015872,0.007936507936507936,0.024210936937427537,0.7269493296573803,1.197844988296891,0.15809685438755883,0.10771501202649425,0.18577675048672138,1.163301792946095,1.9662212685084939,-0.00823807489304329,0.13443021243146555,0.26219046456473194,0.1632375795854477,0.33032929557249535,0.8319866501098079,0.39681732373362943,0.016282975230507906,0.2430468067389282,0.0,-0.0,0.3333669023121988,0.0,0.8253968253968254,11789092542.086428,23.190440580177786,0.14285714285714285,0.015873015873015872,0.015873015873015872,0.026402580543357115,0.14271178409299945,0.27738590476909875,0.9921598364921361,0.27267485533749514,0.3333333333333333,0.02056714001711322,-0.12244046250772744,0.27267485533749514,0.11577408659988642,0.27267485533749514,0.08435163152454894,0.274829564056493,0.014772808822157733,0.0,-0.0,0.2635743536255024,12037026498.249672,0.030519796779340913,0.026802550665723103,0.009437039931373459,0.15690076873760872,0.07511522455568609,0.06417936478429187,0.41117652106332536,2.0,8.0,2.0,0.0,1.0,1.0,63.0,126.0,0.7315165876777252,0.021051901989134647,-0.10080736990422845,-0.08447143890393682,0.021051901989134647,0.3475177304964539,0.30190413571110863,0.5190490072880761,0,0,0,0,0,0
recent_month_non_top10_control,2026-04-30,ANET,172.7100067138672,0.6881308055575872,1.0993073266209126,1.008393004391341,1.078579112202431,0.40163938486350936,0.18529955909631024,0.09525020001215356,0.22284495623351575,0.22637526978996791,-0.10114780075654328,0.31964646041827705,-0.17128549272273152,0.031070835227861693,0.1232484596495802,0.18324090579378596,-0.028245029732446136,0.028245029732446136,0.043502276582880084,0.3216254698021215,0.12969072210776758,0.00267834498876951,0.9014872599587094,0.253906938929948,-0.034930861093651844,0.17593545223828877,0.07715762547401361,0.3180951562456693,0.24499027535331477,0.09525020001215356,0.3216254698021215,0.08173705879297777,0.05384882780596789,0.21849865966173376,-0.05813464917328137,0.14338343510604767,0.21849865966173376,0.5198086071422579,0.38725083611786537,0.868703178787294,1.0854578072664898,0.025793505982164195,-0.028245029732446136,0.028245029732446136,0.4872126995489441,1055757072.9847438,1.0136603567600275,0.35714285714285715,0.07142857142857142,0.031746031746031744,0.04014618596646878,-0.2163900123760797,0.1022746992110346,0.1540393274421321,0.11897484590777085,0.21553319547860839,1.0839657958011535,0.9931785043378891,-0.0802996346120084,0.20285315933627393,0.29370791545967934,0.19330745601405175,0.5642303109068835,0.8003104063297961,-0.1996985583793386,0.029354436404924102,0.32840376642384683,-0.028245029732446136,0.028245029732446136,0.4872126995489441,0.09523809523809523,0.3492063492063492,1070179091.2536379,20.791091847352416,0.4603174603174603,0.07936507936507936,0.031746031746031744,0.04148507994007324,0.16872311773382265,0.3869159664031738,0.9005734374712435,0.406662391521293,0.5,0.0302263364658365,-0.17128549272273152,0.406662391521293,0.2497616227836843,0.406662391521293,0.09412271664713967,0.4515593893854751,0.02623871686519661,-0.028245029732446136,0.028245029732446136,0.3833400786918433,1101382306.5308344,0.009834686935110248,0.03817836668879141,0.008749428815857607,0.15690076873760872,0.07511522455568609,0.06417936478429187,0.41117652106332536,2.0,7.0,2.0,0.0,1.0,1.0,63.0,126.0,0.8822274881516587,-0.07666032643435128,-0.016385859076151976,-0.07364947441509084,-0.016385859076151976,0.1867612293144208,0.30190413571110863,0.5190490072880761,0,0,0,0,0,0
recent_month_non_top10_control,2026-04-30,AVGO,416.7703857421875,0.7752019313915757,1.186378452454901,1.0306514462415481,1.0919112337250039,0.4294317151664562,0.27036472192029115,0.1338527998211969,0.07477365426275218,-0.0937841236306236,-0.10198341372524322,0.3646024089096861,0.09017108752291603,0.06967343503690504,0.12876619536324596,0.29326931572662224,-0.012607664894574766,0.012607664894574766,0.012460071492517821,0.040068676190573305,0.08445737159984151,-0.13946226091925995,1.1435160292544735,0.20889316441009687,-0.22927277222477305,-0.026865162105151774,0.18361993386284037,0.2086264540839491,0.1275159766985731,0.040068676190573305,0.2086264540839491,-0.04276233868365542,0.06931305404973132,0.26261899518444287,-0.035466264750798615,0.18750377062875678,0.26261899518444287,0.45641597208884577,0.6143366939170922,0.8923765062021267,0.9366101181913721,0.02102487857116507,-0.012607664894574766,0.012607664894574766,0.4226850261259558,9547605804.18459,0.9078910655696745,0.24603174603174602,0.03968253968253968,0.023809523809523808,0.03705867615027379,-0.2549685040714249,0.004809152782337511,0.11274331551841421,0.11829154530994956,0.20148364508403205,0.8936402592385216,0.9617283397446303,-0.02938735024803074,0.171452017032208,0.3090459659850331,0.2000504674790251,0.4274838175625638,0.9527726520030959,-0.1725393191961606,0.020682324409443703,0.3200813366972841,-0.012607664894574766,0.012607664894574766,0.4226850261259558,0.06349206349206349,0.3492063492063492,8668186007.200356,22.88292537957352,0.2698412698412698,0.06349206349206349,0.0,0.03635261326714164,0.15679532601131618,0.3471925996506324,0.856087588040686,0.34868010047009723,0.3333333333333333,0.03196216223187809,-0.13946226091925995,0.34868010047009723,0.1917793317324885,0.34868010047009723,0.08277693612117054,0.4072948905474916,0.02213188376494759,-0.012607664894574766,0.012607664894574766,0.3315576283164303,8320832989.190674,0.014509297955520362,0.02947800374949343,0.011377775207832341,0.15690076873760872,0.07511522455568609,0.06417936478429187,0.41117652106332536,3.0,12.0,3.0,1.0,1.0,1.0,63.0,126.0,0.8907582938388626,0.07028724002199072,-0.09362561995065877,-0.1351352578347439,0.07028724002199072,0.524822695035461,0.30190413571110863,0.5190490072880761,0,0,0,0,0,0
recent_month_top_future_return,2026-04-30,ALAB,194.7400054931641,1.5706028813696704,1.9817794024329958,1.036777208781377,1.1530123943920392,0.42426688786871014,-0.005413674882903452,0.04317555781878113,0.1274183636688977,0.19271957730337275,-0.19316476844533303,0.4860874334716445,-0.15593521798621246,-0.02100380696551074,0.24974710720753035,0.04540718326382917,-0.22685405066683584,0.22685405066683584,0.01638536390511347,0.23589513512215388,0.0980140494845726,0.05578468539413328,0.9249168876993796,0.2925111480163951,0.20340091563113138,0.5559043189329058,0.12867859031731654,0.17059392148767882,0.14988820480953793,0.04317555781878113,0.23589513512215388,-0.09461412259807755,0.022290216995868306,0.2929226650263115,-0.21106091034858365,0.2178074404706254,0.2929226650263115,0.9508530306299415,0.2781570190018468,0.9617165557492566,1.1075148504121493,0.04499175503774996,-0.0850403643871156,0.0850403643871156,0.9421562981236045,843190652.0339057,0.9391677860756383,0.5476190476190477,0.19047619047619047,0.14285714285714285,0.07498368732134204,0.009305514741894338,0.7933591626055314,0.3309558015239834,0.24057208982553657,0.39786354981495586,1.2141616547386676,1.2588933369714395,-0.07767401510315752,0.3677163235497371,0.6388117688497024,0.4088742434491359,1.0530838519820584,0.8683554494924963,0.00278985272172827,0.047853357585585767,0.6385220929226605,-0.0850403643871156,0.0850403643871156,0.9421562981236045,0.06349206349206349,0.3492063492063492,791897497.9103572,20.489942520835406,0.5079365079365079,0.2222222222222222,0.15873015873015872,0.07250279686277707,0.29635960907586756,0.7695923817943082,0.84949855818599,0.7768248923757639,0.3333333333333333,0.048887551955644336,-0.21106091034858365,0.7768248923757639,0.6199241236381552,0.7768248923757639,0.16048433082285474,0.9144511016411698,0.0475527687127577,-0.0850403643871156,0.0850403643871156,0.8314680912221,975992223.0753944,0.015434378888716793,0.07468639634297705,-0.01084944570594304,0.15690076873760872,0.07511522455568609,0.06417936478429187,0.41117652106332536,2.0,8.0,2.0,1.0,0.0,1.0,63.0,126.0,0.9114928909952607,0.760552513261332,1.480332624980989,1.0869877886595871,1.480332624980989,1.0,0.30190413571110863,0.5190490072880761,1,1,1,1,1,1
recent_month_top_future_return,2026-04-30,AMAT,394.0001831054688,1.2297834019248597,1.640959922988185,0.8892834326695958,0.9195516208717864,1.2042124458479884,0.9329696344685676,0.6977959329347754,-0.16084120516673006,-0.13196051535393805,0.3854646074272039,-0.16003024856070924,0.08427483110441614,0.6336165681504835,-0.4723615740682807,1.4214869935711572,-0.05407155708802036,0.05407155708802036,0.10373828011695174,0.5658354175808373,0.08574921295656866,0.01879085264582403,1.0084279925772566,0.18300285469465605,-0.2816457953352829,-0.11970407576764175,0.0016499995067820183,0.5369547277680453,0.600195359427886,0.5369547277680453,0.6977959329347754,0.2542122037362342,0.07123515828439642,0.22543435886649466,0.15650387906519736,0.15031913431080857,0.22543435886649466,0.49089153547703207,0.4139755914450896,0.9436760733103327,1.1093276285826468,0.024307316183805928,-0.05407155708802036,0.05407155708802036,0.793497684293321,2250778478.534965,1.1242802794258646,0.3412698412698413,0.06349206349206349,0.05555555555555555,0.03706852829417743,-0.15423004942655594,-0.023822303628479147,0.08052775483842545,0.057497060727657034,0.06889723734489084,0.941283552765283,1.0526787314101416,-0.08195001156809056,0.11817435655363767,0.05960246312101769,0.11974797431387718,0.5445595429420302,0.8506739118325557,-0.1341548286731895,0.026183128792775033,0.13132390095185387,-0.05407155708802036,0.05407155708802036,0.32722440885993853,0.06349206349206349,0.9365079365079365,2530505856.773013,21.651685063483544,0.36507936507936506,0.06349206349206349,0.09523809523809523,0.04027898181821017,0.047490987464772205,0.15796764439244804,0.3328454691769524,0.15418819941481532,0.8333333333333334,0.09766999239973274,-0.08195001156809056,0.2542122037362342,-0.002712569322793401,0.15418819941481532,0.013550300405024363,0.4632425966202455,0.020634302318217286,-0.05407155708802036,0.05407155708802036,0.1320630204585267,2165733863.4841194,-0.006415021693357281,0.03378321458576876,-0.003858400069157164,0.15690076873760872,0.07511522455568609,0.06417936478429187,0.41117652106332536,2.0,7.0,2.0,0.0,1.0,1.0,63.0,126.0,0.9163507109004738,0.14228372690405178,0.8350245279111004,0.5305576085631354,0.8350245279111004,0.983451536643026,0.30190413571110863,0.5190490072880761,1,1,1,1,1,0
recent_month_top_future_return,2026-04-30,DDOG,132.19000244140625,-0.11722587792689754,0.2939506431364278,0.8740246867651692,0.8887848310283284,-0.05565076099370281,-0.07169938126893549,-0.18807195857961767,0.16012870614737307,0.014207868707149296,-0.2056998386866401,0.22789280926073008,-0.017197979815398723,-0.25225132336390954,0.21026492915370765,-0.2920461732674708,-0.33812336454310343,0.33812336454310343,-0.07527039700835725,-0.17386408987246837,0.08863403866920763,-0.1501155542671161,1.0484592272833944,0.04253462530003693,0.34119387888890973,0.370958955177241,0.339133304841965,-0.027943252432244603,-0.12995976696144354,-0.18807195857961767,-0.027943252432244603,-0.04904770865150532,-0.00828495631394599,0.022192970574089976,-0.13424069947833162,-0.05292225398159611,0.022192970574089976,0.6439802188655004,0.034462994723619744,0.8056686219706444,0.9999767359320358,0.02649732800747138,-0.33812336454310343,0.33812336454310343,0.2882132747973174,702117334.5533401,0.9361534979770479,0.2857142857142857,0.07142857142857142,0.07142857142857142,0.04557923659506156,0.9116076672539912,1.1405795482319836,0.15203984710106278,0.017417047464438173,0.0897352075237301,1.0227023442177876,1.699828683793012,0.05439446246056412,0.10523768099945466,0.18068956343658304,-0.012775963748204777,0.6439652372659211,0.805687365536274,0.3544280652198586,0.02952286979506195,0.057933078127414994,-0.013360153330448932,0.013360153330448932,0.2882132747973174,0.015873015873015872,0.746031746031746,657289598.7324306,20.30363527039819,0.38095238095238093,0.07936507936507936,0.09523809523809523,0.05504902834412465,0.07870579744268569,0.1072776866822931,0.23086304047471679,0.1197797460746266,0.3333333333333333,-0.029404622279526837,-0.1501155542671161,0.1197797460746266,-0.03712102266298212,0.1197797460746266,0.0769350002986271,0.5188346555097216,0.02377807230200538,-0.013360153330448932,0.013360153330448932,0.25453164084399904,562423937.7805437,0.012562255391851629,0.0490068562228412,0.001651883120163955,0.15690076873760872,0.07511522455568609,0.06417936478429187,0.41117652106332536,3.0,11.0,3.0,1.0,1.0,1.0,63.0,126.0,0.8489336492890995,0.8711702968093558,0.9695890804372147,0.9695890804372147,0.9695890804372147,0.9905437352245863,0.30190413571110863,0.5190490072880761,1,1,1,1,1,0
recent_month_top_future_return,2026-04-30,DELL,208.9499969482422,0.9005836152948896,1.311760136358215,1.1954832592217257,1.2630346979102025,0.5921586076923819,0.49018504470365665,0.29938575513271126,0.37294882689773745,0.27926790302147264,-0.2905335142676502,1.1220305352881916,-0.1769025787125481,0.2352063903484194,0.5321112658878302,0.5124305399192504,-0.033041785879268315,0.033041785879268315,0.0973352996550676,0.5786536581541839,0.19401782763478193,-0.05601805098267065,1.5202966047732764,0.4401053905716561,-0.4749923146431666,-0.03844998825606982,0.25749172838838186,0.6723345820304487,0.516791331772448,0.29938575513271126,0.6723345820304487,-0.0869029199410899,0.237732578555772,0.8314970210205415,0.29395314616650126,0.7563817964648554,0.8314970210205415,0.5842465111074155,1.199071231708296,0.936783761330478,1.1869149129193541,0.025856223951021638,-0.033041785879268315,0.033041785879268315,0.8870668693962025,1084753908.972507,1.2127189408780434,0.31746031746031744,0.047619047619047616,0.047619047619047616,0.041924110731467915,-0.5890386985277496,-0.47519616597851455,0.0749957493860488,0.259937542817543,0.24637946766200414,1.4336304129720878,0.46901097254990076,0.10838743700538189,0.19765347090440732,0.4154276191889803,0.2402920493622014,0.6934508968544946,0.7892594078427663,-0.6799362424302084,0.03154818851443639,0.2594934230563979,-0.033041785879268315,0.033041785879268315,0.8577958149167588,0.06349206349206349,0.8412698412698413,1315501611.6024563,20.997483884291423,0.42857142857142855,0.07936507936507936,0.047619047619047616,0.04678591274845548,0.12320864637613438,0.227126970845823,0.5061370610341537,0.27701521321204536,0.5,0.05992204112460331,-0.1769025787125481,0.29395314616650126,0.12011444447443664,0.27701521321204536,0.07144332028188916,0.5473126442194136,0.028998900685668128,-0.033041785879268315,0.033041785879268315,0.23743370268167707,1204788184.0682256,-0.0008624961767363937,0.04616875564093202,-0.007457729595091389,0.15690076873760872,0.07511522455568609,0.06417936478429187,0.41117652106332536,3.0,11.0,3.0,1.0,1.0,1.0,63.0,126.0,0.8972748815165876,1.0144054070810569,1.0648958973756417,0.8871500985084655,1.0648958973756417,0.9929078014184397,0.30190413571110863,0.5190490072880761,1,1,1,1,1,1
recent_month_top_future_return,2026-04-30,ENPH,32.959999084472656,-0.6719973559661541,-0.2608208349028287,1.2502539703082125,1.3562756367551623,0.01854136164413922,-0.06866347406286066,0.08030150236680633,-0.05190837072642096,0.06215945599223649,0.21206159504481947,-0.32076901817964865,-0.05440838528217051,0.016122137582514462,-0.1890089255016355,0.09445488110034457,-0.3621056657152687,0.3621056657152687,0.024893134584866417,0.14246095835904282,0.0571106324208257,0.11091850305992268,1.0794338281991787,-0.13650144059455782,1.132183168104373,0.9003990302482907,-0.2756432141446321,0.028393131640385372,0.08371853078874485,0.028393131640385372,0.14246095835904282,0.15382216606966548,-0.09029040072376715,-0.10870742313482917,0.14305032398622464,-0.18382264769051526,-0.10870742313482917,0.8501572542502877,-0.10600176805796294,0.7352081817873637,1.2062763883064596,0.03380501138203243,-0.3621056657152687,0.3621056657152687,0.2618682245586026,257069768.01972315,1.1200707798478453,0.4444444444444444,0.09523809523809523,0.1111111111111111,0.05693501070652104,1.1283468277427922,0.8553373960836959,-0.09386495956435525,-0.1763634157292978,-0.15556469098708314,0.8684608514987253,1.8370803135630824,-0.10551216078005732,0.1300697460997464,-0.2202507989701491,-0.20645276567854254,1.0255246221495735,0.6094856775067548,0.38917523371019014,0.04026685032340159,-0.16382185011938744,-0.3621056657152687,0.3621056657152687,0.056748910551710496,0.9365079365079365,0.2222222222222222,287936335.541156,19.478249959987714,0.5396825396825397,0.12698412698412698,0.15873015873015872,0.06314959543686198,-0.07315063890297158,-0.1264948402483438,-0.20522282141495002,-0.12827299954144944,0.5,0.019932907918689253,-0.12827299954144944,0.15382216606966548,-0.28517376827905816,-0.12827299954144944,-0.00734854253726358,0.6250425691306914,0.0296312680469132,-0.13897596302175075,0.13897596302175075,0.056748910551710496,240784662.39643097,-0.03331772088822582,0.06432039079749229,-0.027499147540326785,0.15690076873760872,0.07511522455568609,0.06417936478429187,0.41117652106332536,2.0,7.0,2.0,1.0,0.0,1.0,63.0,126.0,0.7499999999999999,1.0740292023416873,0.4939321312561442,0.3067354639313187,1.0740292023416873,0.9952718676122931,0.30190413571110863,0.5190490072880761,1,1,1,1,1,1
recent_month_top_future_return,2026-04-30,FTNT,84.30999755859375,-0.5986283731951331,-0.1874518521318077,0.8698032996654319,0.8952276256060242,-0.1560560933850096,0.002735439135707951,-0.024528551881250804,0.08623354710243114,0.06372490850434698,-0.05981717170763112,0.09735095637637914,-0.0613213355668637,-0.08870791666554267,0.06206233654999882,-0.07278398617842345,-0.22430770388431553,0.22430770388431553,0.002744926223091859,0.039196356623096174,0.04472830465021332,-0.0212004640643092,1.099751188796128,0.0367988924359155,-0.22517368750916777,-0.19609152354045678,0.03155830713936858,0.061704995221180337,0.025457599987675234,-0.024528551881250804,0.061704995221180337,0.02329679371370963,0.005100592263261872,0.037533784668748016,-0.027442816863271102,-0.03758143988693807,0.037533784668748016,0.3370047886786696,0.09974211151927877,1.1240701653772165,1.1166259800845324,0.016442410479791583,-0.03996814106613278,0.03996814106613278,0.12069644817878755,505934720.07535905,1.0542645454728854,0.1349206349206349,0.007936507936507936,0.015873015873015872,0.03064453826901606,-0.03882419109376034,-0.00836112467244532,0.029492101422123662,0.01044411939095724,0.030465377458807286,1.0478380150049098,1.090501318435894,0.034037738617692215,0.03897590664971064,0.06681005771039006,0.004748685050960821,0.3763083024515002,1.0066666774958257,-0.10164966836563782,0.018711922033241436,0.0454809477773408,-0.03996814106613278,0.03996814106613278,0.12069644817878755,0.8571428571428571,0.7301587301587301,533389037.69919986,20.09476161963077,0.20634920634920634,0.0,0.015873015873015872,0.036304101452848424,0.027644352991206045,0.06833962884140288,0.08366451396489748,0.03169354257467227,0.5,-0.0034894235980616473,-0.0613213355668637,0.034037738617692215,-0.12520722616293645,0.03169354257467227,0.019104408148904906,0.378817028542946,0.018288974514751838,-0.031920988588759025,0.031920988588759025,0.09921774332646782,453154503.07290214,-0.0030743925336977895,0.03347340228319499,-0.010794335725446524,0.15690076873760872,0.07511522455568609,0.06417936478429187,0.41117652106332536,2.0,7.0,2.0,1.0,1.0,0.0,63.0,126.0,0.5735781990521327,0.6364607426873279,0.8220851567505347,0.853279617181929,0.853279617181929,0.9858156028368794,0.30190413571110863,0.5190490072880761,1,1,1,1,1,0
recent_month_top_future_return,2026-04-30,MRVL,165.14999389648438,1.4258370769569744,1.8370135980202997,1.3175615569682426,1.4745597862319226,1.0587412337340578,0.9681340443509208,0.7639380715583939,0.18183215009082043,0.08563188382182263,-0.15749106563126647,1.2511639035104984,-0.04629826710405194,0.699758706774102,0.3297347663208381,1.2629222622115128,-0.00247646574145588,0.00247646574145588,0.12220023211193265,0.8495699553802165,0.09096724828544141,-0.04944071257677052,1.0216659544494209,0.7250961644199954,0.6156389590983515,2.3826194044836937,0.2093320436397823,0.9457702216492143,0.8530927495292749,0.7639380715583939,0.9457702216492143,-0.07064265894562305,0.2887700135315745,1.093672837879232,0.03509885407978919,1.0185576133235459,1.093672837879232,0.6048971456253025,1.6276274204583003,0.8346387311116392,1.1108384232195392,0.028022874699247004,-0.00247646574145588,0.00247646574145588,1.2410505156585954,1970844619.7524116,1.2500541845117843,0.3968253968253968,0.11904761904761904,0.03968253968253968,0.04675621657329753,-0.6036547914542147,-0.3388271090908619,-0.00247646574145588,0.4346527070574979,0.5277813839495284,1.6897137032537741,0.9922224572479215,0.21251065813922065,0.2859466036480941,1.0226791186437194,0.5430661302588675,0.671942991456411,0.7513592559146529,-0.3362027019524987,0.0309850512926083,0.6856345460483042,-0.00247646574145588,0.00247646574145588,1.2410505156585954,0.07936507936507936,0.9365079365079365,2463662563.9440384,21.62491492719428,0.42857142857142855,0.14285714285714285,0.015873015873015872,0.0492730319427315,0.3300859656344002,0.6696365176955523,1.3234565820226827,0.6681743002142542,0.5,0.12490036230113642,-0.07064265894562305,0.6681743002142542,0.5112735314766454,0.6681743002142542,0.1877536240458546,0.5048705860777549,0.0333762017806433,-0.00247646574145588,0.00247646574145588,0.5484272010226263,4092246695.489066,0.059203776562764654,0.050737425671064026,0.03546210919336157,0.15690076873760872,0.07511522455568609,0.06417936478429187,0.41117652106332536,3.0,11.0,3.0,1.0,1.0,1.0,63.0,126.0,0.9548578199052133,0.2412958375795855,0.8037543182420839,0.4852558422731763,0.8037543182420839,0.9810874704491725,0.30190413571110863,0.5190490072880761,1,1,1,1,1,0
recent_month_top_future_return,2026-04-30,MU,517.1599731445312,5.3256384260068375,5.736814947070163,0.9899596337523148,1.025676042382024,3.745376762315998,2.095328448647786,1.3130278600575869,-0.5002770414137736,-0.12431748582259239,0.8547955618108152,-0.6077428366040518,0.05679942274959249,1.248848495273295,-1.0659751348508235,1.860385469875288,-0.014107107763656535,0.014107107763656535,0.1353955853509139,1.1887103742349945,0.2604731409337271,0.20739726151245153,1.5892798137213298,0.3603963661942573,-0.2835687505022255,-0.10657245789051362,0.033874774783253514,0.8127508186438133,1.1048296843121317,0.8127508186438133,1.3130278600575869,0.45362804795864275,0.04787494724101671,0.24705272520676336,-0.006049931713547174,0.17193750065107727,0.24705272520676336,0.7057826892969694,0.34737607224551936,0.8676711756199714,1.0076709681294913,0.03503578859467586,-0.014107107763656535,0.014107107763656535,1.5703244230522468,12927913054.730698,1.3358708664960657,0.5,0.18253968253968253,0.07142857142857142,0.055311178630536875,-0.5030114830636367,-0.2392180592646913,0.25390254019355163,0.05764210639204981,0.2223847750428003,1.16743000285618,0.9957093859169254,-0.18039158750816076,0.2750615217079063,0.2546432310796596,0.13322352762144507,0.7111967258129132,0.861065966037111,-0.20969212331210485,0.03509166322684416,0.2579767777543107,-0.014107107763656535,0.014107107763656535,0.6070851235620558,0.047619047619047616,0.3492063492063492,17270022414.408897,23.572238027043294,0.5396825396825397,0.1746031746031746,0.07936507936507936,0.05846980290533859,0.20761228168503698,0.460240932494683,0.8667451852203276,0.5307837400853326,0.6666666666666666,0.1770278255140519,-0.18039158750816076,0.5307837400853326,0.37388297134772386,0.5307837400853326,0.14171539748849193,0.6123872957545264,0.03065110748571102,-0.014107107763656535,0.014107107763656535,0.4120794750283143,18427349388.955833,0.0590465567640317,0.05357005237536665,0.009608761262456467,0.15690076873760872,0.07511522455568609,0.06417936478429187,0.41117652106332536,3.0,11.0,3.0,1.0,1.0,1.0,63.0,126.0,0.9834123222748816,0.8775621672650864,1.2319786893869091,0.8863795502710976,1.2319786893869091,0.9976359338061466,0.30190413571110863,0.5190490072880761,1,1,1,1,1,1
recent_month_top_future_return,2026-04-30,PANW,179.32000732421875,-0.4518868706580079,-0.04071034959468256,0.6057124084023446,0.6287822348281241,0.03294931462901185,-0.11933988987173683,-0.18579729907523745,0.15930441251240735,0.128941477895111,-0.19646750450977446,0.20974662575804126,-0.13671449264146585,-0.24997666385952932,0.19907642032350426,-0.48149851256857795,-0.18999004711766176,0.18999004711766176,-0.03357508131672393,-0.05685582118012644,0.08458300495792369,-0.031189227277542586,0.9389129999059193,0.04075440596502067,-0.24338957276385997,-0.23334245116288832,0.1768940398201484,-0.02649288656283011,-0.08971533560606466,-0.18579729907523745,-0.02649288656283011,-0.0392507917878554,-0.0024508957349278493,0.0132791212482668,-0.1585014570733717,-0.06183610330741929,0.0132791212482668,0.38587304887837026,0.028617205574306387,1.2085144161314332,1.202534836782823,0.018005080122423245,-0.18579729907523745,0.18579729907523745,0.26575852080109996,1437229392.4926274,1.2044907523562536,0.1984126984126984,0.0,0.047619047619047616,0.0330015890101188,-0.25544403736002885,-0.1672044999107164,0.15360852411534875,0.056409618235735426,0.09868838107266953,1.0508788858311637,0.8961214392182842,0.0765512308316072,0.11079901894671086,0.2041365130879571,0.051870355691951975,0.46402578385184123,1.004972479104728,-0.24567716751547675,0.02234284251322211,0.11036739037392151,-0.019573464689626063,0.019573464689626063,0.26575852080109996,0.047619047619047616,0.7301587301587301,1731129512.271966,21.272039930256092,0.31746031746031744,0.0,0.07936507936507936,0.04007995065601071,0.07534580311686145,0.1711721840751954,0.25413799250106006,0.11851296863763161,0.3333333333333333,-0.02843196155183279,-0.1585014570733717,0.11851296863763161,-0.03838780009997711,0.11851296863763161,0.04964327459352891,0.46633314236609963,0.023539210842286145,-0.019573464689626063,0.019573464689626063,0.15148020448130062,1251690054.6310425,0.013067317011338897,0.03648305397301047,-0.007406211421319142,0.15690076873760872,0.07511522455568609,0.06417936478429187,0.41117652106332536,3.0,11.0,3.0,1.0,1.0,1.0,63.0,126.0,0.6803317535545023,0.5708788252060344,0.9017397673706993,0.9409992379115029,0.9409992379115029,0.9881796690307328,0.30190413571110863,0.5190490072880761,1,1,1,1,1,0
recent_month_top_future_return,2026-04-30,SEDG,42.86000061035156,2.0918886046443594,2.503065125707685,1.0156457063637319,1.088014748098621,0.6703040087770744,0.15837839487436645,0.22143061909307615,0.2641846337192053,-0.0481483293974585,-0.11798231324154362,0.5027965153036493,0.04103729325868333,0.15725125430878428,0.16338358296902955,0.22996450750406952,-0.1737034607107869,0.1737034607107869,0.04016112241749581,0.17328228969561765,0.16815848782540044,-0.21023812358241145,1.1070390381249524,0.1454594691158142,0.08393744400097747,0.501051966599452,0.14427802817275004,0.48561525281228146,0.29344272053365844,0.17328228969561765,0.48561525281228146,0.07279030688743249,0.09679103252915477,0.3848142020621057,0.1437803118980221,0.3096989775064196,0.3848142020621057,0.9628904107698344,0.3834803423009312,0.8685231814163531,1.0421521379815273,0.04452061001671884,-0.1737034607107869,0.1737034607107869,0.5054443851091743,135046887.4949985,1.1187567582650983,0.5555555555555556,0.15873015873015872,0.19047619047619047,0.07977061823605629,-0.12557085126655054,-0.26585632892199784,-0.15998632184880046,0.08552045840531419,0.009815440029123712,1.1635072594781348,0.9304968010348564,0.4420903117685129,0.23451818447353356,0.2107344283310011,-0.0019418494818208565,1.003478300225694,0.8333938489043795,-0.2681954411724271,0.05142513028163465,-0.11836607422532441,-0.1737034607107869,0.1737034607107869,0.39882511305896373,0.31746031746031744,0.9682539682539683,151084618.06769598,18.833350628995493,0.6666666666666666,0.2222222222222222,0.25396825396825395,0.08415536845445547,-0.0501728389935171,-0.1183410399119812,-0.19183586858553986,-0.1604309255457016,0.6666666666666666,0.05483819578075629,-0.21023812358241145,0.4420903117685129,-0.3173316942833103,-0.1604309255457016,-0.001316497875657241,0.8362926429171156,0.04164458116574681,-0.1737034607107869,0.1737034607107869,0.13296321797076271,152704396.01329622,-0.0046215607548584225,0.08382275178896101,-0.03442373158956147,0.15690076873760872,0.07511522455568609,0.06417936478429187,0.41117652106332536,1.0,3.0,1.0,0.0,0.0,1.0,63.0,126.0,0.6742890995260664,0.7813811802812018,0.36350904793488326,0.22211853294897987,0.7813811802812018,0.9787234042553191,0.30190413571110863,0.5190490072880761,1,1,1,1,1,0
recent_month_non_top10_control,2026-05-31,AAPL,312.0599975585937,0.13071514033171527,0.5598606105518982,1.0248457080938471,1.0582765034819148,0.34807807307393324,0.15746149466466064,0.12117544689867055,0.08369480332538104,0.028827454654987594,-0.05172244411765614,0.23405080351392005,-0.025067288626873463,-0.07413069420436891,0.06115291249759336,0.5519403314082877,-0.001439992937726342,0.001439992937726342,0.017739241526647076,0.15000290155365814,0.04251718906449897,-0.045537972790174464,1.1135830709629584,0.163531502949388,-0.03233125824794625,0.1441021958747526,0.07460319842323226,0.2048702502240516,0.1586828662254601,0.12117544689867055,0.2048702502240516,0.019065677185734042,0.05629483824117498,0.1823283593962639,-0.039329287398935375,-0.034950009398062365,0.1823283593962639,0.21954446885497347,0.8831248832938692,0.7715881609971176,0.9403934646560972,0.010030689174217846,-0.001439992937726342,0.001439992937726342,0.2672872777981612,12408525070.406025,0.9730260660343829,0.047619047619047616,0.0,0.0,0.01959775766545979,-0.23758113931465175,-0.12238949396086807,0.021988928074505254,0.11161433169462054,0.13431283656994175,0.8293957071385855,1.041093066347256,0.06919119500662885,0.07672804672525683,0.23073217897426046,0.1262469178094774,0.20645818371261113,0.8204950268123015,-0.006585707591178158,0.010120654664331484,0.13362962845932502,-0.001439992937726342,0.001439992937726342,0.26646192228936494,0.015873015873015872,0.6666666666666666,12073818334.546188,23.214305171286153,0.015873015873015872,0.0,0.0,0.019539918605436878,0.08182440671929614,0.14857607432073916,0.8919064299741108,0.15108708781185776,0.5,0.02156823519803956,-0.045537972790174464,0.15108708781185776,0.04540220272238038,0.15108708781185776,0.0490722581747407,0.16939791298089793,0.009510878367677257,-0.001439992937726342,0.001439992937726342,0.15108708781185776,15066994435.595993,0.02085479148637792,0.015912702363263333,0.004978828930279455,0.10568488508947738,0.21727836879432627,0.19530614110303945,0.4291454702201829,2.0,8.0,2.0,0.0,1.0,1.0,63.0,126.0,0.4590047393364929,-0.07274246101591075,-0.010991452613650532,,-0.010991452613650532,0.27358490566037735,0.15867746458095058,0.2136626171873685,0,0,0,0,0,0
recent_month_non_top10_control,2026-05-31,ABNB,133.30999755859375,-0.3957346364326344,0.0334108337875485,0.9992546591190975,1.0285372223302325,0.021297776796867618,0.053500842374623936,0.13949910242607455,-0.10904379910912487,-0.15725627631668126,0.1548850592140545,-0.1682075597219843,0.16009918539142132,-0.055807038676964904,-0.15282160293400437,0.44606365478882914,-0.07539184123577358,0.07539184123577358,0.006553660056941801,-0.017757173890606714,0.08056522153264888,-0.04678754823461484,0.9660526476047844,0.007872211377167648,-0.3527275525121182,-0.3613508400225445,-0.039980929159597944,0.030455303316949678,0.0507324106174725,-0.017757173890606714,0.13949910242607455,0.04436890863267462,0.016302529023612733,-0.013322500507929824,-0.06535416913008418,-0.2306008693022561,-0.013322500507929824,0.3127336220479895,-0.04436064381454812,0.7624246641709937,0.9603141543806845,0.014622271369325758,-0.07539184123577358,0.07539184123577358,0.14962054683600212,558482884.8799328,0.8928778228816604,0.10317460317460317,0.015873015873015872,0.023809523809523808,0.03027585525030745,0.4721240331781753,0.3981821773692438,-0.04889723546880187,0.0339279183387875,-0.008058474943160476,1.0244621474818443,1.102082523657102,0.11149827341749274,0.09495611702133629,0.0556699306877837,0.002337561952398426,0.3003225238034236,0.7939325487321266,0.17847737163563004,0.01439118677955842,-0.05781528691161386,-0.07539184123577358,0.07539184123577358,0.08496780807878768,0.4126984126984127,0.6825396825396826,498656982.36826336,20.027429009262896,0.09523809523809523,0.015873015873015872,0.015873015873015872,0.03195746565543414,-0.03204494156353199,-0.05691632047261974,-0.21065629014900972,-0.050228006704909345,0.5,0.025599440561996718,-0.06535416913008418,0.16009918539142132,-0.15591289179438672,-0.050228006704909345,-0.017720989501005424,0.23843582676491687,0.011741272447702875,-0.058943991865426204,0.058943991865426204,0.016392145749119624,555473778.8330078,3.7475919661300594e-05,0.03474126134790393,0.002421249053525587,0.10568488508947738,0.21727836879432627,0.19530614110303945,0.4291454702201829,2.0,7.0,2.0,1.0,1.0,0.0,63.0,126.0,0.5558056872037915,0.07343791706708913,0.11717047035667405,,0.11717047035667405,0.8066037735849056,0.15867746458095058,0.2136626171873685,0,0,0,0,0,0
recent_month_non_top10_control,2026-05-31,ADBE,259.2099914550781,-0.8046785022326514,-0.37553303201246846,1.0124046508580224,1.032116841605272,-0.2733109543471762,-0.23831214682299184,-0.19029773060489874,0.07421927009365625,-0.06908111254002935,-0.18030175347616118,0.16810704991161363,0.09327456001037171,-0.3856038717079382,0.1781030270403512,-0.4998432031746931,-0.37827404992155034,0.37827404992155034,-0.07416707616903906,-0.2593788431449281,0.07166554242447343,-0.16211889430431536,1.4609609101672736,-0.013557013790894912,1.1201404417245304,1.0942859575224908,0.17998171448024503,-0.11607846051124249,-0.18858501142035644,-0.2593788431449281,-0.11607846051124249,-0.10516622792119568,-0.02620252500277842,-0.012194703564547549,-0.07366335719405293,-0.22947307235887382,-0.012194703564547549,0.380714850969756,-0.028830994839337116,1.0940865270794862,1.1109942243006448,0.017581880895669103,-0.27499792369845766,0.27499792369845766,0.15025508956946187,1453806888.5675945,0.942846749223811,0.16666666666666666,0.023809523809523808,0.031746031746031744,0.03117575499668332,1.1073677643251254,1.219629283364002,0.07509029568781156,0.020673124595979475,0.06037346766822349,1.0184999140900994,1.939320540768451,0.01242391085120964,0.0989359988893528,0.06635671179249902,0.025041645818989267,0.42297200053287964,0.9847814715402307,0.5807184396921112,0.020020904152597073,0.010175737508500315,-0.08606587716787573,0.08606587716787573,0.15025508956946187,0.9206349206349206,0.5396825396825397,1370717098.8851397,21.038599870417542,0.2222222222222222,0.031746031746031744,0.031746031746031744,0.03341652005047573,0.0490495001965463,0.011268070540808361,0.1278907380826899,0.05327096719391444,0.5,-0.030329840227344695,-0.16211889430431536,0.09327456001037171,-0.052413917895562934,0.05327096719391444,0.04522054015598087,0.41653498910508446,0.0200272335114093,0.0,-0.0,0.09802170293949675,1174831669.8849633,0.045269010270473586,0.03739935234386535,0.05874324662342234,0.10568488508947738,0.21727836879432627,0.19530614110303945,0.4291454702201829,2.0,8.0,2.0,0.0,1.0,1.0,63.0,126.0,0.7553317535545023,-0.20905824994793265,-0.1523474848044919,,-0.1523474848044919,0.06132075471698113,0.15867746458095058,0.2136626171873685,0,0,0,0,0,0
recent_month_non_top10_control,2026-05-31,ADI,413.8500061035156,0.5344217052118521,0.963567175432035,0.9208221203112595,0.936447125332005,0.6643180018125685,0.7794049106770302,0.5701065541494246,-0.2347172790459029,-0.03933284897940603,0.3456192108919087,-0.1787909273474726,0.02569475086132167,0.3748004130463851,-0.40327827060498844,1.7322133356989302,-0.04287797570902785,0.04287797570902785,0.08940735844975789,0.5307737051700185,0.12570756381642198,0.14631271473357477,1.1815179214206244,0.19324315714686446,-0.09846959652999432,0.05193117324402974,-0.028992187305008077,0.3353892751035217,0.4787565114743216,0.3353892751035217,0.5701065541494246,0.14446083792814246,0.09634953745179509,0.16682828354443613,-0.10302099373127283,-0.05045008524989014,0.16682828354443613,0.32912028928549525,0.4340368679694624,1.1897199029962167,1.1678536017054477,0.01596819943747575,-0.04287797570902785,0.04287797570902785,0.6152762238682645,1319895345.9036932,1.0782450058759627,0.15079365079365079,0.031746031746031744,0.0,0.02651945289573633,0.47030244787912756,0.5126650978388874,-0.038866895443597116,0.17156123618537933,0.10768041597975464,1.5199864509613525,1.2786322008519726,0.26441186661207894,0.12767747404123936,0.30084235571826135,0.14149773732715154,0.3843643152364045,1.0187234951870996,0.22037090377329216,0.01875733173462209,0.0698898573965887,-0.04287797570902785,0.04287797570902785,0.36539095272131505,0.1746031746031746,0.6666666666666666,1423170564.9995835,21.076153012539066,0.23809523809523808,0.047619047619047616,0.0,0.028254535660166297,0.02428316921436835,0.04985244098999919,0.07358292640911662,0.028812201204498233,0.8333333333333334,0.08444522960139055,-0.10302099373127283,0.26441186661207894,-0.07687268388497914,0.028812201204498233,0.004356232370767099,0.39156095864282614,0.019964383972839932,-0.04287797570902785,0.04287797570902785,0.0771453509998139,1852586358.1178212,0.009540462618998324,0.04154714927563641,0.0012096286261449318,0.10568488508947738,0.21727836879432627,0.19530614110303945,0.4291454702201829,2.0,7.0,2.0,1.0,1.0,0.0,63.0,126.0,0.7279620853080568,-0.04030443984482901,-0.08865531448664288,,-0.04030443984482901,0.20518867924528303,0.15867746458095058,0.2136626171873685,0,0,0,0,0,0
recent_month_non_top10_control,2026-05-31,ADP,220.16958618164065,-0.7305348446240484,-0.3013893744038655,0.9187267344979191,0.9336737659988672,-0.2557537491013514,-0.135156411410442,-0.11821867514211182,0.02443752374632846,-0.01223685384057649,-0.1549328731874453,0.19837817697510185,0.01407271766820628,-0.31352481624515127,0.16166397892976836,-0.42492329905670767,-0.3041255146464137,0.3041255146464137,-0.038547908313808055,-0.1304555289826883,0.01867236429483813,-0.04046966981915212,1.3168275632490014,0.012250565051996176,-0.3242843139216196,-0.29492764066585964,0.17903707214579379,-0.09378115139578336,-0.11415178517352782,-0.1304555289826883,-0.09378115139578336,-0.1315128399019233,0.005487668841250848,0.04344530378765654,-0.04432379458270275,-0.17383306500666973,0.04344530378765654,0.2782117982340504,0.14244129436772862,1.0558308331849315,1.0963049714778323,0.012873703941451741,-0.15944022311103423,0.15944022311103423,0.17506228735690055,696062476.8308367,1.0048306131762856,0.0873015873015873,0.007936507936507936,0.007936507936507936,0.023007816290061763,-0.20591969155538836,-0.16882714205695737,0.1214096845193674,0.046396531105827865,0.06885189287786986,1.0292363866233711,0.9468638306818978,0.043114516917461154,0.06786892514421489,0.0918397861878697,0.07848941775689888,0.30500497752777705,0.9630813146470174,-0.08513827069094726,0.014142363229204561,0.09298875330889023,-0.015401032239961698,0.015401032239961698,0.17506228735690055,0.06349206349206349,0.5396825396825397,699424885.4029337,20.36576896446399,0.09523809523809523,0.015873015873015872,0.0,0.025881701247462894,0.049646534599295356,0.09586496956524582,0.15902022901257487,0.04671133272538297,0.5,-0.018734622832121295,-0.1315128399019233,0.04671133272538297,-0.058973552364094406,0.04671133272538297,0.028336717527640998,0.2937445947313355,0.014253921403956675,-0.015401032239961698,0.015401032239961698,0.07065640380354088,606446952.6193528,0.00761248073685028,0.026785723313635285,0.005611899146389598,0.10568488508947738,0.21727836879432627,0.19530614110303945,0.4291454702201829,2.0,7.0,2.0,1.0,1.0,0.0,63.0,126.0,0.5199052132701422,0.017170449525588438,0.10037906903539051,,0.10037906903539051,0.7122641509433962,0.15867746458095058,0.2136626171873685,0,0,0,0,0,0
recent_month_non_top10_control,2026-05-31,AEP,126.66999816894533,-0.16640129439343276,0.26274417582675014,0.8244299240580262,0.834805663915235,0.16747239883028398,0.07777136204315083,0.03901400465985527,0.03461063381471474,0.07622980599154272,0.08974786205322127,-0.136303454553102,-0.06835259273666638,-0.15629213644318418,-0.085569597159736,0.20873045070595994,-0.06970516804251614,0.06970516804251614,0.028592081916485768,0.115243810651398,0.03816856207938887,0.03876510531274824,1.173584728230205,-0.004940456915766167,0.6996639260637341,0.6205350649351635,-0.06970516804251614,0.07362463847457001,0.07596081792860776,0.03901400465985527,0.115243810651398,0.12604849326197942,-0.001561964615885425,-0.04655559249988073,-0.020475272473970074,-0.263833961294207,-0.04655559249988073,0.1869109395773527,-0.23816776352660898,1.3329506332597447,1.0458132961403765,0.009037209234870234,-0.06970516804251614,0.06970516804251614,0.13103567326361243,445813725.9976039,1.1094255358467915,0.023809523809523808,0.0,0.0,0.017100777150101044,0.5345000406360902,0.42795383601595427,-0.06941357698183293,-0.002015691707864975,-0.03381081544057085,1.0076097405927138,1.615862993638447,0.04600246631274052,0.07610417255331031,-0.026625484066932437,-0.02198321085457844,0.19547394580408597,1.2745588894108175,0.36162148735166144,0.009590906374274785,-0.032729767694735235,-0.06970516804251614,0.06970516804251614,0.015358352382258245,0.5555555555555556,0.7619047619047619,494597131.85274637,20.019254116133748,0.031746031746031744,0.0,0.0,0.017468945691784345,-0.03475768010346014,-0.035152685964401575,-0.2786905827576744,-0.06943382326400582,0.5,0.008759062735470982,-0.06943382326400582,0.12604849326197942,-0.1751187083534832,-0.06943382326400582,-0.02716748738100616,0.24914305527280614,0.012578380643327673,-0.06943382326400582,0.06943382326400582,0.01214539851805041,643797082.7513195,-0.015558949889306062,0.019262649024184522,-0.020325151297718502,0.10568488508947738,0.21727836879432627,0.19530614110303945,0.4291454702201829,2.0,7.0,2.0,1.0,1.0,0.0,63.0,126.0,0.27511848341232226,0.08005052132490165,0.09347119688198857,,0.09347119688198857,0.6745283018867925,0.15867746458095058,0.2136626171873685,0,0,0,0,0,0
recent_month_non_top10_control,2026-05-31,AKAM,149.5399932861328,0.5402999753890065,0.9694454456091894,1.1136454582624513,1.1825343344960548,0.8898015730649294,0.9912116687680519,0.6704646882682288,-0.13119561016843884,0.04346073621466884,0.0990840379714093,0.4207858086978431,-0.025357425471286832,0.47515854716518935,-0.1505948415989764,0.994030722348775,-0.07198713011948044,0.07198713011948044,0.1094712121760999,0.7139254244828976,0.09092667655102296,0.11346706619918523,1.7830452077377983,0.37611042258532756,0.19887194928012564,0.8221293257284521,0.04764424506861775,0.53926907809979,0.6412197302836388,0.53926907809979,0.7139254244828976,0.012763745180582653,0.14238690651325037,0.5198698466692524,0.16729341586116941,0.30259147787492613,0.5198698466692524,0.6744909117939548,0.6427626032672712,1.6297223826532108,1.1991345742530184,0.026150775759218967,-0.07198713011948044,0.07198713011948044,0.7911126735221257,504799531.26912194,1.333447144209993,0.2857142857142857,0.047619047619047616,0.047619047619047616,0.04030990366072538,0.07115792664443776,0.5554568259587482,0.06372414106697655,0.19559844546801353,0.2569554753512686,1.3187488195660924,1.437500264838364,-0.10335215737823578,0.19663761691412138,0.30204610598952986,0.3844844860655683,0.8088053723515741,1.3590821394407882,0.15104300973113816,0.03131682312870459,0.5136039645552248,-0.07198713011948044,0.07198713011948044,0.6832507817467501,0.1746031746031746,0.5079365079365079,673123493.3693538,20.327439369095234,0.3492063492063492,0.06349206349206349,0.06349206349206349,0.04856869991727329,0.18904299685859116,0.5179344521520421,0.4113109235113995,0.4521265139972863,0.6666666666666666,0.10282352639811683,-0.10335215737823578,0.4521265139972863,0.34644162890780894,0.4521265139972863,0.06864659669680151,1.0992329358467807,0.043257397597164425,-0.07198713011948044,0.07198713011948044,0.4521265139972863,1032605419.325874,0.020527888370293734,0.048845029088243216,0.020695079154005702,0.10568488508947738,0.21727836879432627,0.19530614110303945,0.4291454702201829,2.0,7.0,2.0,1.0,1.0,0.0,63.0,126.0,0.8350710900473933,-0.20950913206016208,-0.24321249665697398,,-0.20950913206016208,0.030660377358490566,0.15867746458095058,0.2136626171873685,0,0,0,0,0,0
recent_month_non_top10_control,2026-05-31,ALGN,174.9499969482422,-0.4622503967833612,-0.033104926563178316,0.9802618964508532,1.0096517905360451,0.23238932568430504,0.2688569100134306,0.1885997285575609,-0.1154843617036232,-0.06820265019314675,0.29152797710694434,-0.3712229201309005,0.06087364159563036,-0.006706412545478546,-0.2682946715815171,0.4749683958742075,-0.15560599021799615,0.15560599021799615,0.008335165172685288,0.12039707836441416,0.058057155078453986,0.04406023151927507,0.5928812976442942,-0.0003577047841841763,-0.2454592970077094,-0.30559237534193584,-0.07010860509852057,0.07311536685393771,0.12737072459197094,0.07311536685393771,0.1885997285575609,0.16604310572844305,-0.031283389491606806,-0.07969494302395619,-0.09821153513045089,-0.29697331181828246,-0.07969494302395619,0.39707847973849275,-0.19023464749404237,1.0442658567886858,1.0550299683175237,0.01826359728544599,-0.11422205552141296,0.11422205552141296,0.19240727571337857,201971122.94685727,0.9932568424426219,0.20634920634920634,0.03968253968253968,0.015873015873015872,0.03360301570847673,-0.4024421793346096,-0.406040894468933,0.0012296156930960978,-0.03568965726599338,0.005047337516298267,0.8721628545215943,0.9776517396089054,0.02671645585213711,0.08645807766413753,0.020533188023394322,-0.08742631007380464,0.4189296958980725,0.9897973405001911,-0.10680587780355766,0.020776230021962185,-0.12924637618583423,-0.10762563516994772,0.10762563516994772,0.12754571293533434,0.4126984126984127,0.1111111111111111,200609199.84278604,19.116869299054358,0.2857142857142857,0.047619047619047616,0.015873015873015872,0.03765913854378222,0.011507480511643964,-0.08952271625607988,-0.01452379487425311,-0.006022371408872407,0.6666666666666666,0.032243254692693714,-0.09821153513045089,0.16604310572844305,-0.11170725649834978,-0.006022371408872407,0.05418871259501756,0.41465549885646596,0.01933699770433753,-0.022134070945222684,0.022134070945222684,0.12754571293533434,171588278.56191,0.06947456243229344,0.03456496738713346,0.04355551990932094,0.10568488508947738,0.21727836879432627,0.19530614110303945,0.4291454702201829,2.0,7.0,2.0,1.0,1.0,0.0,63.0,126.0,0.5716824644549764,-0.03595309171679306,0.05470138605975472,,0.05470138605975472,0.47877358490566035,0.15867746458095058,0.2136626171873685,0,0,0,0,0,0
recent_month_non_top10_control,2026-05-31,AMD,516.0999755859375,3.231741009863364,3.660886480083547,1.1037593215026373,1.1236514018750683,2.173460985614724,1.015071003534091,1.3725462165315685,-0.19242546757529633,0.03733409146568745,-0.07962116564438693,1.6574142742752094,-0.015492093670292695,1.177240075428529,0.20524689209925384,2.0378072921799575,-0.003841130240645252,0.003841130240645252,0.20655204822648265,1.409880307997256,0.1232956135525828,0.10538845573162892,1.0495000091073023,0.9011139802843022,-0.016261928181806606,1.535873222230712,0.2251714530898088,1.1801207489562722,1.3208490911616988,1.1801207489562722,1.409880307997256,-0.15426853239039462,0.4320407163140685,1.5777931086308223,0.016083042075494047,1.360514739836496,1.5777931086308223,0.673540732628981,2.170250344746057,1.3614158640220089,1.0793849441434673,0.02937007848217467,-0.003841130240645252,0.003841130240645252,1.7028016959111478,9724956779.817698,1.1997280458551405,0.3888888888888889,0.12698412698412698,0.047619047619047616,0.04379734181167371,-0.26859834786882675,0.0648435363685167,-0.003841130240645252,0.6034450198304002,0.5727735376515055,1.784770038087701,0.9051915275430276,0.7425650248110034,0.338870099048409,1.536990582349759,0.6268311510010625,0.7270097260670826,1.26128854345133,-0.19809228270037804,0.03464063558402557,0.5182485645430059,-0.003841130240645252,0.003841130240645252,1.7028016959111478,0.015873015873015872,0.9682539682539683,11667303393.476385,23.18005618494787,0.49206349206349204,0.1746031746031746,0.047619047619047616,0.04718887238325054,0.2960855607742692,0.5175931455631975,0.4971752977392686,0.4558943547170746,0.6666666666666666,0.1916950418790856,-0.15426853239039462,0.7425650248110034,0.35020946962759725,0.4558943547170746,0.1726746382098514,0.916969038466101,0.04233254523940079,-0.003841130240645252,0.003841130240645252,0.511096687573152,17166557616.827974,0.1081194289468046,0.05360811944165205,0.031733592978339775,0.10568488508947738,0.21727836879432627,0.19530614110303945,0.4291454702201829,3.0,12.0,3.0,1.0,1.0,1.0,63.0,126.0,0.966350710900474,0.12557643988456646,0.0033327491177042035,,0.12557643988456646,0.8254716981132075,0.15867746458095058,0.2136626171873685,0,0,0,0,0,0
recent_month_non_top10_control,2026-05-31,AMZN,270.6400146484375,-0.10901463806500655,0.32013083215517635,1.152491486370643,1.1809070015340979,0.1818341251023472,0.10818120258650898,0.16044941785384292,-0.029484055559630074,0.012065988353063606,-0.0995626494261499,0.3883246239425189,-0.010290686407351424,-0.03485672324919653,0.12831255666252606,0.5717616982083578,-0.015818668825836157,0.015818668825836157,0.03703112358896021,0.17251540620690653,0.021374844078676507,0.036738564502459825,1.1169641380027817,0.15435099353316062,-0.04655293716084896,0.2287663193014169,0.1352849132947962,0.13096536229421285,0.1546433954516541,0.13096536229421285,0.17251540620690653,-0.12244046250772744,0.10948808061742232,0.288761974516369,-0.00823807489304329,0.07148360572204271,0.288761974516369,0.2806228859971186,1.0123180936190104,0.7449946471497072,1.0164825250605563,0.013684978295519741,-0.015818668825836157,0.015818668825836157,0.36143681165523134,10625722574.091763,1.0117135341765513,0.0873015873015873,0.007936507936507936,0.007936507936507936,0.02352954259956883,-0.45779000523892577,-0.4463754535716863,-0.015818668825836157,0.1511330481720332,0.09717619873923322,0.9775182022284208,0.958876031456034,0.27267485533749514,0.13063316363157873,0.2994670816560965,0.11179212021746476,0.2852482597481317,0.7329143677165769,-0.2331795479437857,0.01445818671837259,0.044263409045650626,-0.015818668825836157,0.015818668825836157,0.35768044356582585,0.25396825396825395,0.6825396825396826,10750187338.61394,23.098189018309068,0.1111111111111111,0.015873015873015872,0.0,0.024185054981701145,0.0216853192845059,0.03466803927413409,0.10069666804034148,0.021051901989134647,0.5,0.03158268300349457,-0.12244046250772744,0.27267485533749514,-0.08463298310034273,0.021051901989134647,0.007075702457836064,0.20906254793555587,0.011577802184528821,-0.015818668825836157,0.015818668825836157,0.04357221589462901,11395481012.602161,0.013667169244486965,0.023734717773630613,0.0037831292059575805,0.10568488508947738,0.21727836879432627,0.19530614110303945,0.4291454702201829,2.0,8.0,2.0,0.0,1.0,1.0,63.0,126.0,0.6177725118483411,-0.11934679486514477,-0.10334767575232862,,-0.10334767575232862,0.11084905660377359,0.15867746458095058,0.2136626171873685,0,0,0,0,0,0
recent_month_top_future_return,2026-05-31,ALAB,342.8500061035156,2.350065304583843,2.779210774804026,1.2204104311224466,1.4397059584024183,0.8817234459170133,0.8365653500906471,1.1758582862667613,0.10039996109785054,-0.11496621578318988,-0.24585900674264727,2.1310731851532396,0.05578468539413328,0.9805521451637218,0.7093558921438312,1.1900755687144229,-0.018100086150515837,0.018100086150515837,0.11939114377205784,1.0608920704835714,0.10776515601398601,-0.09461412259807755,1.0560371532130992,1.0385453968025367,0.15954620382042073,2.3455391477848573,0.3487139864745562,1.2762582473646118,1.1710028680383149,1.0608920704835714,1.2762582473646118,-0.21106091034858365,0.37974370171228333,1.8852141784105925,-0.07767401510315752,1.6679358096162662,1.8852141784105925,0.9880534624679171,2.0227295712181736,0.9748558060271504,0.943283915941615,0.04704549884538021,-0.018100086150515837,0.018100086150515837,2.4192681518078363,937400487.6017555,1.1034845607151773,0.5714285714285714,0.2222222222222222,0.12698412698412698,0.07654257274264566,0.16055900621118013,1.0432250751731669,0.06694027823659976,0.5619009386050302,0.8005163685129262,1.77991360727778,1.2761570722718847,0.7768248923757639,0.4473476268333239,2.128193529897447,0.5344569293067731,0.9320149392364084,1.0334701880864992,0.10482455329921092,0.04638991930675834,0.5422336359282101,-0.018100086150515837,0.018100086150515837,2.4192681518078363,0.015873015873015872,0.6666666666666666,1034406965.2754163,20.757094120004247,0.5396825396825397,0.2698412698412698,0.12698412698412698,0.07626713385524858,0.4837581017371353,0.6642861731362337,0.7896022529124379,0.760552513261332,0.5,0.20163550716356837,-0.21106091034858365,0.7768248923757639,0.6548676281718546,0.760552513261332,0.367499916155567,0.9632096545520782,0.04913343928977503,-0.018100086150515837,0.018100086150515837,0.760552513261332,1596346481.1044602,0.1738262767966552,0.07325923824784612,0.043397557917643104,0.10568488508947738,0.21727836879432627,0.19530614110303945,0.4291454702201829,2.0,8.0,2.0,1.0,0.0,1.0,63.0,126.0,0.9361374407582939,0.40883762699375636,0.18541638090280577,,0.40883762699375636,0.9905660377358491,0.15867746458095058,0.2136626171873685,1,1,1,1,0,0
recent_month_top_future_return,2026-05-31,AMAT,450.05999755859375,1.4631134400693977,1.8922589102895806,0.8977617051378808,0.9405689413635184,1.8120546269317832,0.9393646657952768,0.7886283165126011,-0.3888345899903043,-0.032989941994915783,0.4777574345842215,-0.26739078397363225,0.01879085264582403,0.5933221754095617,-0.5782616659020119,1.6016955064920284,-0.010617988819949464,0.010617988819949464,0.10350012291332389,0.7556383745176853,0.21560229132700093,0.2542122037362342,1.0617204534817435,0.2292025649581575,-0.05470391753489501,0.14415485316860033,0.04673106735539423,0.39979372652229683,0.6480201391841944,0.39979372652229683,0.7886283165126011,0.15650387906519736,0.07805135875659763,0.21036665061058923,-0.08195001156809056,-0.006911718183737037,0.21036665061058923,0.492370936495804,0.4105213572050093,1.0074034840579658,1.0407555287487307,0.0240344204273489,-0.010617988819949464,0.010617988819949464,0.81730170690046,2462953376.4605446,1.0606390616311334,0.3253968253968254,0.07142857142857142,0.05555555555555555,0.03665707669939619,0.21231205673758868,0.3848043343409291,0.0434535682680709,0.11417987178088285,0.13416067862629433,1.1542646118756212,1.119333299864451,0.15418819941481532,0.11922752117637123,0.3184103979762323,0.10641002746766026,0.5124377743531981,0.9679540067100455,0.07136768564790819,0.02440672122024638,0.09679808263432954,-0.010617988819949464,0.010617988819949464,0.39458867028846756,0.047619047619047616,0.6666666666666666,2612304558.0503435,21.683498641506056,0.3492063492063492,0.06349206349206349,0.07936507936507936,0.03756397311263166,0.07820906163855446,0.12480891570955444,0.2868529854479294,0.14228372690405178,0.8333333333333334,0.10733814169967203,-0.08195001156809056,0.2542122037362342,0.0365988418145744,0.14228372690405178,0.051911689814296835,0.49601619687475634,0.025056532961435958,-0.010617988819949464,0.010617988819949464,0.1581667411811465,3278722497.5824265,0.03598790567245014,0.0421173605986394,0.00682760898673207,0.10568488508947738,0.21727836879432627,0.19530614110303945,0.4291454702201829,2.0,7.0,2.0,0.0,1.0,1.0,63.0,126.0,0.9104265402843602,0.6064524817180001,0.33991019263789024,,0.6064524817180001,1.0,0.15867746458095058,0.2136626171873685,1,1,1,1,1,0
recent_month_top_future_return,2026-05-31,AXON,448.7200012207031,-0.83113916660517,-0.40199369638498705,0.9659846754656265,0.9984038505227204,-0.3995369743814706,-0.3871870680118191,-0.16925243630993936,0.09716511607433842,-0.040650180196409647,0.004184118384741309,-0.17689801767808833,0.051449582096656066,-0.3645585774129788,-0.0034614629834076593,-0.2771643281423861,-0.4848042799243054,0.4848042799243054,-0.07147225931399603,-0.209902616506349,0.07081260812634793,-0.14852183753512238,1.313885816475258,-0.040695607215313845,-0.11063398341981268,-0.26423985604236844,-0.07063427716735171,-0.07208732023560094,-0.15041412435062976,-0.209902616506349,-0.07208732023560094,0.12163455782925969,-0.10482757439056134,-0.17271389929334702,-0.21701699239378647,-0.3899922680876733,-0.17271389929334702,0.610657357836432,-0.27726510646699737,1.1003506686587896,1.020080574631112,0.02631903308769877,-0.3005253318110461,0.3005253318110461,0.2971035383417542,483444290.3284224,0.9511558026768944,0.2857142857142857,0.07936507936507936,0.07142857142857142,0.04863640477180861,0.7167856320515773,0.9174532860034339,0.08109273045173426,-0.04217221786714498,0.10122634224876292,0.9511690108979176,1.3534421468225757,-0.05399230625624374,0.14168759878530748,0.05658244517449451,0.0137099076760121,0.6229197084845042,1.0786899545231565,0.40785498489425986,0.027451922838595103,0.0038882408127882684,-0.22512911566219018,0.22512911566219018,0.2971035383417542,0.9682539682539683,0.5396825396825397,459830842.0168922,19.94636924724524,0.30158730158730157,0.09523809523809523,0.07936507936507936,0.05397463979548074,0.12328460664568364,0.025740291687107675,0.17395327007928452,0.11688567879733269,0.5,-0.021593552910317355,-0.21701699239378647,0.12163455782925969,0.011200793707855317,0.11688567879733269,0.12623313686193427,0.6719372320167277,0.027910279847043983,0.0,-0.0,0.19080726208526655,514980353.1324114,0.1155168547080434,0.054306849358243675,0.09408678283911032,0.10568488508947738,0.21727836879432627,0.19530614110303945,0.4291454702201829,2.0,7.0,2.0,1.0,1.0,0.0,63.0,126.0,0.784004739336493,0.2493536811964534,0.3305401506577581,,0.3305401506577581,0.9811320754716981,0.15867746458095058,0.2136626171873685,1,1,1,0,0,0
recent_month_top_future_return,2026-05-31,GLW,181.16000366210935,2.263944137385418,2.693089607605601,0.9676200519931323,1.0357762101286063,1.7211158670307958,1.047557302060655,1.1588634079305598,-0.39831813649337633,-0.08284358795541458,0.7893193330754276,-0.5827915948320972,0.03990500820767995,0.9635572668275203,-0.9523356696872294,1.734769665473904,-0.12887625238921563,0.12887625238921563,0.1642320431717006,1.0760198199751452,0.2101763500413059,0.17919138670057078,1.5246934438662492,0.26827421328163936,0.16422083900133289,0.40466473569603045,-0.0679817021885818,0.7605452714371834,0.9984761664476295,0.7605452714371834,1.1588634079305598,0.4591834200185789,0.13091295936708813,0.20652773824333037,-0.09582394626625834,-0.010750630550995899,0.20652773824333037,0.6680214849237531,0.2716956537363061,1.2533071418100692,1.1379030652628592,0.031183778862408047,-0.12887625238921563,0.12887625238921563,1.192717537951229,1532527900.9669046,1.383272287441458,0.38095238095238093,0.11904761904761904,0.0873015873015873,0.051165907335640456,0.31607887603973306,0.45388606666015474,-0.06264176252880738,0.165856666618579,0.08646113246876586,1.436699108664325,1.4145444275484609,0.2079135521429325,0.1867607740920285,0.33439470472707744,0.14121644269350675,0.7601436953561856,1.1014181963914045,0.25184931641779285,0.03718935169365512,0.13096803069755536,-0.12887625238921563,0.12887625238921563,0.47163315244034454,0.15873015873015872,0.9206349206349206,2119903375.1383464,21.47463634729842,0.47619047619047616,0.14285714285714285,0.14285714285714285,0.05969286135477577,0.015036279101823258,0.15539521487418528,0.12506679359653294,0.10471043425231685,0.8333333333333334,0.14917997584263679,-0.09582394626625834,0.4591834200185789,-0.0009744508371605232,0.10471043425231685,-0.023462332408973885,0.8372360979375072,0.0403414086784362,-0.12887625238921563,0.12887625238921563,0.14645309344327417,2808973162.9513693,-0.026772215118282428,0.0725808750874849,-0.04053798070877601,0.10568488508947738,0.21727836879432627,0.19530614110303945,0.4291454702201829,1.0,3.0,1.0,0.0,1.0,0.0,63.0,126.0,0.939218009478673,0.4099690191671479,0.08627726489328036,,0.4099690191671479,0.9929245283018868,0.15867746458095058,0.2136626171873685,1,1,1,1,0,0
recent_month_top_future_return,2026-05-31,GPC,97.63624572753906,-0.6232056100605048,-0.1940601398403219,1.0473188328215757,1.062907961757645,-0.2741331544309977,-0.2113930951577072,-0.23008012236533437,-0.053292038129025165,0.040133039786306335,-0.07814392762810496,-0.08667159975276284,-0.04954372600012469,-0.4253862634683738,0.06526459498446657,-0.6720889384728401,-0.33268051248956576,0.33268051248956576,-0.0456395876145842,-0.18994708257902804,0.046866739083491614,0.13036763681938446,1.6198324883049948,-0.14321648358018668,0.6531807655632749,0.3807109058310567,0.04117789772532365,-0.28337216049435954,-0.23446645514624065,-0.28337216049435954,-0.18994708257902804,-0.14195263082621612,-0.04961579996310306,-0.1648155273808678,-0.1051595215918536,-0.38209389617519407,-0.1648155273808678,0.3423358266959964,-0.5595524626475541,0.9177363519360731,0.8604090326184533,0.015081712997266157,-0.33268051248956576,0.33268051248956576,0.06737322346033237,177801248.01575798,1.0966801742201617,0.10317460317460317,0.0,0.007936507936507936,0.024852832604326632,0.0916614194476928,0.004821192144429665,0.11519477644143827,-0.03509111766074546,-0.04922088252186485,0.8915437290531539,1.27638763508243,0.013995356882074539,0.09820877766916672,-0.06666663749402324,-0.0831915836122199,0.2945488374781407,1.0666279840684116,0.007373794668179112,0.015345665360083367,-0.12357933120363018,-0.1598136084772218,0.1598136084772218,0.06737322346033237,0.9841269841269841,0.1111111111111111,194991103.65048364,19.08846449831052,0.09523809523809523,0.0,0.0,0.027151832555624984,-0.03956873444504905,-0.07962081081591477,-0.25319941781475375,-0.07954868217949707,0.3333333333333333,-0.03864026114937208,-0.14195263082621612,0.13036763681938446,-0.18523356726897444,-0.07954868217949707,-0.007471620892316899,0.31417403272900346,0.015358448077352553,-0.07954868217949707,0.07954868217949707,0.06737322346033237,153131225.9980338,0.025582400118581594,0.030192504370769292,0.004518796019036264,0.10568488508947738,0.21727836879432627,0.19530614110303945,0.4291454702201829,1.0,3.0,1.0,0.0,1.0,0.0,63.0,126.0,0.3413507109004739,0.20836275993410536,0.357795010821748,,0.357795010821748,0.9834905660377359,0.15867746458095058,0.2136626171873685,1,1,1,0,0,0
recent_month_top_future_return,2026-05-31,HUM,304.7011413574219,-0.09837585959081663,0.3307696106293663,1.212464541692592,1.2634066737136684,0.017907498534988298,0.10723840224134773,0.25329645579889437,0.31930171240471705,-0.054798975933956884,-0.2220667457180484,0.8331258550958996,0.04572306313078989,0.057990314695854916,0.35776265357895687,0.48500286246405505,-0.01651896396329844,0.01651896396329844,0.024407460867655884,0.1984974798649375,0.20203458298167035,-0.23788701774084575,0.9980309962392507,0.39151050287062894,-0.3286164862330577,0.08163852574034247,0.31244749520348836,0.5725981682036114,0.3414640346224811,0.1984974798649375,0.5725981682036114,-0.023873078864929065,0.2370664476710529,0.6110591093778512,-0.0853856179072564,0.39378074058352497,0.6110591093778512,0.5222576512477117,1.3966833433303214,0.9845828150555852,0.8377230353398775,0.021159513374867645,-0.01651896396329844,0.01651896396329844,0.8755494175471921,399732870.750839,0.949285353816824,0.2222222222222222,0.047619047619047616,0.023809523809523808,0.03604274778202855,-0.27235772357723576,-0.06007225061842347,0.010957175675255781,0.3683754940102526,0.3192479599009279,1.2437604727384008,0.8296129842086322,0.3636311111122872,0.2293483578163375,0.7614626895452501,0.39627992111353927,0.4375072648327082,1.1753082743583916,-0.0926441504579405,0.020374905741787634,0.40495218559301294,-0.01651896396329844,0.01651896396329844,0.8755494175471921,0.1111111111111111,0.8571428571428571,379460559.64292496,19.75426122487486,0.1746031746031746,0.06349206349206349,0.0,0.03747400685832731,0.15570618658649127,0.35804698480309094,0.5673685900509099,0.29174428127300467,0.5,0.05899212350050842,-0.23788701774084575,0.3636311111122872,0.1860593961835273,0.29174428127300467,0.06887010340052369,0.5142059084497901,0.021541879553393362,-0.01651896396329844,0.01651896396329844,0.30728075910018005,464013725.2620879,-0.0017257353652011531,0.03635975873457459,-0.0019149699214390248,0.10568488508947738,0.21727836879432627,0.19530614110303945,0.4291454702201829,1.0,3.0,1.0,0.0,1.0,0.0,63.0,126.0,0.7219194312796209,0.30363804825645335,0.30209554920768267,,0.30363804825645335,0.9787735849056604,0.15867746458095058,0.2136626171873685,1,1,1,0,0,0
recent_month_top_future_return,2026-05-31,KLAC,192.17100524902344,1.126207353936418,1.5553528241566008,0.8415578111960761,0.8461516744456365,1.2131830056073274,0.5966176214894534,0.639057643163057,-0.2897972813345726,-0.05343115979982849,0.2986558917279516,-0.036537378576498414,0.033697191842114727,0.44375150206001757,-0.37693913001160384,1.2172284104100042,-0.044586092114867526,0.044586092114867526,0.08432205941052406,0.5856264833632285,0.15422186210988464,0.17518199468516715,1.1175935226820732,0.2039839431205348,0.03505285030264704,0.30635936445715073,0.04930476730700384,0.3492603618284844,0.5246481627849233,0.3492603618284844,0.639057643163057,0.06904410938354899,0.09661005048467941,0.2621185131514532,-0.03420024241986941,0.04484014435712691,0.2621185131514532,0.5250104562937374,0.5053467098660763,0.9832395402168519,0.9879621355631849,0.02449189110137997,-0.044586092114867526,0.044586092114867526,0.6649639968488401,1546891976.950267,1.0680088291231198,0.29365079365079366,0.0873015873015873,0.03968253968253968,0.03698218680629713,-0.3940019041574103,-0.33382527074521895,0.05084021134020744,0.10672447477092106,0.11053213220027702,1.1448582274714987,0.7949441450609431,0.18876538477741556,0.08499496095336703,0.3068117932787302,0.055817229505446875,0.518690451592963,0.995219862000439,-0.1706640285686709,0.02572791574579279,0.027256133608838162,-0.044586092114867526,0.044586092114867526,0.4310830482803587,0.047619047619047616,0.9206349206349206,1652094289.0826027,21.225309586737595,0.3333333333333333,0.1111111111111111,0.047619047619047616,0.03952800921525642,0.05066299595666246,0.047768111001552205,0.19236645414853365,0.09930168729081701,0.8333333333333334,0.088631687593199,-0.03420024241986941,0.18876538477741556,-0.006383197798660367,0.09930168729081701,0.04798360714163552,0.516211039655294,0.026503850569622848,-0.044586092114867526,0.044586092114867526,0.12306095691486996,1926383914.3277123,0.02891793341016191,0.04332204738114748,-0.010070756713188023,0.10568488508947738,0.21727836879432627,0.19530614110303945,0.4291454702201829,3.0,11.0,3.0,1.0,1.0,1.0,63.0,126.0,0.8990521327014218,0.5700078743102237,0.22573123217273072,,0.5700078743102237,0.9976415094339622,0.15867746458095058,0.2136626171873685,1,1,1,1,1,0
recent_month_top_future_return,2026-05-31,LRCX,317.9560241699219,2.5380697762513864,2.9672152464715693,0.9102311699437621,0.9600390679149302,2.1923687346945844,1.0264551360543326,1.0454207114007144,-0.6808991803832656,-0.1844483683763043,0.5017630071903365,-0.13975002537670633,0.09911397612526751,0.8501145702976749,-0.6834077295870842,1.8433697988689746,-0.013945685910694894,0.013945685910694894,0.1168832369575854,0.8609723430244101,0.3521619663321729,0.3638277599304609,0.9275624424726242,0.30245114635139414,-0.16296222158920304,0.14005632046394623,0.04854427968739228,0.3645215310174488,0.7569715284808577,0.3645215310174488,1.0454207114007144,0.0018417953700253786,0.11583729916894492,0.3620129818136302,-0.08539916903581557,0.1447346130193039,0.3620129818136302,0.5671247907186865,0.6070479060982253,0.9764949643700928,1.0515321298391147,0.028533504162623038,-0.013945685910694894,0.013945685910694894,1.0614102939900594,2409382060.013326,1.0274973818147364,0.3492063492063492,0.1111111111111111,0.05555555555555555,0.04262472896625001,0.047307125449133514,0.29229894073816554,0.0394664766036954,0.16057836760455713,0.20656639639008767,1.1582056521464041,0.9419154180365861,0.20687064880527628,0.16425055090589055,0.48918843685914637,0.15838976419458328,0.5963499390689826,0.9286401591166761,-0.01096781823198889,0.030535357702899855,0.15841287926005387,-0.013945685910694894,0.013945685910694894,0.5962474610457482,0.047619047619047616,0.9206349206349206,2475633758.4550886,21.629762264614463,0.3968253968253968,0.1111111111111111,0.06349206349206349,0.04372701793972922,0.1282218821940837,0.23125861909361456,0.42240483174022486,0.2339254735653289,0.8333333333333334,0.13669674746009056,-0.08539916903581557,0.3638277599304609,0.1282405884758515,0.2339254735653289,0.08552364525827882,0.55379450230624,0.02819427129148843,-0.013945685910694894,0.013945685910694894,0.23940485439514925,2692126660.3354316,0.05583818064763246,0.04582313772786855,0.004901657247458502,0.10568488508947738,0.21727836879432627,0.19530614110303945,0.4291454702201829,3.0,11.0,3.0,1.0,1.0,1.0,63.0,126.0,0.9376777251184835,0.36286138217870545,0.10521574352781893,,0.36286138217870545,0.9858490566037735,0.15867746458095058,0.2136626171873685,1,1,1,0,0,0
recent_month_top_future_return,2026-05-31,MRVL,205.0,1.9859435624672264,2.4150890326874093,1.2659443894560543,1.3544403054373544,2.2668379370688565,1.1895689859735952,1.2958634869257226,0.30300389198720623,0.11941299009375461,-0.08558409570153613,1.5963272664331296,-0.04944071257677052,1.1005573458226832,0.21487968380587086,2.127085911063253,-0.015653484071944335,0.015653484071944335,0.20305161292874208,1.4152764770194772,0.15263051246969847,-0.07064265894562305,1.2235373695425624,0.7924956769714782,0.679916855108671,3.2178397713609916,0.16849040719313435,1.5988673789129288,1.4366691142860428,1.2958634869257226,1.5988673789129288,0.03509885407978919,0.37872674156136443,1.5107431707315935,0.21251065813922065,1.2934648019372672,1.5107431707315935,0.6092200978746399,2.114234142351083,1.08563085186076,1.1729063452564894,0.028658003968266583,-0.015653484071944335,0.015653484071944335,1.781806676892598,2545247078.4881473,1.47796881674628,0.4126984126984127,0.12698412698412698,0.031746031746031744,0.048318325938229836,0.6738672701333202,1.0777644750771938,-0.013177018330488455,0.4167483423740703,0.3977589662975838,2.1231304225256378,1.4010861516013975,0.6681743002142542,0.27542010643246495,1.0706978152131916,0.32538869949139615,0.7145581184549447,0.9255903987997917,-0.03373508346444165,0.036050007748439986,0.25225053676639786,-0.015653484071944335,0.015653484071944335,1.7101297222692349,0.047619047619047616,0.9365079365079365,3761795812.9200525,22.04816229041394,0.5396825396825397,0.19047619047619047,0.031746031746031744,0.0558674439336596,0.19015135508926218,0.26976486303349345,0.36483242628441526,0.2412958375795855,0.6666666666666666,0.17283271308174264,-0.07064265894562305,0.6681743002142542,0.13561095249010813,0.2412958375795855,0.13629435454362482,0.661388133826341,0.03647689234424417,-0.015653484071944335,0.015653484071944335,0.28116997086230144,5041573162.68158,0.07178334462844327,0.06994771924168394,0.011726157750383992,0.10568488508947738,0.21727836879432627,0.19530614110303945,0.4291454702201829,3.0,11.0,3.0,1.0,1.0,1.0,63.0,126.0,0.958175355450237,0.45312202267530477,0.19653655261528202,,0.45312202267530477,0.9952830188679245,0.15867746458095058,0.2136626171873685,1,1,1,1,0,0
recent_month_top_future_return,2026-05-31,TECH,51.68000030517578,-0.35491276275864525,0.07423270746153765,0.860023862474591,0.8904916279732894,-0.049693217536719514,-0.1702850682446494,-0.1963212166160665,0.005266812709988855,0.0778943776900971,-0.0841826053601753,-0.038263869135969575,-0.08835838150426167,-0.39162735771910595,0.07387474211992162,-0.4009417914592579,-0.2736716131504685,0.2736716131504685,-0.0371860517289363,-0.11842683892596939,0.04353166775806138,0.08978053076844472,1.321872826445071,-0.08874834757721439,0.6084926389804439,0.41153838608428805,0.026991707962584544,-0.19105440390607764,-0.16860081981603783,-0.1963212166160665,-0.11842683892596939,-0.07818090568383373,-0.04781207399203813,-0.12244647449614487,-0.11423733804571223,-0.33972484329047115,-0.12244647449614487,0.4896501706682674,-0.2092877493638499,1.6311845473125615,1.1948587476591006,0.021706002480749297,-0.2736716131504685,0.2736716131504685,0.19574268499604242,134272829.2658851,0.9944469379118788,0.23015873015873015,0.047619047619047616,0.03968253968253968,0.041550781225767004,-0.1688381730960289,-0.22209053432367254,0.04799008701964691,-0.0634147489938165,-0.009467809379964942,0.8278089334491643,1.2384638159286046,0.05855341839683015,0.08500284672985078,-0.009267873667558546,-0.12989448022390593,0.5850627897157509,1.3651693562174487,-0.0269291268803864,0.02532592622672295,-0.15562905135898575,-0.14533412090067066,0.14533412090067066,0.19574268499604242,0.4444444444444444,0.14285714285714285,133527203.90822396,18.709815797127906,0.30158730158730157,0.047619047619047616,0.06349206349206349,0.047752163006815104,0.013362875077016056,-0.0738432517378792,-0.08021660390493814,-0.06406978701849875,0.3333333333333333,-0.03275207718117192,-0.11423733804571223,0.08978053076844472,-0.16975467210797612,-0.06406978701849875,0.06485271678844873,0.7987097919830362,0.0332534964530064,-0.08652681872337886,0.08652681872337886,0.19574268499604242,169970014.48475066,0.09034136333084564,0.0413658309364845,0.04704404784343552,0.10568488508947738,0.21727836879432627,0.19530614110303945,0.4291454702201829,1.0,3.0,1.0,0.0,1.0,0.0,63.0,126.0,0.5691943127962086,0.3670665849203423,0.370549562941102,,0.370549562941102,0.9882075471698113,0.15867746458095058,0.2136626171873685,1,1,1,0,0,0
recent_month_non_top10_control,2026-06-30,AAPL,289.3599853515625,0.07457983117391742,0.4159377723460391,1.0798982029304653,1.079469207685481,0.13960886050808408,0.03961838566064779,0.06634886031920684,0.02997402448566855,0.05087616269869111,-0.0655945125997155,0.20680020402391408,-0.045537972790174464,-0.13522506377012755,0.07485683110499175,0.2582740275661166,-0.0819797774579284,0.0819797774579284,0.029984294089195007,0.11722502301789794,0.025572529065018983,0.019065677185734042,1.2389465838319456,0.047485252102181796,0.31255431155628943,0.497894450651408,0.004646558833857339,0.09632288480487539,0.09329892271399338,0.06634886031920684,0.11722502301789794,-0.039329287398935375,0.06201747324278073,0.1412056914241986,0.06919119500662885,-0.1360549789705534,0.1412056914241986,0.2568932731814155,0.5188871533332907,1.360168238597529,1.0593184853541937,0.011825710060261677,-0.0819797774579284,0.0819797774579284,0.17510168239696866,13687205570.058805,1.1081754331091265,0.07142857142857142,0.0,0.007936507936507936,0.021771189436181986,-0.07035306482660919,-0.1379778707670205,-0.08053978452020205,0.037869880720933,-0.009620692902233885,1.2700196904818188,0.8849480451453521,0.15108708781185776,0.08458933829458797,0.06735418020078554,-0.0051698057131805975,0.2721317930442182,1.2840031184226366,-0.13955092891205734,0.01307059474077008,-0.04881824139422697,-0.0819797774579284,0.0819797774579284,0.1425111476722254,0.30158730158730157,0.9206349206349206,15167824960.653564,23.44244224241712,0.06349206349206349,0.0,0.015873015873015872,0.022477073921428028,-0.0334724461888658,-0.08338435747148853,-0.20818173722520752,-0.07274246101591075,0.5,0.013622373133200008,-0.07274246101591075,0.15108708781185776,-0.0712516297852227,-0.07274246101591075,-0.022184724671580724,0.34941807089071975,0.016941103565010034,-0.0819797774579284,0.0819797774579284,0.051644527604184365,19579869077.97779,-0.004821851292355794,0.028839528624589352,0.01664662090470137,-0.00149083123068805,0.277260670394752,0.2015739240893344,0.3413579411721217,2.0,8.0,2.0,0.0,1.0,1.0,63.0,126.0,0.49549763033175354,0.06659531554730203,,,0.06659531554730203,0.8964705882352941,0.06929457733400848,0.08052408925155417,0,0,0,0,0,0
recent_month_non_top10_control,2026-06-30,ABNB,143.10000610351562,-0.260052137459142,0.08130580371297969,1.1434660857254222,1.174026898152046,0.17855384830762766,0.22318154300806325,0.05437669331295836,0.004760346558773332,0.05175310111032383,-0.06955498346964528,0.20275111497749843,-0.04678754823461484,-0.14719723077637603,0.07881943819489479,0.16404027817492867,-0.02765503917963974,0.02765503917963974,0.007573595656703347,0.10612979442328219,0.02860467139657815,0.04436890863267462,0.9380443893727904,0.07375605307061339,-0.11311124526645078,0.00501890594187504,0.07079579128974312,0.05913703987173169,0.07321450920265742,0.05437669331295836,0.10612979442328219,-0.06535416913008418,0.024534015965970823,0.13319613150785314,0.11149827341749274,-0.14406453888689885,0.13319613150785314,0.3314837911636089,0.4476930932720175,1.0567164989074047,0.8975298886499131,0.015778673579335357,-0.02765503917963974,0.02765503917963974,0.23404628521316617,553522893.6408088,0.9364821296053503,0.12698412698412698,0.023809523809523808,0.023809523809523808,0.03196564601771749,-0.2316287473551577,-0.1752011630266903,0.04773680205613384,-0.008989035815746282,0.03928969455000675,1.0145784547579089,0.8098897427330438,-0.050228006704909345,0.07487317726582667,0.019521270171339644,0.015543591866057582,0.29751661017232495,1.1773607901759617,-0.05823847080306144,0.014877532018113874,0.06845203367301811,-0.02765503917963974,0.02765503917963974,0.1452581800605539,0.015873015873015872,0.9523809523809523,518364298.22206044,20.066188833389486,0.09523809523809523,0.031746031746031744,0.0,0.03195833510612718,0.04846434529397525,0.08597767912749843,0.20965226799429834,0.07343791706708913,0.5,0.011155895841274688,-0.06535416913008418,0.11149827341749274,0.07492874829777718,0.07343791706708913,0.03827698136647939,0.35028439124296207,0.017649125059128697,-0.02765503917963974,0.02765503917963974,0.10844306226271172,557963874.1387503,0.004704105854835827,0.03276031177709452,-0.009153688616950872,-0.00149083123068805,0.277260670394752,0.2015739240893344,0.3413579411721217,2.0,7.0,2.0,1.0,1.0,0.0,63.0,126.0,0.5751184834123223,0.04074064516844489,,,0.04074064516844489,0.7482352941176471,0.06929457733400848,0.08052408925155417,0,0,0,0,0,0
recent_month_non_top10_control,2026-06-30,ADI,397.1700134277344,0.3450635358152192,0.6864214769873409,1.0166191255552959,1.0282368428193158,0.6272721475620553,0.5068242889877372,0.46907672845394766,-0.3492768052728732,-0.18750957005826563,0.17675573711220394,0.07165689613240511,0.14631271473357477,0.26750280436461327,-0.2206640952093386,1.1631085898303082,-0.10844481540626616,0.10844481540626616,0.06637933386485462,0.281567158395682,0.17479643586852603,0.14446083792814246,1.2828682660361592,0.07386754762870651,0.5120978090949393,0.8877220075756174,0.0070314390089020185,0.11979992318107446,0.29014793667690136,0.11979992318107446,0.46907672845394766,-0.10302099373127283,0.09345199151051098,0.24841263324460905,0.26441186661207894,-0.028848037150142947,0.24841263324460905,0.4032957305580416,0.5165852985756829,1.5330715457667252,1.1923616835914683,0.019118072103732352,-0.10844481540626616,0.10844481540626616,0.46907672845394766,1531578059.8423307,1.166386528721977,0.20634920634920634,0.03968253968253968,0.023809523809523808,0.029801556900412418,0.17661903810889812,0.12919606686715746,-0.06556683969723831,0.01961281778866364,-0.027816506312170475,1.4402955821883172,1.2734012974976832,0.028812201204498233,0.13630301975148315,-0.012653498270574493,0.004028604722148721,0.4808743762734376,1.2857437192622774,0.23561936357223212,0.02352716068208579,0.0061497082707000494,-0.10844481540626616,0.10844481540626616,0.24841263324460905,0.09523809523809523,0.9841269841269841,1786412016.6862366,21.303474985788593,0.2698412698412698,0.06349206349206349,0.047619047619047616,0.03221189875087905,-0.03590854029412116,-0.028934325596971733,-0.06518787770843784,-0.04030443984482901,0.6666666666666666,0.07344536448369876,-0.10302099373127283,0.26441186661207894,-0.03881360861414096,-0.04030443984482901,-0.0399912786477431,0.6182812090477375,0.030353657954079367,-0.10844481540626616,0.10844481540626616,0.02651781982505974,2340707211.7469425,-0.0370702373530033,0.04909735121252812,-0.010513438272015452,-0.00149083123068805,0.277260670394752,0.2015739240893344,0.3413579411721217,2.0,7.0,2.0,1.0,1.0,0.0,63.0,126.0,0.7889810426540285,-0.050381471634604824,,,-0.050381471634604824,0.0988235294117647,0.06929457733400848,0.08052408925155417,0,0,0,0,0,0
recent_month_non_top10_control,2026-06-30,AEP,136.80999755859375,0.01892057822072779,0.3602785193928495,0.9450495316675656,0.9578011032989516,0.24434079386649366,0.12218761739675044,0.2045196590984124,-0.17475152972359664,-0.04495080860669387,0.14574995790015732,-0.09445630452227394,0.03876510531274824,0.002945735009078021,-0.15322600572052902,1.050436300992959,-0.013555446317096709,0.013555446317096709,0.023392778623037014,0.15956885049171854,0.09074405355871414,0.12604849326197942,1.3951660974177127,0.050148682604015615,1.1372147361008866,1.24684028796855,0.009329397018337793,0.029768129374815766,0.1312855463216489,0.029768129374815766,0.2045196590984124,-0.020475272473970074,-0.001753104656787019,0.051293653377883386,0.04600246631274052,-0.2259670170168686,0.051293653377883386,0.1946997251571405,0.24553875890592722,1.084018525360917,1.072946921162581,0.009627280423727042,-0.013555446317096709,0.013555446317096709,0.22157566854542599,512885587.84120345,1.1227353584186686,0.023809523809523808,0.0,0.0,0.017910814168004597,0.17883939763077517,0.27320610596945194,0.05614972172541943,-0.009136236347766835,0.045365768077956226,0.9663980321850761,1.5332198006161384,-0.06943382326400582,0.06989264531801123,0.005058484311031286,0.0044013946196954645,0.20890247065855466,1.010318874102681,0.24942462062384219,0.01032372769191955,0.03766167452391578,-0.013555446317096709,0.013555446317096709,0.10517809634682118,0.031746031746031744,0.31746031746031744,575834784.2926631,20.171331346427134,0.031746031746031744,0.0,0.0,0.01744979808902657,0.05212291442217776,0.06023296601567285,0.37928190355728325,0.08005052132490165,0.6666666666666666,0.033492915079065655,-0.06943382326400582,0.12604849326197942,0.0815413525555897,0.08005052132490165,0.04610394613579394,0.2110581089530193,0.011119499936593072,-0.013555446317096709,0.013555446317096709,0.10517809634682118,763200580.8797563,0.024655815560993055,0.017761858077501223,-0.002013364057053768,-0.00149083123068805,0.277260670394752,0.2015739240893344,0.3413579411721217,2.0,7.0,2.0,1.0,1.0,0.0,63.0,126.0,0.2869668246445497,0.012425970167232236,,,0.012425970167232236,0.4188235294117647,0.06929457733400848,0.08052408925155417,0,0,0,0,0,0
recent_month_non_top10_control,2026-06-30,AKAM,118.20999908447266,0.14071322129562014,0.48207116246774184,1.0548981980796217,1.1195398116275919,0.5603220136122655,0.3204870812920029,0.3548423963836407,-0.15339916213447502,-0.13806424684358354,0.3163323607349122,-0.28707680431356275,0.11346706619918523,0.1532684722943063,-0.3255868399622912,0.5055016231505216,-0.26641430102880825,0.26641430102880825,0.07668452650873347,0.21677814954005714,0.08448688145408902,0.012763745180582653,1.6960241139245926,0.010326326373288675,0.031100478468899517,0.061265896692827004,-0.23032531238684106,0.20144323424916566,0.2576879267242878,0.20144323424916566,0.3548423963836407,0.16729341586116941,0.08821047577263297,0.02925555642134947,-0.10335215737823578,-0.24800511397340252,0.02925555642134947,0.7019609436110166,0.03475643555076689,0.6888541796865503,1.1991131963756192,0.028467519375751833,-0.26641430102880825,0.26641430102880825,0.3890716945244166,560188382.6965756,1.2191600961648261,0.3412698412698413,0.047619047619047616,0.07142857142857142,0.04508744792784035,-0.3063141139016625,-0.45164764182050965,-0.19442717090932782,0.08949230499245342,-0.08693047274086552,0.9248244335933332,0.8927999635786966,0.4521265139972863,0.23186251092944174,0.14789274840816602,-0.05592993507872357,0.8417306308242519,0.5744696845707704,-0.20789659699081087,0.03316165839867547,-0.1787732357267342,-0.26641430102880825,0.26641430102880825,0.3305943714233992,0.5079365079365079,0.8412698412698413,682959322.5187756,20.34194586015215,0.4126984126984127,0.06349206349206349,0.1111111111111111,0.05121759367402312,-0.137279238873519,-0.21141506116690634,-0.43327408194714284,-0.20950913206016208,0.6666666666666666,0.07213157529997095,-0.20950913206016208,0.4521265139972863,-0.20801830082947403,-0.20950913206016208,-0.10519843056960976,0.4835487299831636,0.02498661317846117,-0.26284610479826875,0.26284610479826875,0.04712551796959308,540629843.1545802,-0.017667212845238534,0.048859768920817004,0.023161994719688384,-0.00149083123068805,0.277260670394752,0.2015739240893344,0.3413579411721217,2.0,7.0,2.0,1.0,1.0,0.0,63.0,126.0,0.8264218009478672,-0.04263599487828229,,,-0.04263599487828229,0.12470588235294118,0.06929457733400848,0.08052408925155417,0,0,0,0,0,0
recent_month_non_top10_control,2026-06-30,ALAB,483.0199890136719,4.000601788921798,4.34195973009392,1.1209452643873434,1.0662047908268821,1.4669049105478833,2.0654310246987655,1.9034622940703243,1.1613360024103954,0.3034159735718025,-0.3411877971146067,3.748304546552548,-0.09461412259807755,1.70188836998099,1.503654455367617,1.8814424438217237,0.0,-0.0,0.2659946402575428,2.206878267642127,0.6023273389383736,-0.21106091034858365,1.0819322510529743,1.2685557805885193,0.18848075227740235,4.237773429746344,0.415996165911099,3.0647982964807197,2.3917129527310568,1.9034622940703243,3.0647982964807197,-0.07767401510315752,0.5475460183155778,3.4071167494379413,0.7768248923757639,3.129856079043189,3.4071167494379413,1.0117037065475531,3.3458198857636434,1.1674262602851675,1.0065401804933296,0.04841077189561957,0.0,-0.0,3.8171936290482797,1205021828.4671178,1.393963769989374,0.5714285714285714,0.23015873015873015,0.14285714285714285,0.07878835135527998,0.014617340112389687,0.429431085750656,0.018100086150515837,0.5383738714526034,0.6391339436485128,1.9978330464969198,1.1468052930056711,0.760552513261332,0.44754560791565823,1.480332624980989,0.5268254880612511,1.0183204313941447,1.159840692810677,0.058263266231727284,0.05353798407434647,0.4101595651217702,0.0,-0.0,3.5426500582698326,0.0,0.9682539682539683,1679756770.9295123,21.24191484126676,0.5873015873015873,0.3333333333333333,0.12698412698412698,0.08435009127176721,0.35882068843920156,0.2956206630239371,0.34615296788958955,0.40883762699375636,0.5,0.2604776640968389,-0.21106091034858365,0.7768248923757639,0.4103284582244444,0.40883762699375636,0.2618241913403805,1.1810894746514524,0.060007269673075715,0.0,-0.0,0.5234340274175024,2488067195.0891404,0.1727258866356114,0.08104604856004108,0.13457417086641077,-0.00149083123068805,0.277260670394752,0.2015739240893344,0.3413579411721217,2.0,8.0,2.0,1.0,0.0,1.0,63.0,126.0,0.9545023696682464,-0.15858551887749994,,,-0.15858551887749994,0.01647058823529412,0.06929457733400848,0.08052408925155417,0,0,0,0,0,0
recent_month_non_top10_control,2026-06-30,AMAT,723.0,2.6369220441011363,2.9782799852732578,0.9502015777631448,1.0097269885319107,2.5470466909571754,1.8733463979327567,1.820349623743291,-0.8759531140812065,-0.5716475178782598,0.3316326822153408,0.7863309735363939,0.2542122037362342,1.6187756996539566,-0.7023859679915563,2.934511795442495,0.0,-0.0,0.14494348294011172,1.2487021058650312,0.44472400404546214,0.15650387906519736,1.2503717513804773,0.7246750957002925,0.9748068525361102,3.1825691408009567,0.1345993119264458,0.9443965096620845,1.3378160797568022,0.9443965096620845,1.820349623743291,-0.08195001156809056,0.2110976910794482,1.1179636557517347,0.15418819941481532,0.8407029853569827,1.1179636557517347,0.6203245209545326,1.636618080394861,1.5423407553544202,1.1011878010257308,0.030016713105339914,0.0,-0.0,1.820349623743291,3357076237.0203896,1.2488055318991669,0.3968253968253968,0.1111111111111111,0.07936507936507936,0.04215539793392762,0.9260073945804277,2.0940393588309476,0.010617988819949464,0.26267094261942914,0.5043998929782947,2.096184227463107,1.666982283275189,0.14228372690405178,0.2257400330742549,0.8350245279111004,0.33754477848905684,0.6830937951522617,1.4006155479726217,0.5404454426352236,0.03265445185246925,0.45151789725638114,0.0,-0.0,1.1179636557517347,0.0,0.9841269841269841,4192335375.798301,22.15652378477223,0.42857142857142855,0.14285714285714285,0.07936507936507936,0.04367930458385707,0.37176802317699886,0.4771324001293269,0.6338660537885454,0.6064524817180001,0.8333333333333334,0.20528174654503473,-0.08195001156809056,0.6064524817180001,0.6079433129486882,0.6064524817180001,0.26339407235342716,0.9567517902138827,0.05100220579002253,0.0,-0.0,0.595991224066021,7129321858.531552,0.14656894361625783,0.06537541191796026,0.0949734167210241,-0.00149083123068805,0.277260670394752,0.2015739240893344,0.3413579411721217,2.0,7.0,2.0,0.0,1.0,1.0,63.0,126.0,0.943127962085308,-0.16591980909081083,,,-0.16591980909081083,0.01411764705882353,0.06929457733400848,0.08052408925155417,0,0,0,0,0,0
recent_month_non_top10_control,2026-06-30,AMD,580.9099731445312,2.7524404952696964,3.0937984364418183,1.0618141674494437,0.9227353729067882,2.5905185564670004,1.6704821238652006,1.712504497623474,0.1889986923481768,-0.25861194649479824,-0.050102777376009766,1.9056796050779248,0.10538845573162892,1.5109305735341396,0.1430723300784411,2.3397468872736713,0.0,-0.0,0.22025369708261344,1.4538925511286758,0.2247057070127375,-0.15426853239039462,0.9974554471076608,0.7536100163917892,-0.18502931328230787,1.3272114082473587,0.2166127602684813,1.9015031899716508,1.6893000795746003,1.4538925511286758,1.9015031899716508,0.016083042075494047,0.37254469022605385,1.8555768277019151,0.7425650248110034,1.5783161573071631,1.8555768277019151,0.7319186989576145,2.341127688923354,1.1228384387794899,1.0829065894221452,0.03396291562763932,0.0,-0.0,2.042209910597639,11445196307.876852,1.3029049442856833,0.46825396825396826,0.15079365079365079,0.06349206349206349,0.048172072677490754,0.11964016725534998,0.26024059341103767,0.003841130240645252,0.26281414886759236,0.28977719404012814,1.7476788128861114,0.9360267928628357,0.4558943547170746,0.3262799897873173,0.6387203846304832,0.17495482872516033,0.7925995820224843,1.0368746942233058,-0.036696863332929985,0.04030218946123813,0.14288320189561454,0.0,-0.0,1.8555768277019151,0.0,0.9841269841269841,14912002857.852997,23.425432286604554,0.6031746031746031,0.19047619047619047,0.07936507936507936,0.05300166026136497,0.15523204470767737,0.07722906841828059,0.1528016529511823,0.12557643988456646,0.8333333333333334,0.21520646413822883,-0.15426853239039462,0.7425650248110034,0.1270672711152545,0.12557643988456646,0.12339207614586467,0.8218264492510833,0.04371270599888856,0.0,-0.0,0.28406273426575646,16519789760.22179,0.09133909723417477,0.06158319096969573,0.07803907129894627,-0.00149083123068805,0.277260670394752,0.2015739240893344,0.3413579411721217,3.0,12.0,3.0,1.0,1.0,1.0,63.0,126.0,0.9648104265402844,-0.10860541002386204,,,-0.10860541002386204,0.047058823529411764,0.06929457733400848,0.08052408925155417,0,0,0,0,0,0
recent_month_non_top10_control,2026-06-30,AMZN,238.33999633789065,-0.2549820945019825,0.0863758466701392,1.2479545112692987,1.2339123136908643,0.085485213770367,0.021953499229863782,0.032579450546109,0.10237291296765605,-0.036591179345207725,-0.09769518384982645,0.24207503427750432,0.036738564502459825,-0.1689944735432254,0.11180039988156887,0.10361172462734002,-0.1332775562675842,0.1332775562675842,0.0022030096723071324,-0.004011728799098724,0.07203025598975124,-0.12244046250772744,1.1464498210486462,0.014348283226546243,0.1326866210251052,0.2962237459501418,0.02481929811997463,0.13495236351376505,0.05450669508692511,-0.004011728799098724,0.13495236351376505,-0.00823807489304329,0.036581726464524955,0.14437985042767787,0.27267485533749514,-0.13288081996707413,0.14437985042767787,0.31443787528185074,0.448895692437632,1.2183254703452446,1.0228837908164916,0.0156610523567343,-0.1332775562675842,0.1332775562675842,0.19895369177275768,11711835326.59424,1.0744338906523772,0.14285714285714285,0.007936507936507936,0.007936507936507936,0.026111281124390835,0.20965815275362742,0.06528932933999032,-0.11745888744174804,-0.05697211780214362,-0.06786728788581442,1.2238041705686227,1.033657821812878,0.021051901989134647,0.14447784579456976,-0.10080736990422845,-0.10189832057221926,0.3216334058445827,1.191069289867959,-0.10483264910377343,0.016032590894571565,-0.11336338680726588,-0.1332775562675842,0.1332775562675842,0.14437985042767787,0.5873015873015873,0.9841269841269841,12583592796.632603,23.255659643440165,0.19047619047619047,0.015873015873015872,0.0,0.027207259052501903,-0.04589199529272048,-0.13029451442869522,-0.31153911622763003,-0.11934679486514477,0.5,0.013406664927195685,-0.12244046250772744,0.27267485533749514,-0.11785596363445672,-0.11934679486514477,-0.012489937945554974,0.38308767229712015,0.020378227843139828,-0.08772874749677828,0.08772874749677828,0.04990970488179758,15012882249.077787,0.00682650395025286,0.03622375649299722,0.016418597630019738,-0.00149083123068805,0.277260670394752,0.2015739240893344,0.3413579411721217,2.0,8.0,2.0,0.0,1.0,1.0,63.0,126.0,0.6548578199052132,0.018167331952611443,,,0.018167331952611443,0.4964705882352941,0.06929457733400848,0.08052408925155417,0,0,0,0,0,0
recent_month_non_top10_control,2026-06-30,ANET,169.8800048828125,0.3190858955655427,0.6604438367376644,0.8764762857419907,0.8946483446694338,0.165877407557933,0.29996950110249077,0.29649703476646927,-0.023987634895214605,-0.09796452242643272,-0.06296268088879453,0.4465757006948968,0.08173705879297777,0.09492311067713488,0.08711598503963303,0.5104919341593802,-0.04416806973180054,0.04416806973180054,0.04454550771715482,0.19853251234003655,0.051063741491903444,-0.05813464917328137,1.2877035351792385,0.14690794783162997,0.3118389323398445,0.8150774266739456,0.1381162874427777,0.27250939987125467,0.2558463156592535,0.19853251234003655,0.29649703476646927,-0.0802996346120084,0.07532597042099987,0.3836130198061023,0.406662391521293,0.1063523494113503,0.3836130198061023,0.5808065023685569,0.642278649452213,1.0683251438381896,1.0283439168927921,0.029048915155775352,-0.04416806973180054,0.04416806973180054,0.46284344183787174,1262587214.989199,1.1628340469781278,0.42857142857142855,0.0873015873015873,0.03968253968253968,0.0425572774378694,-0.3317387998102158,-0.2881155384571701,0.058572013235559606,0.017377576064027345,0.061362637446613855,1.1472111503477311,1.120542590601296,-0.07666032643435128,0.18596481528939487,-0.016385859076151976,0.08911539134852386,0.5972688336024845,1.0388792370807263,-0.03030550717712377,0.029300604373864045,0.10880481907662598,-0.04416806973180054,0.04416806973180054,0.3836130198061023,0.746031746031746,0.9841269841269841,1468179400.8687336,21.10728896802935,0.3968253968253968,0.09523809523809523,0.047619047619047616,0.04312848030382387,0.06146034421281499,0.04824030952901803,0.10520514153087723,0.06527875827693852,0.5,0.05643059972859471,-0.0802996346120084,0.406662391521293,0.06676958950762657,0.06527875827693852,0.03674820512030652,0.6204901901850444,0.03229242519892322,-0.031084223414847845,0.031084223414847845,0.1193991238261436,1360114790.6439645,0.02452148157178713,0.04921919132577722,0.037409778267587734,-0.00149083123068805,0.277260670394752,0.2015739240893344,0.3413579411721217,2.0,7.0,2.0,0.0,1.0,1.0,63.0,126.0,0.9005924170616113,-0.058217560074069974,,,-0.058217560074069974,0.08941176470588236,0.06929457733400848,0.08052408925155417,0,0,0,0,0,0
recent_month_top_future_return,2026-06-30,ALGN,168.66000366210938,-0.4505323877418197,-0.10917444656969799,1.0454524720383565,1.086071146830306,0.3469094555017793,0.1458658935021755,0.08011533944675131,-0.19289809459159568,-0.045581787800013096,0.09785462296864611,-0.11401275825428803,0.04406023151927507,-0.12145858464258308,-0.09627347473239323,0.1855633201792552,-0.18596456549679918,0.18596456549679918,0.0065623858795587076,0.034533551646738214,0.10082118537525178,0.16604310572844305,0.6612405858981201,-0.04258088955924,0.7343947434925449,0.7063701585884861,-0.0076652924693696445,-0.11278275514484437,0.0006220453162150511,-0.11278275514484437,0.08011533944675131,-0.09821153513045089,-0.008718260402708178,-0.016158135285641917,0.02671645585213711,-0.2934188056803939,-0.016158135285641917,0.43174124805138997,-0.03781756406262929,1.119430867292311,0.989632948472644,0.02093721029454451,-0.146068511199964,0.146068511199964,0.08700695850329332,198392293.3948335,0.908961072711979,0.2619047619047619,0.03968253968253968,0.015873015873015872,0.03604145876051184,0.188501168932375,0.14577087740023376,-0.03208361738444976,-0.015652975180523665,-0.022565694789780988,1.0422413836080324,1.0341034655951784,-0.006022371408872407,0.08904321332434255,-0.04175894025404958,0.0421976721926991,0.42726536428635625,1.1311576367985638,-0.07676785794358998,0.022071812215369753,0.06642417580945637,-0.13970925255439748,0.13970925255439748,0.08700695850329332,0.746031746031746,0.4444444444444444,180330871.82195753,19.01030390380903,0.2698412698412698,0.047619047619047616,0.0,0.03771278922786779,-0.00935276411139463,0.03446505051242732,-0.0743901478737367,-0.03595309171679306,0.5,0.016105465807289814,-0.09821153513045089,0.16604310572844305,-0.03446226048610501,-0.03595309171679306,-0.024861217559529747,0.4833044797520323,0.02707482604740789,-0.07370385563482817,0.07370385563482817,0.04297815014342099,184728570.92583066,-0.03319554377337508,0.04528553032000238,-0.02748142908055673,-0.00149083123068805,0.277260670394752,0.2015739240893344,0.3413579411721217,2.0,7.0,2.0,1.0,1.0,0.0,63.0,126.0,0.5535545023696682,0.09403533894215488,,,0.09403533894215488,0.9835294117647059,0.06929457733400848,0.08052408925155417,1,1,0,0,0,0
recent_month_top_future_return,2026-06-30,BRO,64.1500015258789,-0.7575809512890949,-0.41622301011697316,1.0141335829475204,1.02894290198022,-0.31100432165432335,-0.19823554529204446,-0.19089183903689189,0.08671550379306903,0.08528739834757837,-0.17992640700013984,0.16655512894613,-0.09535758251450799,-0.3924657631262263,0.17752056098288205,-0.5941921973488704,-0.41622301011697316,0.41622301011697316,-0.053249617970099306,-0.10560444068931352,0.0496580950100245,-0.001594181423951735,1.1642291344667697,0.004178593461218849,-0.23915820205583604,-0.24933162929126018,0.12259765515017518,-0.10417633524382286,-0.13355753832334274,-0.19089183903689189,-0.10417633524382286,-0.09203569201868811,-0.04316296110315454,-0.013371278054009839,-0.07759543227106724,-0.29063194844876183,-0.013371278054009839,0.3212627831341461,-0.0403506888515466,1.0505760958052375,1.031481752326662,0.015310080250395213,-0.20249909136366773,0.20249909136366773,0.17966164519794647,218421182.95807612,0.8767094183444719,0.11904761904761904,0.007936507936507936,0.015873015873015872,0.02848958662421894,-0.3254967512334529,-0.23076649888739065,0.1655622241649829,-0.012497633641734174,0.07702067313342154,0.9259518288071231,0.6253327501093545,-0.0620964817614289,0.09084322335805096,0.06962688224233826,0.05104873610086713,0.33137669850454937,1.0185115669138163,-0.37725375660673244,0.01655895869113415,0.06574636574486448,-0.06688815156767314,0.06688815156767314,0.17966164519794647,0.7619047619047619,0.5079365079365079,191491908.2652864,19.070356116425014,0.12698412698412698,0.015873015873015872,0.0,0.028843731833544124,0.08707933683352143,0.10624846226675433,0.4161182047138302,0.14044447157118056,0.16666666666666666,-0.031372483069743905,-0.09535758251450799,0.14044447157118056,0.1419353028018686,0.14044447157118056,0.07281425196047797,0.33751100043259585,0.016783622468581255,-0.0010899983415393333,0.0010899983415393333,0.16340228937184098,196587661.370014,0.04916264669488246,0.02817056383084656,0.018383301615850556,-0.00149083123068805,0.277260670394752,0.2015739240893344,0.3413579411721217,1.0,3.0,1.0,0.0,1.0,0.0,63.0,126.0,0.35639810426540286,0.09119249158179876,,,0.09119249158179876,0.9811764705882353,0.06929457733400848,0.08052408925155417,1,1,0,0,0,0
recent_month_top_future_return,2026-06-30,COIN,146.19000244140625,-0.9242561507796256,-0.5828982096075039,1.0452565029327725,1.1183939606971243,-0.5668315900572861,-0.4641521936927656,-0.3535420410543342,0.1848755489721573,0.10423526441740905,-0.22786768779683508,0.06510497048624098,-0.13885201194495833,-0.5551159651436686,0.19077932374374007,-0.47022989218514727,-0.6517461459180504,0.6517461459180504,-0.0679898983385685,-0.24930677663692513,0.09268837975441734,-0.09700112384104642,0.9271044207976469,-0.18938564631225063,-0.3087697688924683,-0.4212762795947601,-0.007512784384371862,-0.16866649208217688,-0.2571717699244787,-0.3535420410543342,-0.16866649208217688,-0.007051495309213229,-0.04676043414157638,-0.1627627173105941,0.07536798359835273,-0.4400233877053461,-0.1627627173105941,0.7518493548154342,-0.25014562649279787,0.8494282225489295,0.8654284862221812,0.03581839484275469,-0.42863283790873374,0.42863283790873374,0.036147184321288384,2038691039.1981578,0.8432821715445247,0.48412698412698413,0.11904761904761904,0.12698412698412698,0.05612031466341073,-0.145885773380944,-0.33945425762572157,-0.19778391103745818,-0.14266159795861832,-0.1900750111122711,0.8207993302892397,0.8679365624907055,0.006710307707122665,0.11027706683810752,-0.22144112949329542,-0.18488711575015315,0.6506718490050448,0.9815117436876882,-0.01968944794893812,0.034183225313556886,-0.16721384933693917,-0.32506925982476476,0.32506925982476476,0.025750758201839696,0.5396825396825397,0.047619047619047616,1719191806.6433861,21.265120138066813,0.5555555555555556,0.14285714285714285,0.1111111111111111,0.057711790045872007,-0.12905414652041114,-0.18738324861742695,-0.354863372521816,-0.22663067563106065,0.3333333333333333,-0.06457616923680054,-0.22663067563106065,0.07536798359835273,-0.2251398444003726,-0.22663067563106065,-0.07916159283833646,0.6386420610854338,0.03479940012099577,-0.19944142186745495,0.19944142186745495,0.025750758201839696,1400862106.5921602,-0.0628845905683918,0.06801815392229588,-0.011601945271223824,-0.00149083123068805,0.277260670394752,0.2015739240893344,0.3413579411721217,2.0,7.0,2.0,0.0,1.0,1.0,63.0,126.0,0.9292654028436018,0.13195152174557445,,,0.13195152174557445,0.9952941176470588,0.06929457733400848,0.08052408925155417,1,1,0,0,0,0
recent_month_top_future_return,2026-06-30,GPC,117.9800033569336,-0.3339570941511898,0.007400847020931911,1.0686360077917882,1.1076616762172162,-0.12469946677781973,-0.06965749173324676,-0.02116222101252052,0.03036803540068511,-0.11289138499682871,-0.13208618703396602,0.2598914648902668,0.13036763681938446,-0.2227361451018549,0.14896749886882132,-0.05911988478616578,-0.19363598231407908,0.19363598231407908,-0.05122071076373158,-0.13405360600934924,0.0754872438597311,-0.14195263082621612,1.3325569401234465,0.09119719023428008,-0.4737168793886023,-0.4064551189277815,0.28501485715811326,0.00920581438816459,-0.04867000421123505,-0.13405360600934924,0.00920581438816459,-0.1051595215918536,0.0008216830707290512,0.1278052778563008,0.013995356882074539,-0.1494553925384512,0.1278052778563008,0.3579543682986429,0.4221733940700388,0.8374158560150715,0.845727129270001,0.016243236708870994,-0.19363598231407908,0.19363598231407908,0.28977405418028956,186505932.28185138,0.9775551332222145,0.11904761904761904,0.0,0.007936507936507936,0.02636694886868558,-0.4410843770599868,-0.32462717529391594,0.1598136084772218,0.003913383511439106,0.1479428332913122,1.053225045685814,0.6726719777858583,-0.07954868217949707,0.1400217609424681,0.11223909478656724,0.07010293026526093,0.3027317203108679,0.9901726301932594,-0.3225129844186976,0.016036702719728388,0.1644547294036247,0.0,-0.0,0.28977405418028956,0.0,0.4444444444444444,182319831.47851855,19.02127302406911,0.1111111111111111,0.0,0.0,0.02688056942774354,0.15602540401809684,0.18295793342088773,0.6951063483701193,0.20836275993410536,0.5,0.004344153172999595,-0.14195263082621612,0.20836275993410536,0.2098535911647934,0.20836275993410536,0.12076539328248415,0.29975666374314225,0.01779085968455953,0.0,-0.0,0.22625334151582277,190113096.57258534,0.0642539793554946,0.029175638613958596,0.026091520645288968,-0.00149083123068805,0.277260670394752,0.2015739240893344,0.3413579411721217,1.0,3.0,1.0,0.0,1.0,0.0,63.0,126.0,0.32642180094786727,0.12366505807890982,,,0.12366505807890982,0.9929411764705882,0.06929457733400848,0.08052408925155417,1,1,0,0,0,0
recent_month_top_future_return,2026-06-30,HONA,221.0800018310547,,,,,,,,,,,,,,,,,,,,,,,,,,,,,,,,,,,,,,,,,,,,,,,,,,,,,,,,,,,,,,,,,,,,,,,,,,,,,,,,,,,,,,,,,,,,,,,-0.09468390330848264,0.12510897443084937,-0.02028732353124263,-0.00149083123068805,0.277260670394752,0.2015739240893344,0.3413579411721217,1.0,3.0,1.0,0.0,1.0,0.0,11.0,11.0,0.0,0.11792107766197657,,,0.11792107766197657,0.9905882352941177,0.06929457733400848,0.08052408925155417,1,1,0,0,0,0
recent_month_top_future_return,2026-06-30,MSTR,86.93000030517578,-1.1263071088673526,-0.7849491676952309,0.9635101080203664,1.1062294830890889,-0.7302069997500515,-0.5093689812695299,-0.42790390226341224,0.09917803589411323,0.00855981306916409,-0.1786771598668233,-0.1247683675413479,-0.014741627373233812,-0.6294778263527466,0.12445837485524103,-0.49364730630806253,-0.8093222165628853,0.8093222165628853,-0.061572506557993845,-0.41934408919424815,0.05495636983332805,-0.1349943611484401,1.3538481333823889,-0.38222297035396424,0.6757208681887996,0.16723086555237088,-0.25226750864421765,-0.328725866369299,-0.3919912859423198,-0.42790390226341224,-0.328725866369299,-0.036293412727739005,-0.05105135646583581,-0.3034455274081712,0.3257210969748596,-0.5807061978029232,-0.3034455274081712,0.86682110242566,-0.37372109401772796,1.1029379022035504,0.9367067582369418,0.04232584862513231,-0.5563437826782142,0.5563437826782142,0.056129302437327944,3018906386.7930636,0.9402294141605207,0.6190476190476191,0.11904761904761904,0.18253968253968253,0.061700872814377035,0.8556820073235685,0.013982281578106992,-0.3682759780218616,-0.25298830348972867,-0.41195013301347716,0.9524433744567704,1.7066605010125493,-0.0384406208985375,0.24995008948333675,-0.47458445507031266,-0.35076925184665764,0.8119571848245121,1.1774633763500189,0.5893941193941192,0.04282516511904587,-0.38021908339933674,-0.5563437826782142,0.5563437826782142,0.056129302437327944,0.5396825396825397,0.031746031746031744,2838464583.4598966,21.766529103646732,0.6825396825396826,0.12698412698412698,0.2222222222222222,0.06175167971633564,-0.322676149237473,-0.43755335350662916,-0.4744310362622011,-0.45357972024497695,0.16666666666666666,-0.05872144090301129,-0.45357972024497695,0.3257210969748596,-0.4520888890142889,-0.45357972024497695,-0.22860881644694164,0.9560498482951263,0.05862053824842704,-0.4196154292051473,0.4196154292051473,0.056129302437327944,3039640285.138557,-0.13638258792328173,0.10897932628551023,-0.015247622840676822,-0.00149083123068805,0.277260670394752,0.2015739240893344,0.3413579411721217,2.0,8.0,2.0,1.0,0.0,1.0,63.0,126.0,0.962559241706161,0.15920851592435348,,,0.15920851592435348,1.0,0.06929457733400848,0.08052408925155417,1,1,0,0,0,0
recent_month_top_future_return,2026-06-30,PLTR,116.66999816894533,-0.48550412734814297,-0.14414618617602126,0.9073578600865819,0.960027790735962,-0.3604319737965719,-0.30739091550833775,-0.34362870228441444,0.19405508972306906,0.13952201754189242,-0.1770464203696378,-0.02537360189893134,-0.17530241160117788,-0.5452026263737488,0.1412086800158453,-0.6236764668230316,-0.43686648183483734,0.43686648183483734,-0.05329360567417263,-0.20410668474252203,0.10008132292283273,-0.06412438864393821,1.2011771971727787,-0.16296619817077673,-0.16437950244300747,-0.3335258221665667,-0.07891476347039095,-0.14957361256134538,-0.23243633319609394,-0.34362870228441444,-0.14957361256134538,0.0662584457768558,-0.045646722930984374,-0.20242002226856914,-0.04901557443791893,-0.47968069266332114,-0.20242002226856914,0.5509726926764406,-0.3535920394152631,0.9983573487637064,1.039012839770579,0.026400124299503395,-0.36654358340471993,0.36654358340471993,0.087629363475761,6767909013.042088,0.9056644394253971,0.3492063492063492,0.07142857142857142,0.09523809523809523,0.04463884406265824,-0.5870813023473751,-0.6922497395857325,-0.24702815956866364,-0.053135738503816476,-0.1378272067945442,0.8701164286410126,0.7250637157697364,0.12529647472724004,0.14255015318951794,-0.16131120942383503,-0.07161995547081801,0.5724677020537909,0.9608710408084568,-0.2984263765749595,0.02675080984176389,-0.13734947671164932,-0.2737628222748504,0.2737628222748504,0.087629363475761,0.31746031746031744,0.047619047619047616,6129454522.378855,22.536371598168245,0.31746031746031744,0.07936507936507936,0.12698412698412698,0.04466700404734504,-0.11841491380027525,-0.19805347162907583,-0.4630253595881289,-0.2546952652815745,0.3333333333333333,-0.058597119910085614,-0.2546952652815745,0.12529647472724004,-0.25320443405088644,-0.2546952652815745,-0.08807036388024014,0.5500676367016516,0.03028159830318284,-0.2737628222748504,0.2737628222748504,0.087629363475761,5479662223.584856,-0.02337145999719792,0.0503587690395056,0.030526258274612195,-0.00149083123068805,0.277260670394752,0.2015739240893344,0.3413579411721217,3.0,11.0,3.0,1.0,1.0,1.0,63.0,126.0,0.9208530805687203,0.10825409343474468,,,0.10825409343474468,0.9882352941176471,0.06929457733400848,0.08052408925155417,1,1,0,0,0,0
recent_month_top_future_return,2026-06-30,PTC,113.61000061035156,-0.6821377773999974,-0.34077983622787567,0.8422422465501033,0.8690388333559476,-0.44039996936517434,-0.35239123665519123,-0.34785605744823056,0.07338133535425573,0.07551888366555215,-0.18207909992680227,-0.020601816414365315,-0.10378279739550411,-0.549429981537565,0.14517514110706298,-0.9769053683267684,-0.475315193040983,0.475315193040983,-0.055792909182944106,-0.2723371737826784,0.042997076027035584,0.0029462079081044035,1.500567226765976,-0.20126829696289117,0.9622338288469265,0.5645264783405934,-0.04588135752150746,-0.27447472209397483,-0.2982226511082946,-0.34785605744823056,-0.2723371737826784,-0.09004400775577981,-0.052208438990954176,-0.20268091634116758,-0.043441660486869815,-0.4799415867359196,-0.20268091634116758,0.35607958429385456,-0.512152607241091,1.4615937860962185,1.1113897750975246,0.015521817467730587,-0.3529813601013464,0.3529813601013464,0.011394985831318927,197137722.19135344,1.1078824174735553,0.12698412698412698,0.007936507936507936,0.015873015873015872,0.0317945427327421,-0.3639175593396933,-0.4790937165919188,-0.07818300095729047,-0.07900187376227263,-0.15196925489978108,1.0929693547519013,1.1903122619954303,0.01782826574742269,0.07421084006658059,-0.16647103399396168,-0.13786864015505906,0.395743209105167,1.3151045824296552,-0.07207093096896777,0.015882626377051335,-0.20304620339284107,-0.23355593412295828,0.23355593412295828,0.011394985831318927,0.3968253968253968,0.07936507936507936,218405416.2365868,19.20186360572423,0.1111111111111111,0.015873015873015872,0.015873015873015872,0.03381985319049107,-0.1260343400206031,-0.20226119424165578,-0.3479168122710426,-0.18107111577024992,0.3333333333333333,-0.0662608512921461,-0.18107111577024992,0.01782826574742269,-0.17958028453956187,-0.18107111577024992,-0.07588691823597893,0.5204437077596225,0.021057444783525343,-0.21691481130080126,0.21691481130080126,0.011394985831318927,273223009.2761085,-0.008552232283322914,0.048122012175449515,-0.0011429602965480345,-0.00149083123068805,0.277260670394752,0.2015739240893344,0.3413579411721217,1.0,3.0,1.0,0.0,1.0,0.0,63.0,126.0,0.40900473933649295,0.09629436125898083,,,0.09629436125898083,0.9858823529411764,0.06929457733400848,0.08052408925155417,1,1,0,0,0,0
recent_month_top_future_return,2026-06-30,SPGI,385.2980041503906,-0.5625152513632815,-0.2211573101911598,1.010960328956373,1.0271549108017741,-0.15768872328057637,-0.17976692428765184,-0.21705948947504583,0.14085784760847264,-0.007713819204184569,-0.18420046390613332,0.14392215518553142,0.00995040455978402,-0.4186334135643802,0.17678118075444393,-0.6376092362356257,-0.272044819471172,0.272044819471172,-0.052588558723548395,-0.2247733086792304,0.08364007853007012,-0.16082694400199238,1.2639657711716932,-0.03610407822083339,0.1966909984818075,0.14849030900179194,0.12870608714180032,-0.07620164186657319,-0.17267814667361647,-0.2247733086792304,-0.07620164186657319,-0.03743099012181561,-0.008678917836868805,-0.040278308720601896,0.013847782786567064,-0.3175389791153539,-0.040278308720601896,0.3404271411696308,-0.1536045470111532,0.8784213633381138,0.7702699878530657,0.0145487772258898,-0.2511084094625242,0.2511084094625242,0.047079687792990654,1011285757.6253941,0.8682474161003233,0.11904761904761904,0.0,0.015873015873015872,0.026567349939982096,-0.2688944840213279,-0.2977593668067988,-0.03046068738875285,-0.020151177388464947,-0.02998490562197975,1.0212901006134874,1.0325728720049696,-0.014477235635997787,0.06423348179487462,-0.05338680266026041,-0.005446999381744644,0.26222080989358537,1.1404071003551535,-0.020641318102431305,0.013033759367070805,-0.012406170750458578,-0.09097228697191406,0.09097228697191406,0.03067263447946611,0.746031746031746,0.047619047619047616,878046245.9973062,20.59320982332987,0.09523809523809523,0.0,0.0,0.026084771402901406,-0.019365828641193295,-0.029863538409511392,-0.13202697433652763,-0.039481144861603035,0.3333333333333333,-0.038069687879176285,-0.16082694400199238,0.013847782786567064,-0.037990313630914985,-0.039481144861603035,-0.01748225780440127,0.29903847346352364,0.015944769227979598,-0.05998848945288415,0.05998848945288415,0.03067263447946611,997170967.7399656,-0.004548803265021606,0.03128399491208882,0.007336212944758058,-0.00149083123068805,0.277260670394752,0.2015739240893344,0.3413579411721217,1.0,3.0,1.0,0.0,1.0,0.0,63.0,126.0,0.5355450236966826,0.1416877583324785,,,0.1416877583324785,0.9976470588235294,0.06929457733400848,0.08052408925155417,1,1,0,0,0,0
recent_month_top_future_return,2026-06-30,TYL,292.4599914550781,-0.84803768915348,-0.5066797479813583,0.912640336054757,0.9332148397510351,-0.4409740682239056,-0.3772411854352612,-0.3557440608202981,0.1802950474340007,0.147460347467106,-0.24577597604146662,0.09997302985358791,-0.18625402805802005,-0.5573179849096325,0.20994111463241938,-0.7733391988006348,-0.5219367288046105,0.5219367288046105,-0.07388869945931154,-0.20828371335319207,0.09602862049606548,-0.03982130941561479,1.6161769458847997,-0.1029550012296293,0.6535469107551488,0.4124548995071826,0.07415127165459101,-0.17544901338629737,-0.24649226251992917,-0.3557440608202981,-0.17544901338629737,-0.03470635618106355,-0.049920880077768515,-0.1458029461878787,-0.0036216783009843656,-0.4230636165826307,-0.1458029461878787,0.4600103827298791,-0.37581899009033415,0.9818944823371271,0.8433734877588657,0.021290593257339136,-0.3652109943562485,0.3652109943562485,0.062447789906194595,230456459.54720634,1.0121192065585558,0.2222222222222222,0.023809523809523808,0.031746031746031744,0.03858429394232197,-0.4064399540003286,-0.4456568118646591,-0.01448693235201759,-0.07152544914822445,-0.06431186447715787,0.8876084941170267,0.8948422117190564,-0.08204848317427171,0.06360623015188586,-0.1426980744065649,-0.0648197306089231,0.3879605608881888,1.164246323353559,-0.24606128056202836,0.020711610966027978,-0.08315834833412938,-0.17850626827145755,0.17850626827145755,0.062447789906194595,0.6666666666666666,0.09523809523809523,233249408.9832124,19.267618868141742,0.23809523809523808,0.015873015873015872,0.0,0.036386766622734476,-0.029766759164414736,-0.06331126188418246,-0.14627687736126427,-0.0660705822917742,0.0,-0.06875373957028812,-0.18625402805802005,-0.0036216783009843656,-0.06457975106108615,-0.0660705822917742,-0.008818507800135711,0.45168165662025833,0.024749945036973624,-0.11330078112530784,0.11330078112530784,0.062447789906194595,287701702.93404716,0.021148502969689398,0.041817693443031566,0.012161426040968593,-0.00149083123068805,0.277260670394752,0.2015739240893344,0.3413579411721217,1.0,3.0,1.0,0.0,1.0,0.0,63.0,126.0,0.5725118483412323,0.08767016138129047,,,0.08767016138129047,0.9788235294117648,0.06929457733400848,0.08052408925155417,1,1,0,0,0,0
latest_month_unlabeled_or_partially_labeled,2026-07-31,AAPL,308.6300048828125,0.2254797151860275,0.4927706107522063,1.100083958377135,1.1093979841111532,0.14473931149392882,0.13736269915567045,0.19162697596311662,0.025577668585853308,-0.022294122702932073,0.04672379959924,0.09171116903274856,0.019065677185734042,0.0430226419713291,-0.053192007331128055,0.718775881035564,-0.020843931058934784,0.020843931058934784,0.028023883897601465,0.16933285326018455,0.023954656605686526,-0.039329287398935375,1.1573488394471134,0.11522400287961299,-0.1795941564450909,-0.0660212992270669,0.0025849899532968124,0.21720464454896993,0.1927214912574237,0.16933285326018455,0.21720464454896993,0.06919119500662885,0.05708361398279593,0.13843496863198856,0.15108708781185776,0.07008033300074978,0.13843496863198856,0.26660184491309497,0.48803753995944776,1.4201967307206689,1.0639701083426347,0.012317412950427972,-0.020843931058934784,0.020843931058934784,0.2533579497363603,13889654530.66536,1.109412638669247,0.07936507936507936,0.0,0.007936507936507936,0.022264599327817013,0.15748953152217648,0.2345729121165947,0.06113584639899361,0.02922263583261331,0.05170579380076501,1.3366216142511083,1.0655778582987308,-0.07274246101591075,0.08122477594706315,-0.010991452613650532,-0.019662975795781135,0.28365639381653196,1.3348088631295616,0.07401470354874906,0.013538437522005538,-0.05351770000999567,-0.020843931058934784,0.020843931058934784,0.2185970380677673,0.3333333333333333,0.9523809523809523,15409358283.06972,23.45824084258654,0.07936507936507936,0.0,0.015873015873015872,0.022983977458266715,0.030182611150457506,-0.06361238950184966,0.1758863036454158,0.06659531554730203,0.6666666666666666,0.03231125452277942,-0.07274246101591075,0.15108708781185776,0.09891477241731261,0.06659531554730203,0.046904302106637985,0.37862706854967626,0.017812848465617856,-0.008353969770703906,0.008353969770703906,0.1216791267635784,20009532017.95407,0.05860524605195372,0.028971371695199238,0.058481806728394536,-0.03231945687001059,0.06835463563123878,0.14860433399178752,0.2672908955661788,2.0,8.0,2.0,0.0,1.0,1.0,63.0,126.0,0.5015402843601896,,,,,,,,0,0,0,0,0,0
latest_month_unlabeled_or_partially_labeled,2026-07-31,ABNB,148.92999267578125,-0.14252699135371127,0.12476390421246752,1.1296046816668348,1.164013979885459,0.17694003159681104,0.09733268004909967,0.15119423588812597,0.028169037119742946,-0.048907269690222854,0.0849501886678512,-0.023892964186778887,0.04436890863267462,0.0025899018963384535,-0.09013701140705366,0.45230518871310016,0.0,-0.0,0.011781955555368206,0.10228696619790312,0.0390003691270344,-0.06535416913008418,1.0049606981280776,0.11309247880799722,0.2236027018513982,0.2983124866939857,0.026494605766971713,0.17936327300786892,0.144281491697966,0.10228696619790312,0.17936327300786892,0.11149827341749274,0.02405474242189043,0.061057224481072314,-0.050228006704909345,-0.007297411150166466,0.061057224481072314,0.3342748207649445,0.20467366311715104,0.9862164807724496,0.8924243907526209,0.016070995059121275,0.0,-0.0,0.2843221270404732,555893255.4111481,0.9376422487586503,0.12698412698412698,0.023809523809523808,0.023809523809523808,0.03226906102689727,0.08174504950495054,0.12581604072955344,0.02765503917963974,0.0015927003329738731,0.08006219778368306,1.0350773135239197,0.8764419561720529,0.07343791706708913,0.06967196558737433,0.11717047035667405,0.02911676344419112,0.2983150032650972,1.105098080007349,-0.04077918514792633,0.014972021959314397,0.07523988274227555,0.0,-0.0,0.19191673720065983,0.0,0.9841269841269841,521229002.07347566,20.071700048392522,0.09523809523809523,0.031746031746031744,0.0,0.03178272813147157,0.08303795183903429,0.08917915692971912,0.12358107872157717,0.04074064516844489,0.6666666666666666,0.025743928075117977,-0.06535416913008418,0.11149827341749274,0.07306010203845548,0.04074064516844489,0.06959586205665413,0.32966733734564496,0.016729121329034438,0.0,-0.0,0.15360174775178126,554939474.6738253,0.03509864025503351,0.032247660970711425,0.01718411005754228,-0.03231945687001059,0.06835463563123878,0.14860433399178752,0.2672908955661788,2.0,7.0,2.0,1.0,1.0,0.0,63.0,126.0,0.5735781990521327,,,,,,,,0,0,0,0,0,0
latest_month_unlabeled_or_partially_labeled,2026-07-31,ADBE,219.72000122070312,-0.653015965540155,-0.38572506997397615,0.8668234069003374,0.9142068379306326,-0.35435337546064216,-0.37221061358479146,-0.2507416838168691,0.15464163266339248,0.08805732786382481,-0.1607842929121378,0.05359207743646488,-0.10516622792119568,-0.39934601780865664,0.1435494683411962,-0.5865439504729755,-0.4251778808230421,0.4251778808230421,-0.06628144836614303,-0.1626843559530443,0.0775688910893176,-0.07366335719405293,1.6333248882387075,-0.09975686676500473,0.5408356241835799,0.3756700399435007,-0.03703379831726772,-0.09610005115347664,-0.16984203030779668,-0.2507416838168691,-0.09610005115347664,0.01242391085120964,-0.042277026895787606,-0.10719221547567293,0.05327096719391444,-0.1755468511069117,-0.10719221547567293,0.42749001778072526,-0.2249770768338378,1.1459698933257412,1.1145485711327698,0.020516084814534822,-0.37221061358479146,0.37221061358479146,0.13603224786944224,1525750138.3700173,0.956566612824276,0.21428571428571427,0.023809523809523808,0.05555555555555555,0.03350428334623294,0.26056304330488866,0.3509457986628637,0.053643750734318596,-0.08859447017646949,-0.06470844923944408,0.9451908916900256,1.19188029569156,-0.20905824994793265,0.10757964442532231,-0.1523474848044919,-0.14227327013561486,0.47645838849102967,1.0281919720744306,-0.0509256850069052,0.023395814519107078,-0.19516145772961868,-0.198189971172955,0.198189971172955,0.13603224786944224,0.3492063492063492,0.07936507936507936,1459481641.876778,21.10134717049985,0.25396825396825395,0.047619047619047616,0.06349206349206349,0.035302200101912665,-0.029966605109173816,-0.18050555427803605,0.14635980432620901,0.0717003055404617,0.5,-0.04174877524626591,-0.20905824994793265,0.0717003055404617,0.10401976241047228,0.0717003055404617,0.026431591653703013,0.48989069007399694,0.024529346430251637,-0.14975625027530415,0.14975625027530415,0.13603224786944224,1849603369.6717036,0.086458833611323,0.04099698810450594,0.051412618686306866,-0.03231945687001059,0.06835463563123878,0.14860433399178752,0.2672908955661788,2.0,8.0,2.0,0.0,1.0,1.0,63.0,126.0,0.7675355450236967,,,,,,,,0,0,0,0,0,0
latest_month_unlabeled_or_partially_labeled,2026-07-31,ADI,377.1600036621094,0.4296276366767082,0.696918532242887,1.0044555673859423,1.029465494469442,0.6216512087218813,0.39506248093028695,0.216999918957129,-0.0314841513826154,-0.15361716384223456,0.29799128892531934,-0.3603887569663011,0.14446083792814246,0.06839558496534148,-0.2793973869981108,0.5328523305350991,-0.15336267764956013,0.15336267764956013,0.06258919811204944,0.06338275511489444,0.08114386149269792,-0.10302099373127283,1.4545345159860665,0.016313815878502558,0.6401324043672085,0.537792295082727,-0.1493515973841294,0.1855157675745136,0.15529948054884568,0.06338275511489444,0.216999918957129,0.26441186661207894,0.08204448724611502,-0.062397468040981785,0.028812201204498233,-0.13075210367222057,-0.062397468040981785,0.40724213167879764,-0.13013497281822134,1.4563216922735405,1.1773897197947307,0.019464887085940002,-0.15336267764956013,0.15336267764956013,0.39506248093028695,1561112386.2302992,1.1665116107733478,0.21428571428571427,0.03968253968253968,0.023809523809523808,0.030312245130973407,-0.05193883376795716,-0.09970355052234714,-0.04491786224329397,0.008002765027136594,-0.07724015378150328,1.4015418544402718,1.142231255925786,-0.04030443984482901,0.1389013319487305,-0.08865531448664288,-0.011207297131628158,0.47948269930590837,1.2369070901412658,0.016522635900886318,0.02342744603746779,-0.007072266465835808,-0.15336267764956013,0.15336267764956013,0.18477102469331674,0.12698412698412698,0.9841269841269841,1821055724.2597308,21.322682238684255,0.2698412698412698,0.06349206349206349,0.047619047619047616,0.03252999987984331,-0.0795093462964993,-0.06438045441804141,-0.08494950028380328,-0.050381471634604824,0.5,0.040663000089002165,-0.10302099373127283,0.26441186661207894,-0.018062014764594236,-0.050381471634604824,-0.07779993544185637,0.5930755503715506,0.029073147433434657,-0.15336267764956013,0.15336267764956013,0.0,2374603210.2527437,-0.07110083261639688,0.05059049233631528,-0.02893924373011103,-0.03231945687001059,0.06835463563123878,0.14860433399178752,0.2672908955661788,2.0,7.0,2.0,1.0,1.0,0.0,63.0,126.0,0.7894549763033176,,,,,,,,0,0,0,0,0,0
latest_month_unlabeled_or_partially_labeled,2026-07-31,ADP,242.2700042724609,-0.4627588873938796,-0.1954679918277008,1.0636218208796049,1.0789628062219314,-0.04834421712659598,-0.04317146449709952,-0.0028157470305686383,0.20425339449177649,0.15100111900178026,-0.1342227601141548,0.2860020019673044,-0.1315128399019233,-0.15142008102235616,0.15459498888371825,-0.009115147797605819,-0.19919394887178377,0.19919394887178377,-0.02258191896941064,0.14818537197121162,0.10595328526137161,-0.04432379458270275,1.072008889846412,0.14236555723733257,-0.4140022569117924,-0.32505996373820745,0.1368107167593291,0.20143764746120785,0.11560242413395028,-0.0028157470305686383,0.20143764746120785,0.043114516917461154,0.051690166082795974,0.15177924185314962,0.04671133272538297,0.08342460622191084,0.15177924185314962,0.3089085435683469,0.4506424054843123,1.004213087616459,1.0903110230920565,0.014458919354049679,-0.07478750143786828,0.07478750143786828,0.29301394582038265,709449578.7320455,0.8914845306240838,0.1111111111111111,0.023809523809523808,0.007936507936507936,0.025061687238297166,-0.30448127685696746,-0.24758505771990524,0.03461504839722518,0.05754640332953054,0.11344590976631141,1.0506745532732549,0.6751598107551736,0.017170449525588438,0.07779427559943512,0.10037906903539051,0.04146590495026725,0.3368063901798814,0.9210336008238926,-0.20904157984366567,0.015380413550873578,0.01256351339610462,0.0,-0.0,0.29301394582038265,0.0,0.9047619047619048,632463324.6973916,20.265132793797736,0.14285714285714285,0.047619047619047616,0.0,0.02496234837645594,0.0815728116527139,0.031067743637289702,0.2637052554944545,0.08180400792080711,0.6666666666666666,0.0021606121007689363,-0.1315128399019233,0.08180400792080711,0.1141234647908177,0.08180400792080711,0.07667756697057593,0.3102100023278731,0.014819712117935705,0.0,-0.0,0.1289375460483364,676281645.7768031,0.08149009344163183,0.025891997711861018,0.052917520732400414,-0.03231945687001059,0.06835463563123878,0.14860433399178752,0.2672908955661788,2.0,7.0,2.0,1.0,1.0,0.0,63.0,126.0,0.5613744075829383,,,,,,,,0,0,0,0,0,0
latest_month_unlabeled_or_partially_labeled,2026-07-31,AEP,138.50999450683594,-0.004286366852707779,0.263004528713471,0.9751247580168244,0.9902237770942731,0.17851194121845504,0.2194869844482139,0.17397761843478032,-0.10962062148302287,-0.1314136210051866,0.1537327116706093,-0.13618540061720563,0.12604849326197942,0.025373284442992805,-0.15643030738137664,0.8754542504001402,-0.0012979157214043635,0.0012979157214043635,0.02414393688256844,0.042563997429593714,0.07042863440887287,-0.020475272473970074,1.689811494161014,0.060286519349072254,1.384742502641346,1.4265883211174657,-0.0010063246607211473,0.06435699695175745,0.09363287093871049,0.042563997429593714,0.17397761843478032,0.04600246631274052,6.957563728660077e-05,0.01754731105340368,-0.06943382326400582,-0.0508073245778351,0.01754731105340368,0.1987283954075968,0.08108433693834678,0.9868157210529922,1.0889643922719148,0.009910770450302968,-0.0012979157214043635,0.0012979157214043635,0.2367549313597881,519944540.5534169,1.1425077159354002,0.023809523809523808,0.0,0.0,0.01812169914249294,0.3183172839321282,0.3346986551732154,0.012257530595692345,-0.0012474319990420923,0.05669186337297094,1.0372888017194786,1.6878367409547306,0.08005052132490165,0.07032112700903247,0.09347119688198857,0.019460488421731093,0.2164081463322064,0.9061965001391745,0.24895480600064324,0.01085830829245183,0.05131579755281934,-0.0012979157214043635,0.0012979157214043635,0.11891100640150509,0.06349206349206349,0.3492063492063492,594040649.4407654,20.20245831007081,0.031746031746031744,0.0,0.0,0.017698612860741696,0.060585522171507256,0.08210740096441582,0.0633627942447786,0.012425970167232236,0.6666666666666666,0.029103059221479655,-0.06943382326400582,0.12604849326197942,0.044745427037242824,0.012425970167232236,0.05101010418975549,0.19610830480785177,0.010592298030514419,-0.0012979157214043635,0.0012979157214043635,0.09658773797840303,807558143.6020261,0.02545303850495606,0.0190032694573647,0.008034545456079956,-0.03231945687001059,0.06835463563123878,0.14860433399178752,0.2672908955661788,2.0,7.0,2.0,1.0,1.0,0.0,63.0,126.0,0.2890995260663507,,,,,,,,0,0,0,0,0,0
latest_month_unlabeled_or_partially_labeled,2026-07-31,AKAM,113.16999816894533,0.21573887497010058,0.4830297705362794,1.0767621106505865,1.1468914424274932,0.5069241074344746,0.2970773429105482,0.16489960258826142,-0.17952738079893604,-0.014681095921090126,0.060010311265941585,0.03894088780027638,0.012763745180582653,0.0162952685964739,-0.06594840352204345,0.23380783403800193,-0.2976914571329251,0.2976914571329251,0.06682133444736582,0.1502185066671713,0.09968275734548944,0.16729341586116941,1.4618420630421527,-0.035997015994103654,-0.22493558654137613,-0.14824203347609044,-0.16198018594646812,-0.014627778210674625,0.10016344368158603,-0.014627778210674625,0.16489960258826142,-0.10335215737823578,0.07631964518890544,0.09895119906621797,0.4521265139972863,0.030596563434979185,0.09895119906621797,0.7052783464965484,0.11735986252746787,0.6173880803492233,1.1954761570231247,0.02881495666760048,-0.2976914571329251,0.2976914571329251,0.3298472408711066,565521448.868143,1.2111873792529877,0.3492063492063492,0.047619047619047616,0.07142857142857142,0.045732991705063376,0.04308916141862773,-0.0013839827252085657,-0.031277156104116854,0.03870284802721602,-0.12993005481157138,0.8708809811409032,0.8937248548178625,-0.20950913206016208,0.23503307481415295,-0.24321249665697398,-0.1225855569588461,0.8431434473013174,0.5164369667451937,-0.1019887028798876,0.03314625281284553,-0.20895128159787568,-0.2976914571329251,0.2976914571329251,0.27386315661831984,0.5396825396825397,0.873015873015873,684952441.5659586,20.344859966905332,0.4126984126984127,0.06349206349206349,0.1111111111111111,0.051602116919170715,-0.16055751739060709,-0.23974288443689185,-0.09791688987574111,-0.04263599487828229,0.5,0.04611439845372637,-0.20950913206016208,0.4521265139972863,-0.010316538008271703,-0.04263599487828229,-0.11150367649543924,0.4354304444553784,0.023939447090796095,-0.29427539449859563,0.29427539449859563,0.003191211932830562,524233446.5521313,-0.03204839666007431,0.04849214696938264,-0.009504985201955307,-0.03231945687001059,0.06835463563123878,0.14860433399178752,0.2672908955661788,2.0,7.0,2.0,1.0,1.0,0.0,63.0,126.0,0.8270142180094786,,,,,,,,0,0,0,0,0,0
latest_month_unlabeled_or_partially_labeled,2026-07-31,ALAB,406.4200134277344,1.7051367072080128,1.9724276027741916,1.1042287437089437,0.9902241121318006,1.1770946505959494,1.4430152196239252,1.6983138135911218,1.0098980393834824,0.7218663359098252,0.2929226650263115,0.7940651236332756,-0.21106091034858365,1.5497094795993342,-0.6113260249315347,1.6493858824474064,-0.15858551887749994,0.15858551887749994,0.27081127284315976,2.420180149500947,0.5202479087057783,-0.07767401510315752,1.2349609771944228,0.862896018952247,0.40665760869565215,1.9356772521729222,-0.07354515449038435,2.708211852974604,2.2755686053555575,1.6983138135911218,2.708211852974604,0.7768248923757639,0.5272956058488105,1.0869877886595871,0.760552513261332,1.0186331530283483,1.0869877886595871,1.0296643324430028,1.0336980340932638,1.1673422209082935,1.0212576102093156,0.049548713458458,-0.15858551887749994,0.15858551887749994,3.053256477852271,1242475323.2879336,1.4080441206999466,0.5873015873015873,0.23015873015873015,0.15873015873015872,0.08014206656542722,0.1945900504401148,0.005145367445170246,-0.15858551887749994,0.5212797885029066,0.3365992944993321,2.120251190845961,1.2528878375146588,0.40883762699375636,0.4583289372446504,0.18541638090280577,0.4706044690455191,1.0515525354685114,1.143043840494894,0.1269067895443401,0.05420189565490541,0.3402670439765947,-0.15858551887749994,0.15858551887749994,2.469523779625778,0.031746031746031744,0.9841269841269841,1749460074.0703402,21.28257304874588,0.6031746031746031,0.31746031746031744,0.15873015873015872,0.08634671946365817,0.10424817798018182,0.2804157535154421,-0.13193792964831316,-0.15858551887749994,0.5,0.2498157647169352,-0.21106091034858365,0.7768248923757639,-0.12626606200748935,-0.15858551887749994,0.04560403907287025,1.2019706486240704,0.059382924929411954,-0.15858551887749994,0.15858551887749994,0.28183945170385827,2568895395.8881197,-0.03684407767964604,0.10716763375457669,-0.06268445768299247,-0.03231945687001059,0.06835463563123878,0.14860433399178752,0.2672908955661788,2.0,8.0,2.0,1.0,0.0,1.0,63.0,126.0,0.9558056872037914,,,,,,,,0,0,0,0,0,0
latest_month_unlabeled_or_partially_labeled,2026-07-31,ALGN,184.5200042724609,0.16298592118605848,0.4302768167522373,1.0835028663510706,1.1302353407662689,0.33826514170266275,0.18168435148824735,0.13181626482287045,-0.05545849689461613,-0.1611692456324355,0.07961722274874594,-0.03126764016129546,0.16604310572844305,-0.016788069168917064,-0.08346668223541998,0.29613932534689913,-0.10941646750236644,0.10941646750236644,0.006607345750925253,-0.029352980809565055,0.08187992531165057,-0.09821153513045089,1.0629569789413151,0.04728447392617663,-0.2993739328400683,-0.26549895494299847,0.0500437303334933,0.07635776792825433,0.05960701731385324,-0.029352980809565055,0.13181626482287045,0.02671645585213711,-0.009637999038962897,0.04834958258745048,-0.006022371408872407,-0.0200050530437883,0.04834958258745048,0.44511570582009063,0.10741694508669093,1.2047631701303811,1.0112231736634956,0.021631798175539604,-0.06576877421727367,0.06576877421727367,0.18922402627863133,200773354.96212187,0.9169071149471266,0.2698412698412698,0.047619047619047616,0.015873015873015872,0.03677788634789293,-0.013478070814512577,0.07928985317031323,0.08089773202484696,0.003134042516134139,0.07193815630267575,1.0889412036366348,0.9985619999262564,-0.03595309171679306,0.09435975148628924,0.05470138605975472,0.058097132360576786,0.45011131668685894,1.191391971137016,0.04655296784830987,0.022930323086528977,0.061094734178378296,-0.05881152052955052,0.05881152052955052,0.18922402627863133,0.7777777777777778,0.47619047619047616,184090517.65657455,19.03093814382643,0.2698412698412698,0.06349206349206349,0.0,0.0382906922744803,0.07286557055492704,0.0460037164514675,0.17535432952317656,0.09403533894215488,0.5,0.02443465037776978,-0.09821153513045089,0.16604310572844305,0.12635479581216547,0.09403533894215488,0.05536191215015562,0.5362590088186345,0.029218383960561783,0.0,-0.0,0.1410549540014192,195556467.74466377,0.049918372116150245,0.04261636128829097,0.04068674791904847,-0.03231945687001059,0.06835463563123878,0.14860433399178752,0.2672908955661788,2.0,7.0,2.0,1.0,1.0,0.0,63.0,126.0,0.5648104265402843,,,,,,,,0,0,0,0,0,0
latest_month_unlabeled_or_partially_labeled,2026-07-31,AMAT,603.0399780273438,2.1063832343160174,2.3736741298821964,0.8944898694042531,0.9174791640183196,1.598574482940867,1.3523977526024642,0.8755978817578007,-0.10904635142966979,-0.25381526977568813,0.22543435886649466,0.30512324969664073,0.15650387906519736,0.7269935477660132,-0.34504027319466535,1.3495954854638497,-0.16591980909081083,0.16591980909081083,0.15076199452577566,0.6217826119821126,0.12732591883987102,-0.08195001156809056,1.5088629420412343,0.417252024016723,1.1378297872340424,2.2720716466639725,-0.11184825200279047,0.766551530328131,0.7546440080226814,0.6217826119821126,0.8755978817578007,0.15418819941481532,0.22029105649894642,0.5305576085631354,0.14228372690405178,0.4622029729318966,0.5305576085631354,0.6487854258469617,0.724908248967899,1.6630667672729913,1.1281021315072455,0.03126395721966709,-0.16591980909081083,0.16591980909081083,1.3523977526024642,3502410841.302345,1.2631745375162526,0.4126984126984127,0.1111111111111111,0.09523809523809523,0.043511014207656885,-0.08441061405000849,-0.2363250301724038,-0.16591980909081083,0.2809357870216791,0.23076963973954912,2.1612483485902207,1.401872983736573,0.6064524817180001,0.26861523904164847,0.33991019263789024,0.3418363773317181,0.7318962217887935,1.4742164923055192,0.12812970156962256,0.03392959366809443,0.44003453527821335,-0.16591980909081083,0.16591980909081083,0.7326876693357622,0.031746031746031744,0.9841269841269841,4424156194.653998,22.210345406974923,0.42857142857142855,0.12698412698412698,0.1111111111111111,0.04543127165369939,0.11356497896186779,0.4364670500303891,-0.1537756136185618,-0.16591980909081083,0.6666666666666666,0.13525974440719388,-0.16591980909081083,0.6064524817180001,-0.13360035222080024,-0.16591980909081083,0.03009009450461586,1.0789734808171376,0.05508086354439346,-0.16591980909081083,0.16591980909081083,0.3311846648583774,7672883499.074155,-0.05753944539266154,0.08535325076835795,-0.08586815641622825,-0.03231945687001059,0.06835463563123878,0.14860433399178752,0.2672908955661788,2.0,7.0,2.0,0.0,1.0,1.0,63.0,126.0,0.9445497630331754,,,,,,,,0,0,0,0,0,0
latest_month_unlabeled_or_partially_labeled,2026-07-31,AMD,517.8200073242188,1.6696951772294362,1.936986072795615,1.0767169004127288,0.9455847414223001,1.0217867296432308,1.4179118344675068,1.1873865444588452,0.35805919101586436,0.39899770188039074,0.49744433165271595,-0.03669784630948714,-0.15426853239039462,1.0387822104670577,-0.7266400591156164,1.5969990000188732,-0.10860541002386204,0.10860541002386204,0.21725238533571622,1.586384246339236,0.2195000045742495,0.016083042075494047,0.9654756947278903,0.5327247076900212,-0.3317749131550767,-0.02389255297310444,-0.10860541002386204,1.5454457354747095,1.4397388420909303,1.1873865444588452,1.586384246339236,0.7425650248110034,0.35148619710726225,0.4607464853432288,0.4558943547170746,0.39239184971199004,0.4607464853432288,0.7435111383568886,0.5628739429497939,1.174492249400674,1.1009393830355165,0.03481535357667998,-0.10860541002386204,0.10860541002386204,1.7118094558785253,11619623475.758785,1.3006969327203723,0.48412698412698413,0.15079365079365079,0.07142857142857142,0.04883995843680377,-0.18400336343998724,-0.2726250127316797,-0.10860541002386204,0.23219819444544276,0.12476455823526567,1.759557874110067,0.8072211285367763,0.12557643988456646,0.3514128809418355,0.0033327491177042035,0.1319602345400268,0.8185606939426676,1.0668091881338253,-0.09639618041359588,0.04094533898792835,0.10689881090108333,-0.10860541002386204,0.10860541002386204,1.3807816428699713,0.031746031746031744,0.9841269841269841,15113608614.285084,23.438861407701182,0.6031746031746031,0.19047619047619047,0.09523809523809523,0.05382676798233206,0.01472318653749416,0.05437651249753439,-0.12436948197955157,-0.10860541002386204,0.6666666666666666,0.17954081984564696,-0.15426853239039462,0.7425650248110034,-0.07628595315385145,-0.10860541002386204,0.0019048764109252936,0.873248069343238,0.047408374114754924,-0.10860541002386204,0.10860541002386204,0.14460657451446246,16530849375.725592,-0.03424941694432493,0.07138167622843239,-0.04131550437567244,-0.03231945687001059,0.06835463563123878,0.14860433399178752,0.2672908955661788,3.0,12.0,3.0,1.0,1.0,1.0,63.0,126.0,0.9645734597156398,,,,,,,,0,0,0,0,0,0
latest_month_unlabeled_or_partially_labeled,2026-07-31,AMZN,242.6699981689453,-0.2307268977178305,0.036563997848348295,1.2464468627624792,1.2412607844004864,-0.006346749013227071,0.05133866419162536,0.014082720744715616,0.1510874583055617,0.1414886991074049,0.1076472803105828,-0.19211871921451962,-0.12244046250772744,-0.1345216132470719,-0.09855415964865244,0.044700263887023785,-0.11753152192151883,0.11753152192151883,0.0028840953632458532,0.15557141985212053,0.08459571325869572,-0.00823807489304329,0.9423737921826784,0.030523742342819293,-0.5221941294321658,-0.5625550788357789,-0.11753152192151883,0.1651701790502773,0.11160810654903781,0.014082720744715616,0.1651701790502773,0.27267485533749514,0.026831750994516845,-0.08447143890393682,0.021051901989134647,-0.1528260745351756,-0.08447143890393682,0.3150478212009783,-0.268370165258274,1.1767710843642076,0.9990774990364629,0.015773697811417006,-0.11753152192151883,0.11753152192151883,0.2207354814870024,11831115430.793642,1.067444321224027,0.14285714285714285,0.007936507936507936,0.007936507936507936,0.026473797890355293,-0.2715138392499883,-0.25827918934475935,0.015746034346065363,-0.06421443675778937,-0.049905887362982515,1.2785142440036261,0.7497651467098135,-0.11934679486514477,0.14407639935825528,-0.10334767575232862,-0.10225999501511562,0.31475718928236013,1.1778576591897196,-0.1446902129304125,0.015566565096192926,-0.10929444350608308,-0.11753152192151883,0.11753152192151883,0.15683840981264452,0.6190476190476191,0.9841269841269841,12629056980.346632,23.25926610554473,0.1746031746031746,0.015873015873015872,0.0,0.027358638375408098,-0.023367762480278054,-0.10397447609132004,0.04900300159743398,0.018167331952611443,0.5,0.010311459502220954,-0.12244046250772744,0.27267485533749514,0.05048678882262203,0.018167331952611443,0.010089654071489207,0.37073916618125624,0.01872628627247852,-0.04381573510130632,0.04381573510130632,0.06898376301065356,15012339255.613564,0.02474124795736321,0.036148434372272824,0.01489703201784165,-0.03231945687001059,0.06835463563123878,0.14860433399178752,0.2672908955661788,2.0,8.0,2.0,0.0,1.0,1.0,63.0,126.0,0.6481042654028436,,,,,,,,0,0,0,0,0,0
latest_month_unlabeled_or_partially_labeled,2026-07-31,ANET,159.99000549316406,0.031118485282641828,0.2984093808488206,0.8951889558280756,0.9182543874455762,0.01458559842823548,0.22101814075909876,0.1287568738021545,0.17430557190412066,0.0696701336372767,0.21849865966173376,-0.2921481340768246,-0.05813464917328137,-0.019847460189633015,-0.20240634821724535,0.22050869903796202,-0.09981427255290376,0.09981427255290376,0.042679729627104424,0.1984270074394312,0.08773533577294944,-0.0802996346120084,1.5316518485777555,0.07574747842006757,0.5898692544409527,0.47277621946266435,-0.07156924282045762,0.30306244570627516,0.21008210898262028,0.1287568738021545,0.30306244570627516,0.406662391521293,0.062355979879137546,-0.07364947441509084,-0.07666032643435128,-0.14200411004632962,-0.07364947441509084,0.5839083644495502,-0.1233748653417386,0.9957834774317509,1.022346851250295,0.029276796679812107,-0.09981427255290376,0.09981427255290376,0.37768026588371595,1276126689.886735,1.1689912276599193,0.4365079365079365,0.0873015873015873,0.03968253968253968,0.04326879590066379,-0.050312202143593554,-0.10560070856691006,-0.05564620282110322,0.0233195248967506,0.0012115808812889206,1.2272681402351964,1.002259861876421,0.06527875827693852,0.19086843483412877,0.003260828171320229,0.08119386778493043,0.5969568778137073,0.9740172586377529,-0.17325201370504795,0.029060260034182106,0.060375166034689176,-0.09981427255290376,0.09981427255290376,0.2672475682626856,0.7777777777777778,0.9682539682539683,1491780905.8602834,21.123236482677253,0.3968253968253968,0.07936507936507936,0.047619047619047616,0.044194608511158036,-0.009274146799250427,0.003840232806145538,-0.10012542845066984,-0.058217560074069974,0.3333333333333333,0.03310482991742009,-0.0802996346120084,0.406662391521293,-0.025898103204059386,-0.058217560074069974,-0.016680560076263284,0.5814463016530592,0.030456322078330156,-0.08346695846245666,0.08346695846245666,0.05423043808793371,1349140750.9129841,-0.031426106805832243,0.05655888588076678,-0.02229309798431023,-0.03231945687001059,0.06835463563123878,0.14860433399178752,0.2672908955661788,2.0,7.0,2.0,0.0,1.0,1.0,63.0,126.0,0.9004739336492891,,,,,,,,0,0,0,0,0,0
latest_month_unlabeled_or_partially_labeled,2026-07-31,APP,527.0599975585938,0.08172364523528275,0.34901454080146155,0.9659171767543818,1.0185787712054795,-0.17301871334220453,-0.21780298621351146,0.11403270672239474,0.21023864392733826,0.09824047421700932,-0.056561856812558764,0.2373840599074999,-0.08103823111955799,-0.03457162726939278,0.06678949637254639,0.13642586571517043,-0.2815430546632408,0.2815430546632408,-0.013776789432829006,0.21227318093940406,0.10519431875759946,-0.0845734294979491,1.154732556916129,0.12887378791246062,1.6678974997775602,2.150312603318824,-0.00413885454042906,0.324271350649733,0.21685907943717728,0.11403270672239474,0.324271350649733,0.12148242739576798,0.0774302096754198,0.18082220309494113,0.37356338853344484,0.11246756746370234,0.18082220309494113,0.8358584065024145,0.26318947751986604,0.9032584957477285,0.8219596900289264,0.03964631975663934,-0.21780298621351146,0.21780298621351146,0.43648304024974993,2638030936.374386,0.9170433500205735,0.5,0.15873015873015872,0.15079365079365079,0.06396318000951776,0.07200443324216588,0.09661835565814281,0.01927654693585512,0.05179486770165531,0.05277286480038201,1.0885564015166864,1.2142054485265086,-0.15961774307215815,0.19382395515728393,-0.1403220172054045,-0.016813456268293114,0.687041916716797,1.0989085069560296,0.00874699322108019,0.03496353818962523,-0.09949773675586437,-0.14117649164916357,0.14117649164916357,0.39014606001774044,0.3492063492063492,0.9206349206349206,2419188727.350677,21.606698084692056,0.5079365079365079,0.15873015873015872,0.12698412698412698,0.062337705626929446,0.012325783660072753,-0.13912687589151662,0.030411614467158326,0.022960653568879996,0.5,0.03212951096807126,-0.15961774307215815,0.37356338853344484,0.055280110438890584,0.022960653568879996,0.04531634393105044,0.7549962069154643,0.03812481027462748,-0.076677851936369,0.076677851936369,0.1819343982583359,2788250410.5339413,0.075687543495218,0.0649743172818668,0.020350491685556582,-0.03231945687001059,0.06835463563123878,0.14860433399178752,0.2672908955661788,3.0,11.0,3.0,1.0,1.0,1.0,63.0,126.0,0.9466824644549764,,,,,,,,0,0,0,0,0,0
latest_month_unlabeled_or_partially_labeled,2026-07-31,ARM,315.2799987792969,0.9628063548620924,1.2300972504282712,1.1742447414479507,1.221728407012321,0.856553911091096,1.8842741361355935,1.992406956652208,-0.9083244518707239,-0.5186524935011971,0.9962035507387319,-0.4971545406591673,0.20966207488537458,1.8438026226604205,-1.4933579465726434,2.2682587363524416,-0.28257405700258154,0.28257405700258154,0.32708307460526376,1.4737544631510109,0.4556859214453164,0.1869753032691881,1.4900235750595514,0.44898528396181003,-0.022882495990065754,0.46474702711750693,-0.17827700624236498,1.0840825047814842,1.5167479748615678,1.0840825047814842,1.992406956652208,0.3902697582054824,0.42639579854332643,0.4990490100795646,0.6797736603361171,0.4306943744483258,0.4990490100795646,0.8783861050420433,0.46309468211090754,1.2154170874194663,1.226840056804297,0.04070501200374289,-0.28257405700258154,0.28257405700258154,2.015590526795265,2005431169.0711188,1.5734247262357417,0.4603174603174603,0.16666666666666666,0.10317460317460317,0.0630259866137032,0.2051723862856778,0.07162687375739951,-0.0894052002659681,0.43620773927966483,0.055426635524481016,1.964126957309239,1.0001390203697942,0.003623082307277148,0.281984247755545,-0.10758869157431017,0.35257767224440784,1.0776392590058856,0.9906891127971599,-0.0662708435482342,0.05414044200924743,0.12368363003150629,-0.28257405700258154,0.28257405700258154,1.1915751247161515,0.14285714285714285,0.9523809523809523,3155394988.1803484,21.87237951977228,0.6666666666666666,0.23809523809523808,0.1746031746031746,0.07738678126194615,-0.11344732376156064,-0.06526405958324288,-0.10379330284091876,-0.11081029904764361,0.8333333333333334,0.22658226332596595,-0.11081029904764361,0.6797736603361171,-0.07849084217763302,-0.11081029904764361,-0.1328205452036617,1.0676054814199296,0.05780153751207048,-0.28257405700258154,0.28257405700258154,0.025534288425119067,4282274713.2813954,-0.1255654465373971,0.11753543895533689,-0.06454541091803367,-0.03231945687001059,0.06835463563123878,0.14860433399178752,0.2672908955661788,2.0,8.0,2.0,1.0,0.0,1.0,63.0,126.0,0.9616113744075829,,,,,,,,0,0,0,0,0,0
latest_month_unlabeled_or_partially_labeled,2026-07-31,ASML,1769.3199462890625,1.2930196922185717,1.5603105877847505,0.9005283987732697,0.9361758837451946,0.6762395430684027,0.6595847657205354,0.24773244719057952,0.0947450437587023,-0.02531876896092955,0.014782264656925559,0.21477454831359766,0.020712111956729062,0.099128113198792,-0.018175634220056303,0.46389356238353213,-0.11064420218767401,0.11064420218767401,0.0686336653941173,0.22241367822964997,0.06328899654667491,-0.0894345071176823,1.3903539115837797,0.16164148901818742,0.9083003393665159,1.3463636834620614,-0.0553697477034476,0.3424774909492818,0.2708745387898371,0.22241367822964997,0.3424774909492818,0.09183852001596415,0.12250755258932666,0.22955681297052322,0.12075832404014664,0.16120217733928444,0.22955681297052322,0.5340286377713567,0.38753327525254455,1.4172836798095585,1.1092173159935783,0.026954167111716852,-0.11064420218767401,0.11064420218767401,0.6595847657205354,2816522738.9682345,1.1133959871283363,0.3333333333333333,0.0873015873015873,0.03968253968253968,0.03389841130118318,-0.00497677504976779,-0.1150703259325927,-0.11064420218767401,0.15851244344838378,0.07429368613429976,1.4609324619008084,1.4742064395146242,0.23356229653497307,0.13143428133299656,0.09707578038606601,0.16491077104960805,0.5923538122524511,1.2777331000643735,0.24937124870778127,0.029878116821442483,0.15633733212296774,-0.11064420218767401,0.11064420218767401,0.3597936536885431,0.031746031746031744,0.9682539682539683,3135905115.222943,21.866183682670382,0.3968253968253968,0.09523809523809523,0.06349206349206349,0.03582998689981798,0.005443003256574208,0.13854513384002143,-0.14618652018959574,-0.11064420218767401,0.6666666666666666,0.04446542387374277,-0.11064420218767401,0.23356229653497307,-0.07832474531766342,-0.11064420218767401,-0.03073507189021707,0.7568700728642742,0.03924391840776885,-0.11064420218767401,0.11064420218767401,0.07771020795837114,4334674896.371605,-0.04468853420194452,0.05530292697065302,-0.04665432194405672,-0.03231945687001059,0.06835463563123878,0.14860433399178752,0.2672908955661788,2.0,8.0,2.0,1.0,0.0,1.0,63.0,126.0,0.9106635071090047,,,,,,,,0,0,0,0,0,0
latest_month_unlabeled_or_partially_labeled,2026-07-31,AVGO,360.4500122070313,-0.031025803785901918,0.23626509178027688,0.9877152823786453,0.9880435641765315,-0.019370690629286758,0.04529840658542228,0.0919946517231478,0.07443121563333444,0.04015305013096637,0.26261899518444287,-0.39775425301918677,-0.035466264750798615,-0.056609682268639716,-0.2271299095578917,0.19439052812412863,-0.2503260679634234,0.2503260679634234,0.033363358323647896,0.13214770185411417,0.03725423001862465,-0.02938735024803074,1.3093761782359459,-0.031768493431501565,0.22582670381640213,0.06017429613545833,-0.23771840306884862,0.16642586735648224,0.13018940697791473,0.0919946517231478,0.16642586735648224,0.34868010047009723,0.044940850802265286,-0.1351352578347439,0.07028724002199072,-0.20348989346598267,-0.1351352578347439,0.4732465753907739,-0.24954878273591438,1.4370950185780267,1.1442626937078066,0.02237528754025068,-0.2503260679634234,0.2503260679634234,0.23043011830279547,9614502570.642187,1.0980166656951937,0.30158730158730157,0.03968253968253968,0.031746031746031744,0.0369541891113539,-0.061993730143701686,-0.10495202800800896,-0.035980994406210276,-0.04972924642896204,-0.11846444463074757,0.9887808487187959,0.9109799830401305,-0.15314847626257944,0.17330816627376006,-0.19193211894454987,-0.10163822667666211,0.5415184011446416,1.2559135471954803,-0.17325243933722967,0.025791234631182297,-0.12078244906941116,-0.2503260679634234,0.2503260679634234,0.14817447057493482,0.3333333333333333,0.9682539682539683,10556884054.934402,23.080044001221914,0.36507936507936506,0.047619047619047616,0.047619047619047616,0.035287831242088695,-0.10313763621587935,-0.1738325310476483,-0.06733926313496458,-0.045797452794093196,0.3333333333333333,0.02586129940609766,-0.15314847626257944,0.34868010047009723,-0.013477995924082609,-0.045797452794093196,-0.06126729113596885,0.6801002960531918,0.03414972193740154,-0.24666553348689713,0.24666553348689713,0.0,14190116984.482538,-0.048686030272807046,0.04299534507532257,-0.02317599823531613,-0.03231945687001059,0.06835463563123878,0.14860433399178752,0.2672908955661788,3.0,12.0,3.0,1.0,1.0,1.0,63.0,126.0,0.870260663507109,,,,,,,,0,0,0,0,0,0
latest_month_unlabeled_or_partially_labeled,2026-07-31,AXON,597.0399780273438,-0.4770223470151589,-0.2097314514489801,1.0572759271481007,1.1502913721092556,-0.18462778914742328,0.05125629166794288,0.23462507673096766,0.17120028905384665,-0.1338877036596684,-0.16919636684429562,0.6552576061787913,0.12163455782925969,0.08602074273918014,0.25143616260352797,0.348511273413952,-0.31451140899225305,0.31451140899225305,-0.03977158429933925,0.10073737307129926,0.15292380426285376,-0.21701699239378647,1.467194068503113,0.3372807942534721,0.22231176606032688,0.8164301379247456,0.30622184611392445,0.4058253657848143,0.24706260519569376,0.10073737307129926,0.4058253657848143,-0.05399230625624374,0.06557255728894362,0.48606123933449563,0.11688567879733269,0.41770660370325685,0.48606123933449563,0.6732209102811045,0.7052610511897415,1.0774424211195677,1.023725433482128,0.030277371884916447,-0.0693208696065839,0.0693208696065839,0.7258483373239488,508515209.53480554,1.0265167496539418,0.36507936507936506,0.12698412698412698,0.07936507936507936,0.05455265021278526,-0.32926906311200965,-0.28568310539324693,0.0,0.13157106160424936,0.37718558929795387,1.2108828590565364,0.8494845910733574,0.2493536811964534,0.1622523541503485,0.3305401506577581,0.16162517579069036,0.6891933682067565,1.052472065146145,-0.22987088350500506,0.03190874001352745,0.16594653111368873,0.0,-0.0,0.7258483373239488,0.0,0.9047619047619048,521999380.04126173,20.0731769601015,0.38095238095238093,0.19047619047619047,0.06349206349206349,0.05982812882016612,0.30335212357199315,0.21398171208644068,0.08958732881574047,0.06498277524067952,0.6666666666666666,0.04697456573561585,-0.21701699239378647,0.2493536811964534,0.09730223211069011,0.06498277524067952,0.2629097963930245,0.7253567675215925,0.035996996465786274,0.0,-0.0,0.4560885296314796,573895494.2116873,0.21970099485482963,0.054142108866020985,0.09466671342901245,-0.03231945687001059,0.06835463563123878,0.14860433399178752,0.2672908955661788,2.0,7.0,2.0,1.0,1.0,0.0,63.0,126.0,0.8182464454976304,,,,,,,,0,0,0,0,0,0
latest_month_unlabeled_or_partially_labeled,2026-07-31,BEN,34.11000061035156,0.22968588913031573,0.49697678469649453,0.9745261675806213,0.9817682101533234,0.5672488113607386,0.46320031725987487,0.31314256166958265,0.14546645423000948,0.003958121484560095,0.14229909194101786,0.007261973925071663,-0.003005177611085319,0.16453822767779513,-0.16358149580349313,0.999758372670863,0.0,-0.0,0.05487058503261433,0.31710068315414275,0.08286612121200355,-0.09701594546786385,0.662205334645337,0.2140760835420037,-0.47079507716350855,-0.39164662484250123,0.0,0.45860901589959213,0.3629507535744392,0.31314256166958265,0.45860901589959213,0.2688399591896957,0.11919808864873516,0.14956106586608953,0.03503508696146307,0.08120643023485075,0.14956106586608953,0.3132182437572587,0.4857819843296402,1.0292181454515392,0.9829469894940134,0.015668446507366006,0.0,-0.0,0.5365211805104781,141103583.47170088,1.018327979906648,0.1111111111111111,0.015873015873015872,0.0,0.02790996431241579,-0.07645628309734309,-0.053138674066809166,0.009610542071501471,0.06139971038681047,0.0975502772110044,1.1768174450639228,0.7897447525265613,0.08329828033607911,0.12184738341551281,0.11064936865168384,0.04711792953764715,0.3078769297557995,1.0470739078018283,-0.04409227777429259,0.015437103689757982,0.0756372537547847,0.0,-0.0,0.47232240710687723,0.0,0.9841269841269841,143689727.11432624,18.783166867035224,0.09523809523809523,0.031746031746031744,0.0,0.02788653726548035,0.06918377379261043,0.08470767564135584,0.07831989086809549,0.025247975384138366,0.6666666666666666,0.052066696465404516,-0.09701594546786385,0.2688399591896957,0.057567432254148954,0.025247975384138366,0.05099958498259238,0.32236989996143395,0.01603001299917306,0.0,-0.0,0.13442027128452883,154507252.9294241,0.02824093991904264,0.029580275408061518,0.01826975546376386,-0.03231945687001059,0.06835463563123878,0.14860433399178752,0.2672908955661788,1.0,3.0,1.0,0.0,1.0,0.0,63.0,126.0,0.3351895734597157,,,,,,,,0,0,0,0,0,0
latest_month_unlabeled_or_partially_labeled,2026-07-31,BF-B,26.15999984741211,-0.3296454542480227,-0.06235455868184392,1.0843891564605033,1.1073309369121571,-0.014309691353313392,0.021933530457184824,-0.02697894245462784,0.02501385329502892,-0.05023566863103601,-0.04976843936360553,0.07375153764516007,0.05443916780058533,-0.17558327644641536,0.05096204073618238,-0.06077518736768938,-0.1375781023877839,0.1375781023877839,-0.001975903046516625,-0.07721461108566385,0.03832276479581862,-0.07539768509971323,0.5359369713374257,-0.016083446239192667,-0.6249872899205439,-0.615993323237876,0.02261573632804814,-0.0019650891595989206,-0.035386214233296874,-0.07721461108566385,-0.0019650891595989206,-0.02534044505685662,-0.007204299497283073,0.023983098281554538,-0.0019402513382530406,-0.04437153734968424,0.023983098281554538,0.4439137684826122,0.05255392446474286,0.7767891638947235,1.0280198944350267,0.01925256869839146,-0.13167307505907033,0.13167307505907033,0.15737040463063812,131476665.53722563,0.7986812999222297,0.19047619047619047,0.031746031746031744,0.023809523809523808,0.0354502759098149,-0.1327264176296694,-0.14867252880945392,-0.01630720082306303,0.0010966779502341595,-0.006773663798824714,0.841598328196761,0.408496835443038,0.045191134482078565,0.048162360055073385,0.02597374521371809,0.029209614945401974,0.4563521854137499,0.7556168592647975,-0.06865079365079363,0.018338267797240047,0.06384532063228865,-0.1293947544718944,0.1293947544718944,0.07007476119414746,0.9206349206349206,0.6507936507936508,105007954.14071159,18.46954666849678,0.1746031746031746,0.031746031746031744,0.015873015873015872,0.03491246455717623,-0.0035985180072094503,0.060843302357356466,-0.05332082938338774,-0.018386483231972006,0.3333333333333333,-0.0035724270740218333,-0.07539768509971323,0.05443916780058533,0.013932973638038582,-0.018386483231972006,-0.020416254101622733,0.3448274050609642,0.01685944337712032,-0.06437765722460842,0.06437765722460842,0.0657529492733302,86959954.44788252,-0.03447257089514777,0.033366102260760144,-0.026206064684310526,-0.03231945687001059,0.06835463563123878,0.14860433399178752,0.2672908955661788,1.0,3.0,1.0,0.0,1.0,0.0,63.0,126.0,0.479739336492891,,,,,,,,0,0,0,0,0,0
latest_month_unlabeled_or_partially_labeled,2026-07-31,BG,106.45999908447266,0.1050459339961256,0.3723368295623044,0.9607084046279359,0.9979765845251285,0.14700444378246535,0.2091996899080244,-0.054131439019246885,-0.10388626792613664,-0.05817567408923696,0.12223488373054625,-0.2793912199901305,0.06553581193260882,-0.2027357730110344,-0.10302489724033737,-0.1828564830827794,-0.18986381464374602,0.18986381464374602,0.014604336194437018,-0.11230711310848385,0.052067622870455965,0.05428925787865069,1.310693753184656,-0.12452646243569532,-0.08925994640280355,-0.23238851651099623,-0.171705946032377,-0.15801770694538353,-0.10815208635770475,-0.15801770694538353,-0.054131439019246885,-0.0010219815641452357,-0.02165929937588973,-0.15715633625958425,-0.023834048421429554,-0.22551097189082303,-0.15715633625958425,0.29603237526307175,-0.5350957391732398,0.9466703575305482,0.9921131203264127,0.015324008251385501,-0.18986381464374602,0.18986381464374602,0.2091996899080244,208133306.26183766,0.9791233483057908,0.10317460317460317,0.015873015873015872,0.0,0.0314455411566688,-0.1406759056649648,-0.14284981337227687,-0.0020546706105815105,-0.039549419590534596,-0.12349398226829222,0.9308336724664742,0.8896197603785616,-0.13438766654262446,0.07153256457653544,-0.1365774821612632,-0.054322156509274855,0.29369760353988567,0.9541959864607843,-0.16725307866298067,0.015363856422021406,-0.1102662704581191,-0.18986381464374602,0.18986381464374602,0.014968058956621233,0.31746031746031744,0.015873015873015872,203788179.7210451,19.132591682571864,0.09523809523809523,0.015873015873015872,0.0,0.03033647602797552,-0.10759618352083189,-0.14277516304200089,-0.00902705575599073,-0.0025297879131322976,0.3333333333333333,-0.00699140243834534,-0.13438766654262446,0.06553581193260882,0.02978966895687829,-0.0025297879131322976,-0.09024099286392451,0.2802450745309095,0.01782838173281614,-0.18986381464374602,0.18986381464374602,0.014968058956621233,215870951.97982788,-0.026090467496885816,0.03454012811039595,-0.010079606088736925,-0.03231945687001059,0.06835463563123878,0.14860433399178752,0.2672908955661788,1.0,3.0,1.0,0.0,1.0,0.0,63.0,126.0,0.3545023696682465,,,,,,,,0,0,0,0,0,0
latest_month_unlabeled_or_partially_labeled,2026-07-31,BIIB,216.1199951171875,0.42114656628684854,0.6884374618530273,1.0191306222933028,1.0416110844851474,0.400920393672197,0.22802425348854372,0.20140083301164258,-0.022543074005290764,-0.07471963780192525,0.052198562574395035,0.08960192617764906,0.06631834996413266,0.05279649901985506,-0.05960034425959848,0.5555498516359635,-0.002354289591143588,0.002354289591143588,0.027307159875349152,0.12668119520971732,0.0383266840649418,-0.04426027092582707,0.9513639852888945,0.13301969558021987,-0.25501451144792,-0.14937520505805468,0.056796691270369015,0.1788577590063518,0.1689799290759039,0.12668119520971732,0.20140083301164258,0.032455118577511044,0.04663156421040049,0.1418004887520441,0.03550296525803942,0.07344585312080532,0.1418004887520441,0.3625252214874409,0.39315287400696025,1.040624845287621,0.9948968284872317,0.01756049078060003,-0.002354289591143588,0.002354289591143588,0.31443861771071946,236652871.26193577,0.9779124920393906,0.1349206349206349,0.023809523809523808,0.015873015873015872,0.029644043187159394,0.05846238431228801,0.05875630803551157,0.00027695867258203943,0.040557264294840856,0.10396427028124178,1.1630144384132983,0.7054620223529651,0.10234692631935571,0.05091322533027471,0.10265303631218115,0.04459642084780291,0.36067519310448615,1.0459625716868755,-0.16534996868827978,0.017855000526445796,0.07507182511268096,-0.002354289591143588,0.002354289591143588,0.25403272432164625,0.047619047619047616,0.9682539682539683,231425799.08403668,19.25976986211817,0.12698412698412698,0.031746031746031744,0.015873015873015872,0.02953319335217095,0.0858882460419732,0.10733497234047684,0.0007360830115197674,0.0002776893421814197,0.8333333333333334,0.03210679642256553,-0.04426027092582707,0.10234692631935571,0.03259714621219201,0.0002776893421814197,0.06982416531436231,0.3772527525232287,0.018265729232134938,-0.002354289591143588,0.002354289591143588,0.12200187205748247,237329977.51108804,0.044254683056445865,0.03156315345893726,0.005602164328970316,-0.03231945687001059,0.06835463563123878,0.14860433399178752,0.2672908955661788,2.0,7.0,2.0,1.0,1.0,0.0,63.0,126.0,0.47855450236966823,,,,,,,,0,0,0,0,0,0
latest_month_unlabeled_or_partially_labeled,2026-07-31,BKNG,184.55999755859372,-0.42191156140950525,-0.15462066584332645,1.1238870736497693,1.152585459677089,-0.08521872556646493,-0.1342920735128459,-0.07311078677030802,0.17174446642511998,0.16671036717204557,-0.15658996362584132,0.2555681275737266,-0.15244187192427772,-0.22171512076209554,0.1720889507181933,-0.17997397220123915,-0.19995136998787422,0.19995136998787422,-0.035236352232989154,0.09359958040173755,0.09773591153850703,-0.004582145392316828,1.2173102665686195,0.08467038431555007,0.641264112530076,0.8037134209418579,0.1399321327516755,0.09863367965481196,0.03970749109541383,-0.07311078677030802,0.09863367965481196,-0.00031345872408949926,-0.009466188643693974,0.09897816394788528,-0.005523909607991984,0.030623528316646498,0.09897816394788528,0.40622977798455595,0.2540121161589333,1.024054488017815,0.959208912394555,0.019247119477718136,-0.15585241024376195,0.15585241024376195,0.2004409802799476,1570082935.611955,0.8649316093905685,0.1746031746031746,0.03968253968253968,0.031746031746031744,0.03435705575736086,1.1556365846247343,1.232070638097094,0.03299421985578299,0.019870728691890216,0.09707620433853936,1.0351259327971534,1.2096407044386912,0.06724057546077145,0.07545252133023765,0.1050825400082609,0.06382217465972961,0.38965922352284743,1.067603182982715,0.45475797438763066,0.019215676335029304,0.08729492209967993,-0.03648405362087492,0.03648405362087492,0.2004409802799476,0.8095238095238095,0.5079365079365079,1358014360.3755164,21.029289441413976,0.1746031746031746,0.047619047619047616,0.015873015873015872,0.03491644412234906,0.08774194460459284,0.082552665512865,0.08523471737814836,0.035457764085807586,0.3333333333333333,-0.0100271743503495,-0.15244187192427772,0.06724057546077145,0.06777722095581817,0.035457764085807586,0.07101196917896946,0.41600142731156514,0.02004027716362386,0.0,-0.0,0.14890437163738368,1567242494.8354084,0.03913065333467247,0.03697209764699151,0.01483539693331748,-0.03231945687001059,0.06835463563123878,0.14860433399178752,0.2672908955661788,1.0,3.0,1.0,0.0,1.0,0.0,63.0,126.0,0.759952606635071,,,,,,,,0,0,0,0,0,0
latest_month_unlabeled_or_partially_labeled,2026-07-31,BKR,52.77999877929688,-0.07547992511948931,0.1918109704466895,0.9103590699851708,0.94770766377955,0.10325996080529287,0.1672434566771397,-0.05145852384828409,-0.08111318903036724,-0.13707211296229183,0.2479089145263349,-0.48780417842726553,0.16891840798959978,-0.2000628578400716,-0.18843674005264655,-0.14313683384226425,-0.23989526390093063,0.23989526390093063,0.021635407693574527,-0.1885306368105759,0.06891965703416589,-0.06451129708673675,1.530140187351621,-0.14989680795097726,0.5214732349013391,0.15647901169647982,-0.23989526390093063,-0.13257171287865133,-0.12418695784583711,-0.1885306368105759,-0.05145852384828409,0.14119574043581684,-0.008779765995048705,-0.23989526390093063,-0.08003993033561718,-0.3082498995321694,-0.23989526390093063,0.35950581319264757,-0.6821985912141438,0.9245213173181026,0.9781488271693498,0.017735491449204267,-0.23989526390093063,0.23989526390093063,0.1672434566771397,546867084.5671154,0.9463130328492498,0.1984126984126984,0.015873015873015872,0.023809523809523808,0.029398154464729126,-0.15752118204812782,-0.19881025255705775,-0.039171766916801576,-0.06328569698149078,-0.16708528036440795,0.8950971569577957,1.072649441039697,-0.13118348353156162,0.12538985940801614,-0.17376333912365505,-0.08209122077401032,0.3516501895349516,0.9451744884196825,-0.1085318558206314,0.01720573027916534,-0.13169269454063925,-0.23989526390093063,0.23989526390093063,0.0,0.6825396825396826,0.0,517507449.36213416,20.064534479835206,0.1746031746031746,0.015873015873015872,0.031746031746031744,0.028285998752691017,-0.14144428575969037,-0.1388349558639651,-0.14745288326660427,-0.04900903100365983,0.3333333333333333,-0.002438265588693126,-0.13118348353156162,0.16891840798959978,-0.016689574133649243,-0.04900903100365983,-0.11688183170726596,0.33237078799638226,0.01832070050422128,-0.2016336667370633,0.2016336667370633,0.0,502900790.7171522,-0.06506299865773713,0.03302116885482261,-0.04025896379632121,-0.03231945687001059,0.06835463563123878,0.14860433399178752,0.2672908955661788,2.0,7.0,2.0,1.0,1.0,0.0,63.0,126.0,0.604739336492891,,,,,,,,0,0,0,0,0,0
latest_month_unlabeled_or_partially_labeled,2026-07-31,BLDR,84.69000244140625,-0.6011223730215964,-0.33383147745541764,0.9069001319769826,0.9456364861805544,-0.27098214877956617,-0.17688790996409753,-0.2597027857359935,0.28836792065478534,0.07176531999566171,-0.308653887386537,0.37945937939327723,-0.08837413003062367,-0.408307119727781,0.3305082777427337,-0.4830984842519439,-0.43241070551111116,0.43241070551111116,-0.0906096650479794,-0.18793746574033177,0.15012384078327914,-0.2105666784130128,1.6230139567752195,-0.02189276084255143,-0.7125252865812541,-0.6921704980581433,0.31152840767309975,0.028665134918791857,-0.13965837218584445,-0.2597027857359935,0.028665134918791857,-0.039353885838757985,-0.020382842656936573,0.07080549200674024,-0.035781948826622445,0.0024508563755014645,0.07080549200674024,0.5375773143609247,0.12774133519958084,1.1743265001906833,1.031085217185988,0.02616754998240979,-0.34328475471225717,0.34328475471225717,0.2756439707786946,227112310.52338132,0.9134880466180296,0.373015873015873,0.07936507936507936,0.05555555555555555,0.04581769467283212,-0.10819997908168599,-0.15593939298879356,-0.052452923034764676,0.009458668393333758,0.07683976796291159,1.046092213341871,0.4183433573610163,0.17335432533934347,0.12419385325713878,0.1105428805275468,0.08289677223560243,0.5542880219320941,1.1389228364612054,-0.6287499455740846,0.026247165686701556,0.14280896194335901,-0.07260180985079157,0.07260180985079157,0.2756439707786946,0.8095238095238095,0.47619047619047616,207464380.90291098,19.150470229420936,0.3968253968253968,0.12698412698412698,0.06349206349206349,0.04718327541010974,0.0767274971881915,0.1498269515195234,-0.0847968676580436,-0.053531523645793166,0.16666666666666666,-0.042375640235911095,-0.2105666784130128,0.17335432533934347,-0.02121206677578258,-0.053531523645793166,0.05185371520407078,0.6312912861553714,0.02855541291513313,-0.06430228215069866,0.06430228215069866,0.15823303145820877,196046401.545788,-0.0005546407781241713,0.05270481287463604,-0.03451969179257275,-0.03231945687001059,0.06835463563123878,0.14860433399178752,0.2672908955661788,1.0,3.0,1.0,0.0,1.0,0.0,63.0,126.0,0.6507109004739337,,,,,,,,0,0,0,0,0,0
latest_month_unlabeled_or_partially_labeled,2026-07-31,BLK,995.72998046875,-0.34813671366153864,-0.08084581809535984,0.9830977458637145,1.0032060779328271,-0.06556387359883609,-0.05925621798169034,-0.10011650908723446,0.14132547265286033,0.04715119599069517,-0.042368445177901726,-0.017934563446391882,-0.049788246030212924,-0.24872084307902198,0.039813500462940854,-0.3362569930033991,-0.15863528233715007,0.15863528233715007,-0.01776578761198222,-0.05296531309653929,0.07195475301505957,-0.09044704757406696,1.2457411629878115,-0.02441014146792686,0.10748560460652601,0.040700890640657406,-0.050028542332081316,0.04120896356562587,-0.037290952872715964,-0.10011650908723446,0.04120896356562587,0.1080262820053377,0.00754772641092627,-0.06030300862429361,-0.017567578931992123,-0.1286576442555324,-0.06030300862429361,0.297738072873989,-0.22276853434472285,0.9574462329222846,0.9091818552785191,0.013754625937547327,-0.1343350203341096,0.1343350203341096,0.08499412379424065,823442675.676909,0.9160765109704777,0.10317460317460317,0.007936507936507936,0.007936507936507936,0.02550319291656797,-0.2917875474224504,-0.26662051940258924,0.031124639101825835,-0.03519027351882664,-0.038396538730207874,0.9919055758325629,0.7360689641842395,-0.07632337255792221,0.075311256127845,-0.04349961256962953,-0.049319055644291065,0.27069805348262427,1.053085504691446,-0.27012419503219876,0.013052598340457397,-0.04999943852491029,-0.09301282454705795,0.09301282454705795,0.04794931262620383,0.5238095238095238,0.047619047619047616,754336493.3182974,20.44134910535614,0.09523809523809523,0.0,0.0,0.022946332740653167,-0.022404610902378996,-0.062171826050817725,0.12465784249375601,0.03553598631069721,0.3333333333333333,-0.015093996129693218,-0.09044704757406696,0.1080262820053377,0.0678554431807078,0.03553598631069721,-0.011933948073567846,0.2850681962707414,0.014338672829004065,-0.05830451127255343,0.05830451127255343,0.04794931262620383,880205772.5513277,0.0033322369113142347,0.028500967790408078,0.0259863195367378,-0.03231945687001059,0.06835463563123878,0.14860433399178752,0.2672908955661788,1.0,3.0,1.0,0.0,1.0,0.0,63.0,126.0,0.5127962085308058,,,,,,,,0,0,0,0,0,0
latest_month_unlabeled_or_partially_labeled,2026-07-31,BMY,58.130001068115234,0.13931627890596143,0.40660717447214023,1.0252657878831883,1.0418191239926116,0.30441092078979404,0.11409369820100679,0.07887975263073055,-0.09961631296075835,-0.12662172512513736,0.11198438097042485,-0.14175514835368974,0.13296997396474408,-0.06972458136105697,-0.10865052001399544,0.29196050814374624,-0.047741972494406815,0.047741972494406815,0.0030142526063747788,-0.047741972494406815,0.06669053327088434,-0.027577269885088573,0.9512790892153545,0.01090127341810243,-0.597995988762103,-0.6099639566678059,-0.011248129116972927,-0.020736560330027798,0.003467073268765312,-0.047741972494406815,0.07887975263073055,0.00931141502392352,-0.018232770562705003,-0.029770767383264896,-0.05627991728771875,-0.09812540301450368,-0.029770767383264896,0.2701726789429146,-0.10177569079952438,1.2240205244190925,1.0826910367033258,0.01331954783613782,-0.047741972494406815,0.047741972494406815,0.11934282522130224,707231833.8610543,0.9178261656576966,0.07142857142857142,0.007936507936507936,0.0,0.022210026709402964,-0.11848796523976979,-0.10064677262781863,0.02718503040502085,-0.01641408269033129,0.03204054597748751,1.0646579477626816,0.5591084287286147,0.007695007407193533,0.06468620944505062,0.02809005592873004,-0.012200293218748048,0.292513537853619,1.130535381678322,-0.38656463767167815,0.014437037435588109,-0.019766243887649138,-0.029770767383264896,0.029770767383264896,0.08863314964924762,0.6825396825396826,0.14285714285714285,649115882.3037525,20.291121815437414,0.09523809523809523,0.015873015873015872,0.0,0.023402800771910686,0.03871323134653348,0.0281339224054844,0.06120198480898007,0.02023930690498621,0.6666666666666666,0.014393086021340004,-0.05627991728771875,0.13296997396474408,0.0525587637749968,0.02023930690498621,0.04366269301863035,0.3306969041634174,0.017871821265986004,0.0,-0.0,0.08863314964924762,743063561.1120859,0.04314766758730726,0.024806978227349247,0.017321915919086273,-0.03231945687001059,0.06835463563123878,0.14860433399178752,0.2672908955661788,1.0,3.0,1.0,0.0,1.0,0.0,63.0,126.0,0.43992890995260664,,,,,,,,0,0,0,0,0,0
latest_month_unlabeled_or_partially_labeled,2026-07-31,BNY,146.6199951171875,0.19730503075505368,0.4645959263212325,0.8743136707703704,0.8643401543835976,0.36990670939198234,0.2736156293506016,0.2275016722014962,0.01334800399740188,0.008451305728723657,0.12494474964499269,-0.03377856340440788,-0.0068378861329145835,0.07889733820970868,-0.13633548596091138,0.9827679871274495,-0.00454883698476205,0.00454883698476205,0.04014692252081331,0.23595297793021985,0.006752424665376261,-0.003946246159066136,1.1413261074417131,0.12937571497072797,-0.5677818061964404,-0.5283781218435758,0.01732345696920079,0.24084967619889808,0.23476810877687138,0.2275016722014962,0.24084967619889808,0.1371775370661188,0.06173241659543427,0.09116618624058481,0.03765719835131942,0.022811550609346032,0.09116618624058481,0.23149072332572104,0.46893484255835455,0.9818061604766725,0.8398228614258864,0.011739479250887492,-0.00454883698476205,0.00454883698476205,0.2838129461799672,489620474.29673934,1.088495823782825,0.03968253968253968,0.0,0.007936507936507936,0.022890964224295877,-0.33873733044223686,-0.32954616573871065,0.01364651095428604,0.05115354184953347,0.053634978987220805,1.1003396585628342,0.5254402543023714,0.037151317554864116,0.05321664052650768,0.051567114818153126,0.0546459405773454,0.19441120165695522,1.1690633889267088,-0.4012738368819152,0.010828136365074554,0.039176082651829036,-0.00454883698476205,0.00454883698476205,0.20528943715626147,0.1111111111111111,0.9841269841269841,532949841.51056683,20.093937873594296,0.0,0.0,0.0,0.021491864763532854,0.027290212924815815,0.029860730584150064,0.06115573608638753,0.013899415658338965,0.6666666666666666,0.035850222723110094,-0.0068378861329145835,0.1371775370661188,0.04621887252834955,0.013899415658338965,0.017756213395196507,0.22727901825439387,0.012363831265619437,-0.00454883698476205,0.00454883698476205,0.04915917794051872,588981700.580488,0.010503363157183587,0.023846880096843673,0.011716613031057754,-0.03231945687001059,0.06835463563123878,0.14860433399178752,0.2672908955661788,1.0,3.0,1.0,0.0,1.0,0.0,63.0,126.0,0.306872037914692,,,,,,,,0,0,0,0,0,0
latest_month_unlabeled_or_partially_labeled,2026-07-31,BR,143.9499969482422,-0.6737341266558234,-0.40644323108964464,0.9807408144016364,0.9958375560127889,-0.3360320931777011,-0.3470349599295338,-0.26070621041900444,0.1526648788743965,0.04470690384345566,-0.2145170551367045,0.15571354376277058,-0.05702406160915441,-0.40931054441079195,0.20190269904507052,-0.8246632422622591,-0.44954384157535876,0.44954384157535876,-0.07557936553565392,-0.21599930657554878,0.07848587650631099,-0.121034728232298,1.2763677935652458,-0.09399160415043872,-0.6207918225250917,-0.6430905949023262,0.10893787250077791,-0.10804133154460793,-0.1949156161797204,-0.26070621041900444,-0.10804133154460793,-0.05231407125471765,-0.046604346195480706,-0.058803511373933914,-0.0016885634520242832,-0.1271581470051727,-0.058803511373933914,0.3161365719464125,-0.1955510424941601,0.894428540655159,0.95119242919587,0.015454810352899122,-0.34759042797701456,0.34759042797701456,0.06283220875248818,246394098.77804953,0.9255098595879083,0.14285714285714285,0.0,0.015873015873015872,0.029827178037112895,-0.3040375203915171,-0.26846441001678256,0.043257021208624624,-0.04309295476300734,-0.0242174326637401,0.900533642656191,0.5343016176726387,-0.1030574668901506,0.06392343192238105,-0.05721155325977767,-0.04635716656970923,0.300706713827363,0.9403234437129628,-0.37113317637424514,0.015133336170379593,-0.07962529000264973,-0.11045027557549036,0.11045027557549036,0.06283220875248818,0.8253968253968254,0.047619047619047616,228040167.76336184,19.24503235018773,0.1111111111111111,0.0,0.0,0.02966185881405774,-0.006553285204504045,-0.08547843002248756,0.18076553239364032,0.05111354622844955,0.16666666666666666,-0.04733422420164923,-0.121034728232298,0.05111354622844955,0.08343300309846013,0.05111354622844955,0.012804806767036991,0.2827615726937544,0.015746038876391356,-0.059536492666575236,0.059536492666575236,0.06283220875248818,241946988.6612665,0.0418249693385262,0.03216395770217851,0.03531358414610031,-0.03231945687001059,0.06835463563123878,0.14860433399178752,0.2672908955661788,1.0,3.0,1.0,0.0,1.0,0.0,63.0,126.0,0.34146919431279626,,,,,,,,0,0,0,0,0,0
latest_month_unlabeled_or_partially_labeled,2026-07-31,BRK-B,507.7799987792969,-0.1912122452207381,0.0760786503454407,0.9875058317350058,0.9973144766091887,0.06332451667561245,0.010205918522042223,0.05670821815333871,0.002932820753642762,-0.051103729582487434,-0.01442156097098135,0.08659215268400267,0.0508189155510983,-0.09189611583844881,0.015462373559682607,0.36974785574420915,-0.011735853346468317,0.011735853346468317,0.0004790046160321193,0.005604488570851274,0.030386788211990343,-0.05099514680166484,1.2016328309280493,0.047447655460721494,-0.14146752001252616,-0.07950672292698258,0.06788165577548277,0.05964103890698147,0.04065124854372382,0.005604488570851274,0.05964103890698147,-0.011686156011816329,0.01271900314700214,0.07217059171302131,0.0018581183941541735,0.0038159560817825344,0.07217059171302131,0.15336997165054378,0.5512003441624568,0.97472099391669,0.8537101573578756,0.007010288940282279,-0.000610123326237666,0.000610123326237666,0.0910614641998444,2426492594.6428814,1.0148879999039717,0.007936507936507936,0.0,0.0,0.013855436228395527,-0.25784620590474583,-0.2468857458626439,0.0,0.022829258141852993,0.05188059340670481,1.0075983204610774,0.7651138993220694,0.05460715533252669,0.03983877994162886,0.07018206672973681,0.02732208989677698,0.13093350263175865,1.1417469799508155,-0.27692273878665663,0.0067166481027164555,0.03577667097077608,0.0,-0.0,0.0910614641998444,0.0,0.7777777777777778,2462618216.1589127,21.624490936826305,0.0,0.0,0.0,0.013464416183580392,0.042097350477229734,0.05432628142724072,0.09879027938180221,0.014768448439266724,0.6666666666666666,0.009895222483927454,-0.05099514680166484,0.05460715533252669,0.04708790530927731,0.014768448439266724,0.03226724352509325,0.1494929312041926,0.007893701923147079,0.0,-0.0,0.06817847991041104,2798617454.8198886,0.024545260746001718,0.013941641783477822,0.014517071037349227,-0.03231945687001059,0.06835463563123878,0.14860433399178752,0.2672908955661788,1.0,3.0,1.0,0.0,1.0,0.0,63.0,126.0,0.35497630331753555,,,,,,,,0,0,0,0,0,0
latest_month_unlabeled_or_partially_labeled,2026-07-31,BRO,70.0,-0.4943278213045069,-0.22703692573832812,1.0110600665492704,1.0385406400682897,-0.11570294610832921,-0.11710724987949894,-0.02404228117607554,0.10064413454248633,0.0015583379393064867,-0.16382471854512615,0.3309935412420145,-0.001594181423951735,-0.17264661516786306,0.19121110387296392,-0.07193921275651201,-0.35027004925108585,0.35027004925108585,-0.04823089966711369,-0.022483943236769055,0.05766232930233553,-0.09203569201868811,0.9056907998735377,0.09723989407731137,-0.5920016434979114,-0.5237970385791919,0.1874915373784818,0.07660185336641079,0.01002520965118873,-0.02404228117607554,0.07660185336641079,-0.07759543227106724,-0.03675100642033813,0.16716882269688838,-0.0620964817614289,0.0988141870656496,0.16716882269688838,0.3342027283152221,0.4729478024649493,1.136922490337462,1.0576259082945367,0.015947589803790567,-0.12739891733265418,0.12739891733265418,0.2872379298470311,218768291.0511562,0.8665788229298709,0.1349206349206349,0.015873015873015872,0.015873015873015872,0.029070998786600778,-0.04740586777520184,0.03946356460857903,0.06688815156767314,0.011127338572442858,0.17483068314774708,1.0295957342192412,0.6524726904368617,0.14044447157118056,0.09632277112558349,0.24444444444444446,0.07486160429557964,0.353461464088899,1.0749760207470658,-0.16808042726987116,0.017766001638624525,0.10088761763418974,0.0,-0.0,0.2872379298470311,0.0,0.5396825396825397,189579968.15349033,19.06032149427943,0.15873015873015872,0.031746031746031744,0.0,0.029566345006913138,0.1725816810660914,0.16305076735339386,0.24000386360371764,0.09119249158179876,0.3333333333333333,-0.00028080405369277733,-0.09203569201868811,0.14044447157118056,0.12351194845180935,0.09119249158179876,0.1460848821239349,0.3799625981537165,0.020088816730752274,0.0,-0.0,0.2694958428516281,190745969.13891748,0.1110052919342881,0.029102029605787606,0.061603316473642034,-0.03231945687001059,0.06835463563123878,0.14860433399178752,0.2672908955661788,1.0,3.0,1.0,0.0,1.0,0.0,63.0,126.0,0.40260663507109007,,,,,,,,0,0,0,0,0,0
latest_month_unlabeled_or_partially_labeled,2026-07-31,BSX,45.13999938964844,-0.8370583357355672,-0.5697674401693884,0.9027473286218958,0.9550902426244607,-0.5518268581953725,-0.5265862599683222,-0.5173741047921375,0.23673664486621626,0.10475211762123526,-0.3840478845050119,0.167592389129397,-0.17833850660616013,-0.665978438783925,0.3009186094165226,-1.1333460130529163,-0.5825781427369843,0.5825781427369843,-0.13433107376100295,-0.41262198717090226,0.11862908623150228,-0.1834742843732028,1.8900087044236553,-0.25313250353966454,0.21352962311256873,-0.049145532611245546,0.07121484617337426,-0.28063745992592126,-0.40354451729632035,-0.5173741047921375,-0.28063745992592126,-0.08191234087089139,-0.12863342731479865,-0.21645549537561493,-0.16143029228486927,-0.2848101310068537,-0.21645549537561493,0.4565014557191381,-0.47713592862421383,0.7012154208036583,0.9937664460623025,0.01828396679223731,-0.5424227198029303,0.5424227198029303,0.05763821618750864,1160487644.476285,0.9336711006530127,0.11904761904761904,0.015873015873015872,0.03968253968253968,0.028699244125756272,-0.38713602114142276,-0.35181163463443543,0.037448606988055855,-0.14004936718530858,-0.125248057115523,0.7855312918632039,0.8797497274261852,-0.11653903763347595,0.09126357637178235,-0.06561792369136976,-0.14530821357334223,0.4536558292722754,0.705613903127996,-0.2586655510928433,0.019481059915055013,-0.16450461471474798,-0.31283303833163767,0.31283303833163767,0.05763821618750864,0.7619047619047619,0.031746031746031744,1083513776.312395,20.80347509442274,0.14285714285714285,0.031746031746031744,0.047619047619047616,0.030308603968603725,-0.05896251722528467,-0.1024472393411604,0.18005985932579452,0.05763821618750864,0.16666666666666666,-0.11067604093018181,-0.1834742843732028,0.05763821618750864,0.08995767305751923,0.05763821618750864,-0.01717869593100141,0.320105860369578,0.01483751715594991,-0.07802287104281636,0.07802287104281636,0.05763821618750864,1005370165.3853098,0.020182142633726308,0.03334070566226253,0.03252663338071793,-0.03231945687001059,0.06835463563123878,0.14860433399178752,0.2672908955661788,1.0,3.0,1.0,0.0,1.0,0.0,63.0,126.0,0.6904028436018959,,,,,,,,0,0,0,0,0,0
latest_month_unlabeled_or_partially_labeled,2026-07-31,BX,122.77999877929688,-0.5316319753802955,-0.2643410798141167,1.0846201011354952,1.1108298275223036,-0.13754456300043438,-0.18672700501638162,-0.11980137606820962,0.19744001046008675,0.21283890613383594,-0.10799366813473821,0.09475642136679152,-0.19472241371351362,-0.26840571005999714,0.10656412930026293,-0.2879530809444641,-0.3297092500341746,0.3297092500341746,-0.04472510620300019,0.09303753006562632,0.1186873228857362,0.014289479963233598,1.1349301701352057,0.03980005811423859,-0.6055759884408249,-0.6107970764130372,0.059815334131094855,0.07763863439187713,0.016958262796431273,-0.11980137606820962,0.09303753006562632,0.09209496493677749,0.010245307871839637,-0.013237246767946687,-0.05993124615049261,-0.08159188239918547,-0.013237246767946687,0.41604477950112656,-0.03276529883699983,1.1768051706129563,0.9710541638432714,0.020155823638030645,-0.2332850585724131,0.2332850585724131,0.21345144658267912,841868099.3868631,0.8113151612867343,0.21428571428571427,0.023809523809523808,0.06349206349206349,0.03599015083123856,-0.5109925901799528,-0.4897566914671886,0.03961401973077183,-0.015156655140303621,0.025181952625308313,0.9611336283617097,0.455871561954404,0.005984414302274255,0.10048591526752569,0.04967083438454645,0.0036410401991411323,0.40400201547982467,1.2118841712756336,-0.4417873298494206,0.019310417122398917,0.01310240259662887,-0.04817833400364335,0.04817833400364335,0.1133478431117525,0.8571428571428571,0.31746031746031744,683020352.8362093,20.342035217729702,0.1746031746031746,0.047619047619047616,0.031746031746031744,0.033512792153746855,0.035279419914870935,0.012556593902028235,0.08869733281390278,0.04342653768902793,0.6666666666666666,-0.01647637716211549,-0.19472241371351362,0.09209496493677749,0.07574599455903852,0.04342653768902793,0.026326884502390513,0.48960364772345305,0.02438550344494949,-0.039806083193512865,0.039806083193512865,0.1133478431117525,682760118.7902905,0.03649424526138745,0.03651131271285847,0.040014899989892605,-0.03231945687001059,0.06835463563123878,0.14860433399178752,0.2672908955661788,1.0,3.0,1.0,0.0,1.0,0.0,63.0,126.0,0.7074644549763034,,,,,,,,0,0,0,0,0,0
latest_month_unlabeled_or_partially_labeled,2026-07-31,BXP,69.31999969482422,-0.16064653089661518,0.10664436466956362,1.178279305381704,1.1777269780936783,0.007658993145167825,0.05231685123700558,0.09804146446279538,0.2516908964080118,0.13520513175818838,-0.08364762651045632,0.28192188893350767,-0.10963349274386414,-0.05056286952899214,0.10023279796025597,0.3257287168194109,-0.08263346344799716,0.08263346344799716,0.003102843995320681,0.23324659622098376,0.1259614149614024,-0.08630286123885356,0.4472634421750461,0.19732371176571895,-0.34327649015363493,-0.21306512062296945,0.10347186201134762,0.34973236087080717,0.2270068071848621,0.09804146446279538,0.34973236087080717,0.12639685520866473,0.08786607900316934,0.19827426242305135,0.02651382519505119,0.12991962679181257,0.19827426242305135,0.3009911604359744,0.7855275619630575,0.982723182274623,0.8385928859461634,0.014803262394326857,0.0,-0.0,0.3807182464554544,125263794.81525119,0.7809176672906704,0.09523809523809523,0.0,0.015873015873015872,0.028394914826717476,0.2425332134651883,0.29893538153287236,0.005795779503002252,0.07919119686327947,0.13371303750471752,0.9785825383155239,0.26681967846072996,0.11663667602059635,0.09944962733563806,0.16732403696108378,0.10044130546923169,0.2524090458742885,1.171871594362312,-0.1223865854518944,0.013020392598837081,0.10388347998331948,0.0,-0.0,0.3549538019755736,0.0,0.9523809523809523,97820710.44310312,18.398646886031077,0.07936507936507936,0.0,0.0,0.025134914649198682,0.09707694853272364,0.1269643295748677,0.15346270516025917,0.04539288564398958,0.6666666666666666,0.019833981347597358,-0.10963349274386414,0.12639685520866473,0.07771234251400017,0.04539288564398958,0.06781555782960558,0.29579099102017237,0.015053760442268381,0.0,-0.0,0.15026455964223207,102951697.21200125,0.0553599134591749,0.02462369796591703,0.030147845237488813,-0.03231945687001059,0.06835463563123878,0.14860433399178752,0.2672908955661788,1.0,3.0,1.0,0.0,1.0,0.0,63.0,126.0,0.20793838862559244,,,,,,,,0,0,0,0,0,0
latest_month_unlabeled_or_partially_labeled,2026-07-31,C,139.97000122070312,0.2603857165730481,0.5276766121392269,1.05454228376317,1.0616026179367326,0.4048011406164276,0.21145888491873954,0.22171936601360764,0.01831329120569869,0.05454985630602227,0.11180613162857811,-0.012946059482701333,-0.042741653055675455,0.07311503202182013,-0.12285929386773087,0.6819590501501637,-0.039129518911858785,0.039129518911858785,0.042970035463374856,0.2762692223196299,0.027761340349673286,0.029222266759959314,1.1499161839559529,0.13469266707080885,-0.2166610321825243,-0.139220085309412,-0.0010235624990543313,0.24003265721930633,0.24600708185084796,0.22171936601360764,0.2762692223196299,0.12847184882943719,0.06652572623152175,0.09886007214587678,-0.01159903155426767,0.030505436514637996,0.09886007214587678,0.3251212312011788,0.38496356918393165,0.79044541616846,0.7898706196475762,0.015252629509054923,-0.039129518911858785,0.039129518911858785,0.33300578827627025,1651878061.1821916,0.960887896004004,0.1349206349206349,0.023809523809523808,0.015873015873015872,0.027005108844028524,-0.5704927074950494,-0.570462036493584,6.861060590079848e-05,0.07257242710679646,0.06123338867455552,0.9281116693826953,0.5256093546414967,0.1116759731341086,0.06939809504157807,0.11175535761953204,0.11365218769993901,0.256803708349458,1.0007277097116742,-0.4177004928040797,0.012679554771059639,0.13375402284458815,-0.039129518911858785,0.039129518911858785,0.2202352562137484,0.12698412698412698,0.9841269841269841,1587269634.6645296,21.185281166809023,0.06349206349206349,0.015873015873015872,0.0,0.02400241572053835,0.03179342940055396,0.106848789288019,0.0002778690642322634,7.140973389896388e-05,0.6666666666666666,0.03585013564124349,-0.042741653055675455,0.12847184882943719,0.03239086660390955,7.140973389896388e-05,-0.0007388949563096325,0.25699058690201787,0.012751866638904116,-0.039129518911858785,0.039129518911858785,0.0772724475554698,1945287485.4870024,-0.01884225882146262,0.024352157505449414,-0.006332448258155821,-0.03231945687001059,0.06835463563123878,0.14860433399178752,0.2672908955661788,1.0,3.0,1.0,0.0,1.0,0.0,63.0,126.0,0.6645734597156397,,,,,,,,0,0,0,0,0,0
latest_month_unlabeled_or_partially_labeled,2026-07-31,CAH,238.94000244140625,0.2880819651988369,0.5553728607650157,1.006149344073835,1.0585123076280771,0.2614089232725576,0.17099266393380708,0.11709142521365834,0.018872841815607666,-0.06993086494377354,-0.10020682978443074,0.3417048342047462,0.06678141595186737,-0.03151290877812918,0.1244065792066571,0.39888121370895757,0.0,-0.0,0.012259956375796355,0.0471605602698848,0.0467842715097489,-0.078174736069487,0.9350027858390503,0.12923205414712569,-0.5510765708247105,-0.4426624585413532,0.15891964305957318,0.135964267029266,0.10007208417093638,0.0471605602698848,0.135964267029266,-0.08500516071334785,0.025424845675135144,0.24149800442031544,0.020323508991862305,0.17314336878907666,0.24149800442031544,0.2935496112361254,0.9124884014433965,0.753779549722311,0.9015808612567355,0.013109224761631495,0.0,-0.0,0.3121103209636795,416987929.60190547,1.0870455999096957,0.07142857142857142,0.007936507936507936,0.007936507936507936,0.023939769107458937,0.22336213102951774,0.2331472703956059,0.0015131320541619253,0.09983073122467534,0.1534946848441543,1.0340921780302983,0.8137683328344807,0.20711381276773633,0.10765516962529743,0.21676898893272223,0.1572140987079811,0.2646587113198458,0.8360642756675195,-0.10544864295741685,0.01252239239327315,0.17245251943474704,0.0,-0.0,0.3121103209636795,0.0,0.5714285714285714,453284894.0892053,19.932031393249563,0.07936507936507936,0.0,0.0,0.02386137616733927,0.10858648273534932,0.2056497829509365,0.036148153881917396,0.007998563236425893,0.6666666666666666,0.023172900694176175,-0.08500516071334785,0.20711381276773633,0.04031802010643648,0.007998563236425893,0.06500385972093814,0.22127169377872602,0.013699902731172825,0.0,-0.0,0.2226711139060349,538692436.7268881,0.027471183273380717,0.022724324731094498,0.006644591313470727,-0.03231945687001059,0.06835463563123878,0.14860433399178752,0.2672908955661788,1.0,3.0,1.0,0.0,1.0,0.0,63.0,126.0,0.41054502369668244,,,,,,,,0,0,0,0,0,0
latest_month_unlabeled_or_partially_labeled,2026-07-31,CARR,70.06999969482422,-0.23416981355016397,0.033121082016014824,0.9898341682126054,1.011270983327063,0.18711071461254614,0.3365105275025644,0.1802547640554526,0.06853899658178708,-0.08833586852268027,0.12739166590525053,-0.08050192940204948,0.08089966103167323,0.03165043006366508,-0.13336502755225155,0.44637662468274336,-0.12185354554326722,0.12185354554326722,0.04513205121914199,0.09191889553277233,0.07864534635696223,-0.12562111539091658,1.017454950429686,0.1017475954147884,-0.6097466677652637,-0.5914477918472807,-0.07802631980494446,0.24879376063723968,0.17365580674182154,0.09191889553277233,0.24879376063723968,0.19286083060517356,0.08342246026338396,0.04688973650320105,-0.045742162930256014,-0.02146489912803773,0.04688973650320105,0.40381765999410574,0.10263688788613126,1.0412607429905674,1.1313292332218574,0.018598326145384498,-0.07802631980494446,0.07802631980494446,0.3433748152518912,433685683.66265374,0.9858354757499769,0.20634920634920634,0.03968253968253968,0.015873015873015872,0.03157537017008594,0.09859582136421219,0.04946980871287465,-0.043157878674958794,0.07189504457281926,0.04458839707334028,1.0242207701065618,0.7084929867559575,0.14842648662553493,0.12535000345942832,0.0970721914298378,0.09449078671600053,0.4568507236425764,0.920387021225653,-0.1662310931766171,0.02086978260785007,0.13775508504411915,-0.07802631980494446,0.07802631980494446,0.26839073447343553,0.07936507936507936,0.9523809523809523,427542732.27952623,19.873564802233112,0.2222222222222222,0.07936507936507936,0.015873015873015872,0.032922546662930256,0.01759158872101696,0.11982575416984176,-0.1063478636082812,-0.044717094035852,0.5,0.03435110098422619,-0.12562111539091658,0.19286083060517356,-0.012397637165841413,-0.044717094035852,-0.01355707534811501,0.42047947667817487,0.020487708732730002,-0.07802631980494446,0.07802631980494446,0.04332930128109291,423634291.54913765,-0.0361495386119961,0.03364290174578261,-0.033543891801541825,-0.03231945687001059,0.06835463563123878,0.14860433399178752,0.2672908955661788,1.0,3.0,1.0,0.0,1.0,0.0,63.0,126.0,0.6531990521327014,,,,,,,,0,0,0,0,0,0
latest_month_unlabeled_or_partially_labeled,2026-07-31,CASY,797.4199829101562,0.27169761419953087,0.5389885097657097,1.3030846142610748,1.2926033759170834,0.5563786796524033,0.44509403670105296,0.31570189225445655,-0.21937396045288593,-0.1517799966933393,0.3555647040329377,-0.38497149786571117,0.13040393627114266,0.16709755826266903,-0.34510868608723,0.8118202117815632,-0.1297202193503314,0.1297202193503314,0.05691485763710169,0.16392189556111725,0.11234696692074167,0.06165487697505889,1.2384028512557776,0.050600242380783866,0.25704567541302237,0.2200799923977721,-0.1297202193503314,0.09632793180157062,0.19198390653904815,0.09632793180157062,0.31570189225445655,0.12954420537400813,0.04434411543426142,-0.029406793832773448,-0.06626256884173098,-0.09776142946401223,-0.029406793832773448,0.38888153765183986,-0.05961158576386397,1.9707754736177996,1.268526886585221,0.014908989375422652,-0.1297202193503314,0.1297202193503314,0.44509403670105296,405877042.30588883,1.3112068863595563,0.0873015873015873,0.015873015873015872,0.0,0.028520538448857446,-0.1978294573643411,-0.19517502977679602,0.0028703068916942076,-0.01538121292812733,-0.02869273750512691,1.329779261356056,0.5556669291902341,0.036042916352861054,0.0759144834406718,0.03947124082113662,-0.01602564545623164,0.49330668620796186,1.5535937743684558,-0.30200557604101086,0.016988029413931172,0.00388435167745782,-0.1297202193503314,0.1297202193503314,0.08567785764388258,0.2222222222222222,0.8888888888888888,532188772.8867304,20.092508822498708,0.07936507936507936,0.031746031746031744,0.0,0.03137745895659875,-0.015420272809471336,0.026897814164587697,0.004317672509243903,0.0033090564243651865,0.8333333333333334,0.04911540375928416,-0.06626256884173098,0.13040393627114266,0.035628513294375774,0.0033090564243651865,-0.02629334891133317,0.7663981965470229,0.023105418030309056,-0.1297202193503314,0.1297202193503314,0.060920902212362904,581110260.3219168,-0.006606282801939978,0.03935459033657424,0.013147445060123664,-0.03231945687001059,0.06835463563123878,0.14860433399178752,0.2672908955661788,1.0,3.0,1.0,0.0,1.0,0.0,63.0,126.0,0.5613744075829383,,,,,,,,0,0,0,0,0,0
latest_month_unlabeled_or_partially_labeled,2026-07-31,CAT,963.530029296875,0.9481401563438079,1.2154310519099867,0.8280028635734621,0.8322002242477223,0.6762344495611035,0.689079625944234,0.46854750927954325,-0.10592385853709274,-0.16897108136710348,0.35664562829119006,-0.2741613902154716,0.13002011866168428,0.31994317528775573,-0.3860632712038248,1.0722098816057446,-0.09519203004334997,0.09519203004334997,0.08594610644493628,0.29957642791243977,0.0853873941245929,-0.046268992025537026,1.263713649816627,0.16843370714584394,-0.314166010032095,-0.25759551592316243,-0.09519203004334997,0.3626236507424505,0.3769158626448112,0.29957642791243977,0.46854750927954325,0.2587930639661995,0.11056400946441025,0.08248423807571847,-0.01599801200831452,0.014129602444479694,0.08248423807571847,0.4369923438663382,0.1710091584707508,1.3661653468695776,1.1037679238795441,0.021420934552824334,-0.09519203004334997,0.09519203004334997,0.689079625944234,2315505965.0554357,1.1485503196303168,0.2857142857142857,0.05555555555555555,0.023809523809523808,0.03142183045268458,0.08550570342205321,-0.017825788110326535,-0.09519203004334997,0.07273636537319494,0.0552172225958143,1.467507790952778,0.9034849718763318,0.21581973392247966,0.14736899526803213,0.10008338528363336,0.0780436073805002,0.48233813214060395,1.237728799064711,-0.11166244865784336,0.023121269095246234,0.14243968235253712,-0.09519203004334997,0.09519203004334997,0.3459809322559557,0.031746031746031744,0.9841269841269841,2659475116.2703257,21.701394615934547,0.3333333333333333,0.06349206349206349,0.047619047619047616,0.030542907378492336,0.02609297109982478,0.135290783616399,-0.15944962245754313,-0.09519203004334997,0.5,0.07452898041219365,-0.09519203004334997,0.2587930639661995,-0.06287257317333939,-0.09519203004334997,7.94318881347511e-05,0.5970037970375056,0.031435635330754504,-0.09519203004334997,0.09519203004334997,0.12540887161308367,3778504523.0163574,-0.04547117634499531,0.04629701488069375,-0.04610430557260703,-0.03231945687001059,0.06835463563123878,0.14860433399178752,0.2672908955661788,1.0,3.0,1.0,0.0,1.0,0.0,63.0,126.0,0.850829383886256,,,,,,,,0,0,0,0,0,0
latest_month_unlabeled_or_partially_labeled,2026-07-31,CB,361.1700134277344,0.09854277485490481,0.3658336704210836,0.9917937122179068,1.0106782048472303,0.3120762641163992,0.1641881588990144,0.173815761963384,-0.06223689665527199,-0.1077873769810036,0.05945638853171897,0.048485169676404594,0.1011111697394298,0.02521142797159648,-0.06587420375526043,0.8756773930457944,0.0,-0.0,0.015997203399368498,0.0660283849823804,0.054108527053858546,-0.040978181348478526,1.2608900857880563,0.10511490858949157,-0.4136191183948058,-0.35032425233088793,0.04316340414935227,0.11157886530811201,0.11714100408462547,0.0660283849823804,0.173815761963384,0.0032829413005062147,0.005908938433883071,0.10794155820812357,-0.04669724451141599,0.03958692257688479,0.10794155820812357,0.19849291913179964,0.5284940722741268,1.2443775465280866,1.0289719687377326,0.00946870909745123,0.0,-0.0,0.21130211800463616,548309285.826232,0.9758120243021466,0.031746031746031744,0.007936507936507936,0.0,0.018705301295072498,0.11630677587490701,0.1832380841323895,0.007428175149505334,0.015410021634355786,0.10826999881557975,1.1964716648545732,0.668643935508329,0.09647169688845048,0.06633114122225997,0.1622137372720427,0.035286069182650204,0.2042436497795474,1.2093405693593364,-0.3397921437378897,0.009977973029444821,0.05692077683058261,0.0,-0.0,0.16952964523823688,0.0,0.3492063492063492,535046794.1457597,20.097864768597383,0.047619047619047616,0.0,0.0,0.018897853827001026,0.10307332236626698,0.11025124525099961,0.2427440358387305,0.05995780882457247,0.6666666666666666,0.028858031815510738,-0.04669724451141599,0.1011111697394298,0.09227726569458305,0.05995780882457247,0.08831610604969953,0.24700013171242674,0.013136693750187587,0.0,-0.0,0.15842334947352832,579715787.8727504,0.06695620884205322,0.021258294818752323,0.03881799646152184,-0.03231945687001059,0.06835463563123878,0.14860433399178752,0.2672908955661788,1.0,3.0,1.0,0.0,1.0,0.0,63.0,126.0,0.3324644549763033,,,,,,,,0,0,0,0,0,0
latest_month_unlabeled_or_partially_labeled,2026-07-31,CBOE,248.9900054931641,-0.22958757268270835,0.03770332288347045,0.6842428042831333,0.7191535237723016,0.018270678085226866,-0.0034740797630684606,-0.05633439625629044,-0.05594410326682153,-0.11118234721964881,0.13495443541904462,-0.3034976171589424,0.13355505512973087,-0.20493873024807796,-0.11220878548360735,-0.14596285507276766,-0.31957490572220093,0.31957490572220093,-0.0008451480567788217,-0.16751674347593926,0.055591547047177656,-0.06222474494889796,1.766654742175465,-0.1627726940590445,0.5373889576071067,0.2782725311202203,-0.28954710971249,-0.11227849952311197,-0.11204321308511389,-0.16751674347593926,-0.05633439625629044,0.06766999918832184,-0.032531416974052485,-0.1685431817398978,0.11386291879305999,-0.23689781737113658,-0.1685431817398978,0.3859502215697668,-0.3439235167094098,1.3630494107252484,1.2697494130018252,0.01713165974440153,-0.31957490572220093,0.31957490572220093,0.07550434711712617,323996498.1772771,1.2281200169858997,0.14285714285714285,0.007936507936507936,0.023809523809523808,0.030838102070485627,-0.3516691957511381,-0.3347843090231263,0.017270940537956636,-0.1364231428038023,-0.18542174271057177,1.322150415155875,0.914484465402495,-0.27248471056150103,0.1511106738729653,-0.2535375725039508,-0.23159297387263766,0.49006006728613577,1.0734790634813935,-0.3220047606453319,0.02201443517621589,-0.27016373599922927,-0.31957490572220093,0.31957490572220093,0.07550434711712617,0.5396825396825397,0.047619047619047616,397906584.8448496,19.80172782676772,0.23809523809523808,0.015873015873015872,0.047619047619047616,0.03690470094487691,-0.13356636329960359,-0.24210747823332146,0.04950608700803193,0.026043628680537667,0.6666666666666666,0.0010703577135418956,-0.27248471056150103,0.13355505512973087,0.058363085550548255,0.026043628680537667,-0.06284813376753784,0.5260692220799498,0.025039495069782647,-0.1730104404219469,0.1730104404219469,0.07550434711712617,510626877.570234,0.007987321276128778,0.052225266797241474,0.026255066525477266,-0.03231945687001059,0.06835463563123878,0.14860433399178752,0.2672908955661788,1.0,3.0,1.0,0.0,1.0,0.0,63.0,126.0,0.5260663507109005,,,,,,,,0,0,0,0,0,0
latest_month_unlabeled_or_partially_labeled,2026-07-31,CBRE,141.5800018310547,-0.35821168125172254,-0.09092078568554374,0.8341762566059664,0.8560303235548148,-0.07118015722669824,-0.11947255586293304,-0.16878999407583095,0.2139693445398746,0.12761430885122826,-0.1620384301462714,0.15398130178567349,-0.133094568926448,-0.31739432806761847,0.16073286571523304,-0.4596539938498181,-0.17498979472345189,0.17498979472345189,-0.04950176760840441,-0.04117568522460269,0.10764562571635042,-0.08262221756515364,1.5055957125807833,0.018433672556156244,-0.3652556906766449,-0.3703699070530222,0.08744911044616288,0.045179350464043644,-0.054928776278796665,-0.16878999407583095,0.045179350464043644,0.053668896008755684,-0.020926579396259304,-0.00805712836059791,-0.12394027423486087,-0.07641176399183669,-0.00805712836059791,0.3672109811602755,-0.027020096751801587,0.8119576570957308,0.8120405615011618,0.015820368026484437,-0.17498979472345189,0.17498979472345189,0.1359114451569321,320247750.28119165,0.9600413959350661,0.11904761904761904,0.007936507936507936,0.023809523809523808,0.03095472664122353,-0.21785697132702564,-0.17784683774254584,0.04488014068459989,-0.045045753309727044,0.039829039252106346,0.7456093252209429,0.5137872286723877,0.07717531554080925,0.09717227627911648,0.13227767749858854,-0.003305223809753066,0.29819021133078266,0.9998979060783887,-0.5128772696000719,0.014607464844251393,0.051383024788305365,-0.07777489648981273,0.07777489648981273,0.1359114451569321,0.7777777777777778,0.3492063492063492,307451097.2250197,19.543826602401673,0.1111111111111111,0.0,0.015873015873015872,0.029324436759754095,0.07151778400182063,0.08507988389209453,0.17156740438286755,0.05115449747389955,0.5,-0.02627639195049967,-0.133094568926448,0.07717531554080925,0.08347395434391014,0.05115449747389955,0.056259753427446046,0.2981597679227218,0.015701687375033392,0.0,-0.0,0.12338334684100816,282646542.0219785,0.04773957430136688,0.026047870065930144,0.028834711605204344,-0.03231945687001059,0.06835463563123878,0.14860433399178752,0.2672908955661788,1.0,3.0,1.0,0.0,1.0,0.0,63.0,126.0,0.45248815165876777,,,,,,,,0,0,0,0,0,0
latest_month_unlabeled_or_partially_labeled,2026-07-31,CCI,76.5999984741211,-0.5033277069086194,-0.2360368113424406,0.9921905650864103,1.014158130488584,-0.12003751542107821,-0.11711013054397268,-0.09615910730349986,0.049225582549020874,-0.027557433605420845,0.03547588883496511,-0.16260100836485603,0.03144808146213851,-0.24476344129528738,-0.03096601222639106,-0.2775844682021656,-0.2951901490613641,0.2951901490613641,0.003859525310042855,-0.1237165409089207,0.0388977327830747,-0.08056417694753293,1.353068208535428,-0.10757143905023314,0.3121142598636377,0.14531157774159853,-0.15842326635086845,-0.046933524754478984,-0.08893639098896651,-0.1237165409089207,-0.046933524754478984,0.09187066390571652,0.013385145610636418,-0.12712511952989092,0.03063747043757048,-0.1954797551611297,-0.12712511952989092,0.3464138607116407,-0.36889714552901237,1.2377455212830426,0.9947886438126221,0.01672176290177537,-0.17987262195395393,0.17987262195395393,0.011488116712302432,308848533.4119161,1.0827796766037894,0.15873015873015872,0.007936507936507936,0.007936507936507936,0.028626559443147664,-0.33765047466805864,-0.3300413260167072,0.009314710555939576,-0.015797052034472014,-0.12117281666561619,1.223624729008484,0.8346328295216302,-0.16269191875395828,0.09214116064096275,-0.15307282579244985,-0.04620247070996142,0.34460857469522765,1.2442296451427763,-0.21602471281011681,0.01690553579771306,-0.11263993350293866,-0.17987262195395393,0.17987262195395393,0.011488116712302432,0.2857142857142857,0.031746031746031744,334414915.12730914,19.627893043823885,0.19047619047619047,0.015873015873015872,0.0,0.02939259112442728,-0.11817398361522802,-0.1314844520721059,0.026793053721505825,0.011488116712302432,0.6666666666666666,-0.012968627197293877,-0.16269191875395828,0.09187066390571652,0.04380757358231302,0.011488116712302432,-0.1023298377736368,0.428772204606201,0.022165853367739102,-0.17987262195395393,0.17987262195395393,0.011488116712302432,422726429.0405637,-0.04402957940458829,0.04122479081414394,-0.01822564976191854,-0.03231945687001059,0.06835463563123878,0.14860433399178752,0.2672908955661788,1.0,3.0,1.0,0.0,1.0,0.0,63.0,126.0,0.47748815165876773,,,,,,,,0,0,0,0,0,0
latest_month_unlabeled_or_partially_labeled,2026-07-31,CCL,27.90999984741211,-0.31966745691881593,-0.05237656135263713,1.2605694036505917,1.2939727314601857,-0.021479287159137384,-0.07626877905109353,-0.06026812219608946,0.14531249274646574,-0.04968597433622446,-0.11284005036691469,0.17209873105078466,0.055824058222889494,-0.20887245618787698,0.11952680287995943,-0.11050474808407972,-0.1700279877539963,0.1700279877539963,-0.010370295029168308,-0.10995409653231392,0.10133181366064214,-0.17971474012973265,0.9702324812649457,0.013952873548489286,-0.3157038416663991,-0.2751533541265092,0.1196958126306894,0.08504437055037628,-0.028392616059342363,-0.10995409653231392,0.08504437055037628,0.024343147086468786,0.033268134904166136,0.05925868068386997,0.0649515649151895,-0.009095954947368812,0.05925868068386997,0.5453894356669025,0.10685457671462911,0.9749247128781664,1.016838845078749,0.026036352141490676,-0.1700279877539963,0.1700279877539963,0.1739526198303294,715680628.5145396,1.0410005693563007,0.3333333333333333,0.07936507936507936,0.047619047619047616,0.03949849114257542,0.07594993520300264,0.05109425439647808,-0.021359218626537446,0.0744221772467919,0.024710298299989608,1.0603855670075435,0.7060757432306812,0.01817534706302637,0.09036446850496964,-0.005345674318787297,0.09819672012349723,0.5545731638816839,0.9587799655732696,-0.2221151142164921,0.026362115935694097,0.08394297488866442,-0.0967637478327058,0.0967637478327058,0.16827126665836323,0.1746031746031746,0.47619047619047616,745023941.7609109,20.42892691376153,0.31746031746031744,0.07936507936507936,0.047619047619047616,0.03945382038176103,-0.01008477412968578,0.02968447562012111,-0.0434466003321457,-0.023101149963668965,0.6666666666666666,-0.006586962134304579,-0.17971474012973265,0.0649515649151895,0.009218306906341622,-0.023101149963668965,-0.028592318690867424,0.5317136389743401,0.0269793069953615,-0.0967637478327058,0.0967637478327058,0.07387457072729875,742164560.2539426,-0.03894494466180076,0.050749854442265506,-0.025896977424919365,-0.03231945687001059,0.06835463563123878,0.14860433399178752,0.2672908955661788,1.0,3.0,1.0,0.0,1.0,0.0,63.0,126.0,0.833175355450237,,,,,,,,0,0,0,0,0,0
latest_month_unlabeled_or_partially_labeled,2026-07-31,CDNS,373.1400146484375,-0.24378373054424318,0.023507165021935617,1.0019970235328115,0.9982722836683532,0.10171546830051814,0.1937425000886004,0.25907691014963863,0.08378133725152925,-0.02105427509745539,0.11212718527741994,0.020006735030950296,0.01700637330961885,0.11047257615785111,-0.1269429898412684,0.5732962926049499,-0.10386896534134338,0.10386896534134338,0.05213032067348222,0.23802263505218324,0.055457341846564666,-0.07806900881152057,1.3620942478171034,0.13128370234052578,-0.0026951583405525614,0.1290826401304288,-0.08321759542820706,0.3428582474011679,0.27998593086766327,0.23802263505218324,0.3428582474011679,0.18613021243582262,0.12341050273902021,0.13213392030837023,0.1375648437199799,0.06377928467713145,0.13213392030837023,0.45190752755864194,0.2806599914833558,0.8982979563751289,1.0417997217268427,0.020894467764522247,-0.10386896534134338,0.10386896534134338,0.40457731500685745,812898753.9475456,1.0860739530711707,0.2222222222222222,0.031746031746031744,0.05555555555555555,0.03580951923910243,-0.28980738912879567,-0.2939324415104445,-0.005235458582314778,0.08221908127378996,0.015239789592859543,1.066977466594765,0.7933941254171746,0.0010402332596921582,0.09889895408282878,-0.004774166010484193,0.04980170661519878,0.4707971364568586,0.8622558997099257,-0.23948520956179198,0.021003299333019983,0.004288932768642395,-0.10386896534134338,0.10386896534134338,0.40457731500685745,0.3333333333333333,0.9047619047619048,882868163.1464398,20.598686442943794,0.20634920634920634,0.047619047619047616,0.047619047619047616,0.036344036257101225,-0.026350820013455567,-0.03952123063432522,-0.014308144949066137,-0.005808357223808014,0.6666666666666666,0.042977382781630824,-0.07806900881152057,0.18613021243582262,0.026511099646202574,-0.005808357223808014,-0.027152560217325705,0.40594760847646527,0.017430486707967055,-0.09361634938061214,0.09361634938061214,0.013334067065738697,1015320011.0286168,-0.010842165738235932,0.03705425945214406,-0.005585791246905281,-0.03231945687001059,0.06835463563123878,0.14860433399178752,0.2672908955661788,2.0,7.0,2.0,1.0,1.0,0.0,63.0,126.0,0.7612559241706162,,,,,,,,0,0,0,0,0,0
latest_month_unlabeled_or_partially_labeled,2026-07-31,CDW,133.3699951171875,-0.48768582605357513,-0.22039493048739633,1.0069486191665609,1.0281232786128889,-0.15016152746861477,-0.01000356105026523,0.06683689442563079,0.04174685428931868,0.02710313705638301,0.08869838623352155,-0.10877877955854809,-0.024775706415702814,-0.08176743956615673,-0.08691728775065732,0.13081301662535685,-0.25646725360185074,0.25646725360185074,0.00571682030352294,0.0939400314820138,0.021181038437514753,-0.01320939193805637,1.7020753815541476,0.07263277222303954,-0.054931640625,-0.07390898500028753,-0.017414255949622537,0.10858374871494947,0.08978689154086468,0.06683689442563079,0.10858374871494947,0.1313007119803984,0.024512062226315967,-0.020080393325026535,-0.07827160405244771,-0.08843502895626532,-0.020080393325026535,0.5109345854858537,-0.03188345111128031,0.8647376365170862,1.2326551372382029,0.01971494123991526,-0.05997274948530207,0.05997274948530207,0.3510654174663652,234294785.38801405,1.0753364429644559,0.18253968253968253,0.047619047619047616,0.031746031746031744,0.03615983496548664,-0.4596342655064911,-0.48756701021289106,-0.051341697555033594,0.0713096008772156,0.0694017986981541,1.1381335445564107,0.5715434083601286,0.12108411965664123,0.08977735454893869,0.06313270913998426,0.18272410784303372,0.6298061415918093,0.7015243845529694,-0.5701489222569063,0.024527748070262687,0.13171485217251977,-0.05812408141748593,0.05812408141748593,0.3510654174663652,0.7777777777777778,0.5555555555555556,251945721.12426758,19.344724233880523,0.2698412698412698,0.07936507936507936,0.015873015873015872,0.03919326489477481,0.03920246395250704,0.07704636063616954,-0.11699738297092627,-0.05169229453933033,0.3333333333333333,0.0140726391152504,-0.07827160405244771,0.1313007119803984,-0.019372837669319742,-0.05169229453933033,0.00842302034464737,0.44182436586787427,0.022380066454692298,-0.05169229453933033,0.05169229453933033,0.07930723837958986,269569533.8844663,0.005973800121362061,0.04249724256858259,-0.02726322712901108,-0.03231945687001059,0.06835463563123878,0.14860433399178752,0.2672908955661788,2.0,7.0,2.0,1.0,1.0,0.0,63.0,126.0,0.6131516587677726,,,,,,,,0,0,0,0,0,0
latest_month_unlabeled_or_partially_labeled,2026-07-31,CEG,239.25,-0.5758587428859184,-0.30856784731973963,0.9072607370431931,0.9353468574509887,-0.36281654686169995,-0.3207947723054727,-0.14513740129640218,0.0032277224110716096,-0.1274986443271361,0.11664337707922945,-0.35107881434512167,0.17528864822073187,-0.2937417352881897,-0.08929803596949004,-0.28393759803396756,-0.40532701786185943,0.40532701786185943,-0.025604646208089,-0.27263604562353827,0.07456060785002679,-0.1523456954605812,1.3057615704570964,-0.1696465259794956,0.4681392788329204,0.12395540503249314,-0.20146687403055497,-0.14190967888533057,-0.18656104193509035,-0.27263604562353827,-0.14190967888533057,0.1208595105945327,-0.04224182389630504,-0.23443543726589222,-0.0792426209958641,-0.302790072897131,-0.23443543726589222,0.5111595023038806,-0.49224749760940323,0.7448279776306341,0.9317154660215,0.02462180346008704,-0.3448660178010061,0.3448660178010061,0.011627906976744207,1061386367.9817805,0.94453775203998,0.30158730158730157,0.05555555555555555,0.05555555555555555,0.04155584145962065,-0.16469275492825397,-0.19536472878246813,-0.02829842335272359,-0.08893579224240933,-0.1414689532590372,0.8118507684972517,1.0485059956752507,-0.13685492574391833,0.13632213847969124,-0.16854908774978283,-0.10180181075031125,0.47625521390037817,0.7994157066117079,0.07875110605486024,0.02394347686935085,-0.07807427815678447,-0.25763142412437656,0.25763142412437656,0.011627906976744207,0.6190476190476191,0.015873015873015872,1002519494.0593901,20.725782163399202,0.2698412698412698,0.047619047619047616,0.031746031746031744,0.03872964442018985,-0.10248266381693072,-0.10965034743261615,-0.09644574161790026,-0.03671939161928339,0.3333333333333333,-0.018169079167397073,-0.1523456954605812,0.17528864822073187,-0.004399934749272805,-0.03671939161928339,-0.07375145453608822,0.3807258983476809,0.020360110506552783,-0.13167349813098805,0.13167349813098805,0.011627906976744207,1066420317.9071336,-0.08121061345621072,0.043550365201429304,-0.04105140990962375,-0.03231945687001059,0.06835463563123878,0.14860433399178752,0.2672908955661788,3.0,11.0,3.0,1.0,1.0,1.0,63.0,126.0,0.8355450236966824,,,,,,,,0,0,0,0,0,0
latest_month_unlabeled_or_partially_labeled,2026-07-31,CF,110.54000091552734,-0.050966014141219596,0.2163248814249592,0.7891232485351231,0.8114315436236355,0.34769305669255735,0.4427698689938939,0.196865945255442,-0.34203459343272946,-0.08182382304662617,0.33930090804765944,-0.4456511404236304,0.07338182245935165,0.04826161126365447,-0.30321617763141295,0.3879356399982792,-0.19337720478601306,0.19337720478601306,0.03684279266270596,0.11504212220881582,0.178602186505647,0.3044001250436936,1.1228193091851748,-0.04066423799086849,-0.47757198864404493,-0.5331323290514671,-0.07296082475717913,-0.14516864817728747,0.05557980642899011,-0.14516864817728747,0.196865945255442,-0.04343806400187866,-0.058824296290637346,-0.10635023237597097,-0.09171748509678979,-0.17470486800720975,-0.10635023237597097,0.5074706341915769,-0.22350906630508266,0.6358705236503293,0.9376319181937545,0.024534806315389318,-0.19337720478601306,0.19337720478601306,0.4427698689938939,416033151.99293715,0.900692450418795,0.2777777777777778,0.03968253968253968,0.047619047619047616,0.040796134176842025,-0.38400229540599995,-0.371029138313719,0.017112478049950197,-0.08917870596282595,-0.04567762874388126,0.6404911951006528,0.5025467187425495,-0.036404062246896296,0.1424798322761577,-0.016110347869837005,-0.11127775226588832,0.47582066416404933,0.6781664652321823,-0.39716710345688255,0.023095075794798553,-0.10992848890463225,-0.1703445824248201,0.1703445824248201,0.08192231473608946,0.9523809523809523,0.1111111111111111,374717919.12397355,19.741684087877793,0.25396825396825395,0.015873015873015872,0.06349206349206349,0.03931914615918725,-0.0018781279288521135,-0.059286319143213584,0.0652659965745105,0.021060398432541927,0.5,0.03788045576500374,-0.09171748509678979,0.3044001250436936,0.053379855302552515,0.021060398432541927,0.029226929739002205,0.32268561790056266,0.016426563882007653,-0.059394111018730045,0.059394111018730045,0.08192231473608946,306582387.9182725,0.04743496218384102,0.03258677183999943,0.027208860068559604,-0.03231945687001059,0.06835463563123878,0.14860433399178752,0.2672908955661788,1.0,3.0,1.0,0.0,1.0,0.0,63.0,126.0,0.6853080568720379,,,,,,,,0,0,0,0,0,0
latest_month_unlabeled_or_partially_labeled,2026-07-31,CFG,70.9800033569336,0.25499842951584273,0.5222893250820215,0.9773286923310078,0.9906927905284103,0.41522801112164776,0.2325396614583144,0.14310324787358142,0.04900360939027215,0.04464640512725904,0.04760307475227932,0.043557571319597255,-0.037589070234169575,-0.0055010861182061,-0.051942601801704846,0.5214343531367005,-0.011695855492340756,0.011695855492340756,0.01825793160869571,0.18774965300084046,0.02712207112621051,-0.0036550450460571815,1.237500608253114,0.1266697462215085,0.2857035194814983,0.40290908297431716,0.026501636647683235,0.19210685726385357,0.17431991937942515,0.14310324787358142,0.19210685726385357,0.09251269421727981,0.0397564560123147,0.09116064607187657,-0.042890155254946105,0.02280601044063779,0.09116064607187657,0.2744415418983051,0.3951124211598191,0.8343198019828372,0.8406918959567538,0.013306080594873463,-0.011695855492340756,0.011695855492340756,0.2848786683763411,308490837.0674436,0.9395604441258917,0.05555555555555555,0.007936507936507936,0.007936507936507936,0.02392972811276269,0.08253310207707609,0.09659203017091378,-0.0033459554540318237,0.04581772823359476,0.09345804661745905,0.9112624473118833,0.8003753225428102,0.125441721552213,0.06947904925170605,0.1400579066894143,0.08448866966499602,0.230720780187781,0.9924204170343943,-0.16725422772781995,0.011813761734134157,0.11782419425900903,-0.011695855492340756,0.011695855492340756,0.17458221079727876,0.015873015873015872,0.5396825396825397,289845787.8838554,19.484859577039526,0.031746031746031744,0.0,0.0,0.021709196267209786,0.07538941970908963,0.13788445632482738,0.056719007459046344,0.012987065307160206,0.5,0.024467868423580025,-0.042890155254946105,0.125441721552213,0.045306522177170794,0.012987065307160206,0.047211614592648665,0.22897201289245844,0.01259561577506503,-0.011695855492340756,0.011695855492340756,0.15358369519123682,314978079.0277935,0.017080341323900017,0.021101518313317625,0.0033927401512594546,-0.03231945687001059,0.06835463563123878,0.14860433399178752,0.2672908955661788,1.0,3.0,1.0,0.0,1.0,0.0,63.0,126.0,0.30781990521327013,,,,,,,,0,0,0,0,0,0
latest_month_unlabeled_or_partially_labeled,2026-07-31,CHD,98.5999984741211,-0.20200790360420817,0.06528299196197063,0.9805031660486838,0.9920476479719591,0.13551537071477715,0.1833933376443404,0.030935238943393006,0.029093701734614896,-0.08756408302037844,0.011531044684633063,0.007651949609733366,0.09282039467774883,-0.11766909504839451,-0.011752244649026578,0.132860988212812,-0.06021374890441178,0.06021374890441178,0.010413265616807887,-0.05662884407698543,0.060721976883394285,-0.11005150923556617,0.8799002003553472,0.018889190184582683,-0.5258148160304592,-0.5167185243518984,0.06806097586645321,0.0600289406780079,0.011445111848138493,-0.05662884407698543,0.0600289406780079,0.040077146707026,0.012857946435770318,0.01918299429436643,-0.01151654712569361,-0.04917164133687235,0.01918299429436643,0.23283914533167585,0.07746356192118804,1.178656258631507,1.0635623093529911,0.011780361129866726,-0.06021374890441178,0.06021374890441178,0.20072024452748605,209219220.46068585,0.926418710833271,0.03968253968253968,0.0,0.0,0.022172535356701165,-0.3444504946002359,-0.3328119109763171,0.01727255662860161,0.01922449022488637,0.02887938561713077,1.0592092996203757,0.6083886635129634,0.013071212338190419,0.06731368192438274,0.031057213280396567,0.021958470585528467,0.24763893911673387,1.1082155208645297,-0.3793177521910981,0.012515220786483813,0.010071222204860453,-0.009841367131085521,0.009841367131085521,0.09040893649915915,0.06349206349206349,0.5714285714285714,193824600.50073048,19.082464192092623,0.06349206349206349,0.0,0.0,0.022573347133806588,0.018826578338977606,0.015454411755757125,0.06469213351504338,0.017753935481686467,0.6666666666666666,0.007025772140565323,-0.11005150923556617,0.09282039467774883,0.050073392351697055,0.017753935481686467,0.014894018692263922,0.2744373158995908,0.014711641448393774,-0.009841367131085521,0.009841367131085521,0.061470547120156205,202007673.72745332,0.013527392431293084,0.02394960054172013,0.005773495342905166,-0.03231945687001059,0.06835463563123878,0.14860433399178752,0.2672908955661788,1.0,3.0,1.0,0.0,1.0,0.0,63.0,126.0,0.15189573459715638,,,,,,,,0,0,0,0,0,0
latest_month_unlabeled_or_partially_labeled,2026-07-31,CHRW,189.8500061035156,0.40503025596619713,0.6723211515323759,0.9790990571601147,1.0013765479555319,0.24629377650951456,0.18905068876389075,-0.019482972731057036,0.16659060336933473,0.05134151749487237,-0.0642119138160746,0.11201006571114624,-0.04975635251111299,-0.16808730672284455,0.06728112462612867,-0.04605722901337825,-0.047052236691140226,0.047052236691140226,0.005058393999521904,0.03185854476381533,0.08531386400085127,-0.10046928709761527,0.8361139163805291,0.07028270509123802,-0.6418952472760202,-0.6247785019109724,0.07044507915419629,0.1471076306382777,0.053161067557012,-0.019482972731057036,0.1471076306382777,0.09477920777355142,0.03983904285825157,0.04779815189507164,-0.01738078631789919,-0.02055648373616714,0.04779815189507164,0.4230166066959394,0.12061131460439378,0.7773751629031043,0.9368404559985449,0.018392523256346206,-0.047052236691140226,0.047052236691140226,0.19226544050540806,359521568.57635254,0.8771859843595246,0.16666666666666666,0.015873015873015872,0.023809523809523808,0.03438346395750304,-0.001466156227091342,0.006539556232938004,0.007794000840359416,0.04888688845783706,0.058883089823070334,0.873092679643897,0.608090344662241,0.05785055545285367,0.07107440754499257,0.06633183771028683,0.08490659838523684,0.396299070711981,0.8297839380500789,-0.2892646632524881,0.018519591813773884,0.042601942326114806,-0.02007845194257385,0.02007845194257385,0.19226544050540806,0.20634920634920634,0.5238095238095238,315367281.0301281,19.569248492268144,0.1746031746031746,0.015873015873015872,0.015873015873015872,0.03335716076475678,0.03569936238307392,0.05374487461670707,0.02438086559750267,0.00801746731966535,0.5,-0.0011598658967595006,-0.10046928709761527,0.09477920777355142,0.04033692418967594,0.00801746731966535,0.01942468254670171,0.3288426035409743,0.01720446319229744,-0.02007845194257385,0.02007845194257385,0.07090482519614438,268550424.83673096,0.030611668361889777,0.030881528443899815,0.016828439947788487,-0.03231945687001059,0.06835463563123878,0.14860433399178752,0.2672908955661788,2.0,7.0,2.0,1.0,1.0,0.0,63.0,126.0,0.5490521327014217,,,,,,,,0,0,0,0,0,0
latest_month_unlabeled_or_partially_labeled,2026-07-31,CHTR,137.1999969482422,-0.7579353698403666,-0.4906444742741878,0.7293095207759979,0.7581351999294386,-0.41327403738925406,-0.34275450563716314,-0.33436832816613216,-0.030093438347541412,-0.08088123884143095,-0.19867066717598392,0.029329978607992246,0.1383175356151931,-0.4829726621579197,0.16502763959814049,-0.5635063153819768,-0.6709595497359966,0.6709595497359966,-0.06886099490113096,-0.4152495670075631,0.040879478362435516,-0.079913052933553,1.0418704190124333,-0.2691425437554005,-0.49064574532287264,-0.5769001455349336,-0.10478874203702437,-0.36446176651367357,-0.3713598872291229,-0.4152495670075631,-0.33436832816613216,-0.23489904375995552,-0.19879916958832056,-0.16934068856799167,-0.12786822880257442,-0.23769532419923045,-0.16934068856799167,0.5933710395765097,-0.23134364492706228,1.055525539428133,1.2336086372565391,0.024351655150555648,-0.44719772916464295,0.44719772916464295,0.09287873146154069,483850533.0655779,1.129723428619564,0.29365079365079366,0.031746031746031744,0.05555555555555555,0.045146640770256125,-0.35955701394585726,-0.3821196007047004,-0.020474926297100016,-0.1469221078984484,-0.0803476091969586,0.9722723525596846,0.7251364216881458,-0.012773316896282916,0.1247047412825511,-0.04755297437275574,-0.07880313094425528,0.7319876395194741,0.8556405228935081,-0.20808784372067857,0.029190125604198043,-0.07111550196228589,-0.43929054894224273,0.43929054894224273,0.09287873146154069,0.8095238095238095,0.12698412698412698,546617283.1542485,20.119259452169878,0.36507936507936506,0.031746031746031744,0.07936507936507936,0.05320023649281388,-0.007154485628199869,-0.03091383363769773,-0.05624880799773277,-0.03522965705012138,0.16666666666666666,-0.05872762730454902,-0.23489904375995552,0.1383175356151931,-0.002910200180110789,-0.03522965705012138,0.011564404087845537,0.6263182866300275,0.028729012423763974,-0.061366910672978725,0.061366910672978725,0.09287873146154069,561425768.812561,0.021099226520832737,0.06244795404721199,-0.01868224882412628,-0.03231945687001059,0.06835463563123878,0.14860433399178752,0.2672908955661788,2.0,7.0,2.0,1.0,1.0,0.0,63.0,126.0,0.7630331753554502,,,,,,,,0,0,0,0,0,0
latest_month_unlabeled_or_partially_labeled,2026-07-31,CI,287.7699890136719,-0.16718895441438608,0.10010194115179272,1.0348772297872069,1.0555444555965374,0.1974432423354573,0.05741472270195169,0.061735293965311966,0.02331737908664344,-0.05755249774079729,0.06592519564021426,-0.06985596084966761,0.05731277010239655,-0.08686904002647555,-0.06566605917476531,0.225469270494432,-0.08191503530913657,0.08191503530913657,0.009238582984137711,0.004182796224514673,0.04162516695013597,-0.07453083047109221,0.9913902306321722,0.03236754456558977,-0.1258860103626943,-0.1293219472222571,-0.02883588526344849,0.08505267305195541,0.05032358774726068,0.004182796224514673,0.08505267305195541,0.08933459156593693,0.023437267449244237,-0.003930765209453346,-0.04535759960088137,-0.07228540084069213,-0.003930765209453346,0.2738080175180082,-0.014252379743284324,1.0499325251961171,1.0072645684559463,0.014055527030097235,-0.03748527848542893,0.03748527848542893,0.12150425158791567,469130091.71101403,0.9712136623723796,0.07936507936507936,0.0,0.0,0.02506795929511439,0.44576991635815166,0.509174419617695,0.040437849332941145,0.0035604349084401576,0.014048879488993249,0.9352239159713518,1.0426441867938987,-0.0004407209322525585,0.0632144495129059,0.043395133480461645,0.009194253611407799,0.2757971146050547,1.0423602279643147,0.060142438206954196,0.014371858681940113,0.002208399788169446,-0.03748527848542893,0.03748527848542893,0.07745894362107864,0.5396825396825397,0.8571428571428571,455625554.49974424,19.937181879930282,0.07936507936507936,0.0,0.0,0.02382316631622306,0.0152740363991557,0.011320903739574284,0.1525504068684199,0.04385518230954566,0.5,0.011695565495608832,-0.07453083047109221,0.08933459156593693,0.07617463917955625,0.04385518230954566,0.005831824298004884,0.287479943251625,0.013750633646237721,-0.034328895927275616,0.034328895927275616,0.06910121729042884,484795578.7347703,0.024891269421112305,0.023205549779025968,0.0262472505230138,-0.03231945687001059,0.06835463563123878,0.14860433399178752,0.2672908955661788,1.0,3.0,1.0,0.0,1.0,0.0,63.0,126.0,0.3514218009478673,,,,,,,,0,0,0,0,0,0
latest_month_unlabeled_or_partially_labeled,2026-07-31,CIEN,422.4599914550781,3.2831184982207136,3.550409393786892,0.6920900449500467,0.7181114167125364,1.2244102544655378,0.8063881655421081,0.6776934813987114,-0.5895241500742574,-0.466165013759158,1.0951511941740164,-1.2944006392432452,0.38477429644504957,0.5290891474069239,-0.8769429264679403,0.8661983010784052,-0.3262201093220445,0.3262201093220445,0.11597685722284945,0.21152846763955346,0.3109303298399442,0.1133639156738171,1.1522525037275075,-0.0613800261798616,-0.19197148752579252,-0.35297072023639287,-0.3262201093220445,0.08816933132445404,0.32579709345423963,0.08816933132445404,0.6776934813987114,0.35893671833737484,0.014199316140267593,-0.19924944506922881,0.0997952190633109,-0.2676040807004676,-0.19924944506922881,0.7823768305190534,-0.2649347563560781,1.0431881496274222,0.961262949597363,0.038271086413245406,-0.3262201093220445,0.3262201093220445,0.8758491135423663,1243943799.0702674,1.1583674794139664,0.5,0.19047619047619047,0.14285714285714285,0.0693992074424987,-0.11928031077489265,-0.24154265688996168,-0.10861244992586228,-0.08591847269295705,-0.18267424169314372,1.0195484533684667,0.7499434182349971,-0.15454214006266032,0.23215435277147037,-0.27190940545025666,-0.19256077584865983,0.7520698598013814,1.0852266282231875,-0.2364396965328166,0.03572673497619464,-0.20152125534593346,-0.3262201093220445,0.3262201093220445,0.0,0.3333333333333333,0.0,1440944043.061659,21.088564321885524,0.4603174603174603,0.12698412698412698,0.15873015873015872,0.06536380166282174,-0.16035355434626708,-0.203205761638782,-0.17008906516854638,-0.1388209524674534,0.6666666666666666,0.11058450949823978,-0.15454214006266032,0.38477429644504957,-0.10650149559744282,-0.1388209524674534,-0.08326481578086009,0.8161662381405386,0.03950659134601828,-0.3190193033509371,0.3190193033509371,0.0,1931331002.4108887,-0.08765596654773233,0.07991458768271506,-0.09494450396640652,-0.03231945687001059,0.06835463563123878,0.14860433399178752,0.2672908955661788,1.0,3.0,1.0,0.0,1.0,0.0,63.0,126.0,0.9309241706161138,,,,,,,,0,0,0,0,0,0
latest_month_unlabeled_or_partially_labeled,2026-07-31,CINF,192.02999877929688,0.06368054427015624,0.33097143983633504,1.0708364401558343,1.0876299905041815,0.26293712750018305,0.18921192424953714,0.20717327828659338,0.019915408275060997,-0.022747726483402175,0.02284596377198067,0.15736427417515197,0.019205703937044127,0.05856894429480586,-0.02696304033946073,0.9935718669317787,0.0,-0.0,0.015460364463669496,0.1844255518031912,0.021347230945897227,-0.03476776799076087,1.0907337950171072,0.1704273279784121,-0.07581896052783887,0.09072792450166767,0.046824887805894,0.22708868656165437,0.20622917221714632,0.1844255518031912,0.22708868656165437,0.03972042192759018,0.03304777780275958,0.18021023794713265,-0.03777515881413651,0.11185560231589387,0.18021023794713265,0.2085136316574254,0.9254744305670803,1.00845797633723,0.9338574404167618,0.01036527376322402,0.0,-0.0,0.25639263963414605,124749991.09989953,1.0081998377844963,0.031746031746031744,0.0,0.0,0.019626397446995177,0.1657176230106585,0.2090998944675253,0.0054791805564866625,0.04015947654642171,0.1505550036759058,1.1378755105124525,0.9664494522565417,0.18253496802526592,0.08025520388526826,0.22654309827692654,0.06622709988098774,0.19472200635160675,1.0798842871425598,0.032769920662297336,0.009771335064136116,0.11144876531984704,0.0,-0.0,0.2311573382482277,0.0,0.3492063492063492,125772920.79053606,18.64998863097347,0.015873015873015872,0.0,0.0,0.018681840931560067,0.13335045468086548,0.18178312808738117,0.17698100939022832,0.037215077305621236,0.6666666666666666,0.03435554073177068,-0.03777515881413651,0.18253496802526592,0.06953453417563182,0.037215077305621236,0.10786151389075282,0.21027723501997383,0.01321769635798975,0.0,-0.0,0.22188584300697323,155052496.15609306,0.06246405337317329,0.020406909890886456,0.027315896553763652,-0.03231945687001059,0.06835463563123878,0.14860433399178752,0.2672908955661788,1.0,3.0,1.0,0.0,1.0,0.0,63.0,126.0,0.08530805687203792,,,,,,,,0,0,0,0,0,0
latest_month_unlabeled_or_partially_labeled,2026-07-31,CL,95.12999725341795,-0.1110231663110881,0.1562677292550907,1.0341760638844812,1.0521101108904805,0.249933112040865,0.21877192850414495,0.06015297843895384,0.062939877624973,-0.09463744861868384,-0.048726358673749304,0.1631827383973642,0.09801753125224244,-0.08845135555283368,0.054303401284661046,0.2419576209277254,-0.03448447017973,0.03448447017973,0.00924098975947274,-0.03448447017973,0.07931822890798859,-0.14030658764575699,0.7086869462055098,0.07006170828304947,-0.44353870373829285,-0.3798481583118679,0.13364439614970136,0.12309285606392684,0.04958712144105023,-0.03448447017973,0.12309285606392684,0.007749496972195402,0.028886826814693345,0.11445637972361489,0.055880934969064766,0.04610174409237611,0.11445637972361489,0.24860956314710167,0.46443740162554614,1.2087164142727738,0.99127690473645,0.012081775204132065,-0.03448447017973,0.03448447017973,0.25188291282216024,545923065.3472173,0.8653415823912075,0.047619047619047616,0.007936507936507936,0.0,0.02057298346642435,0.11280382060243865,0.15467958164400897,0.007792220874601075,0.029105571496886196,0.07321263398758093,0.9381852806261963,0.715956491139733,0.01719741594354751,0.08151192776084094,0.05547542607753031,0.014235216472916479,0.24644091824433995,1.2193529461822117,-0.14240773105788018,0.012247751849738388,0.01721325366519766,0.0,-0.0,0.16281628275669102,0.0,0.7936507936507936,472409929.2314196,19.97335766287819,0.047619047619047616,0.0,0.0,0.020744809083732038,0.05675730561873493,0.03170439364785471,0.12522811822383387,0.03763085664003207,0.8333333333333334,0.012694941355220868,-0.14030658764575699,0.09801753125224244,0.06995031351004266,0.03763085664003207,0.054235528936040334,0.30049845972108546,0.014395582904731889,0.0,-0.0,0.12089070548839032,507368736.0456557,0.037902565100071284,0.01955218726100854,0.025019363263202532,-0.03231945687001059,0.06835463563123878,0.14860433399178752,0.2672908955661788,1.0,3.0,1.0,0.0,1.0,0.0,63.0,126.0,0.3579383886255924,,,,,,,,0,0,0,0,0,0
latest_month_unlabeled_or_partially_labeled,2026-07-31,CLX,97.26000213623048,-0.45776748519578303,-0.19047658962960423,0.9322136799858287,0.9567770882701813,-0.11455736074385692,-0.01242809868326189,-0.12681964188549033,0.07718166182569874,-0.09867575944023765,-0.13418143102238056,0.14268412361949512,0.12740500135072397,-0.27542397587727785,0.1353223344826049,-0.37197496511323247,-0.22663208003820945,0.22663208003820945,-0.0283087515994227,-0.22549540132572798,0.0881473643372177,-0.18504256017827858,1.1649280200292094,-0.050308603443157573,-0.6206779517203342,-0.6174526929485045,0.147152634470896,-0.04963798005979159,-0.13398434109033663,-0.22549540132572798,-0.04963798005979159,-0.05765048827701302,-0.030164724524814446,0.008502692597114558,-0.066569946451841,-0.05985194303412422,0.008502692597114558,0.34093596015765554,0.021349885579714723,1.0763216564815252,1.1681217634803869,0.01603205339103792,-0.22549540132572798,0.22549540132572798,0.12935437801168193,259581285.0846972,1.0374004190431076,0.12698412698412698,0.007936507936507936,0.023809523809523808,0.028072391252763437,-0.257299497445695,-0.2431365190989111,0.017124527202077466,0.019800273157515313,0.03605419406586963,0.9494566222335773,0.5802076573653472,0.06020890913638244,0.1099662872944909,0.08042663589370092,0.039945881977871744,0.3982547150132395,0.9214122107224971,-0.39950299991045035,0.01870097048833245,0.019296767349189503,-0.08487262003808926,0.08487262003808926,0.12935437801168193,0.9206349206349206,0.6349206349206349,269289733.92261326,19.411298439426716,0.14285714285714285,0.015873015873015872,0.047619047619047616,0.029218149895321892,0.025552727725487223,0.04696464187929905,0.05196680109256304,0.019069568820910376,0.5,-0.01709658593318597,-0.18504256017827858,0.12740500135072397,0.051389025690920964,0.019069568820910376,0.016433721734727902,0.3669567573910071,0.01837816030914618,-0.020741014548161463,0.020741014548161463,0.09861067973916149,238673631.43332344,0.02009568158934938,0.03122704097981679,0.0052713399093589075,-0.03231945687001059,0.06835463563123878,0.14860433399178752,0.2672908955661788,1.0,3.0,1.0,0.0,1.0,0.0,63.0,126.0,0.4231042654028436,,,,,,,,0,0,0,0,0,0
latest_month_unlabeled_or_partially_labeled,2026-07-31,CMCSA,23.790000915527344,-0.46639923601569555,-0.19910834044951675,0.961165098725269,0.9931799911264494,-0.05409084762791472,-0.11896584399548127,-0.18001545325685642,0.029703374045374376,-0.03204713871030607,-0.08052372248485684,-0.02768106017780514,0.040672188404298426,-0.32861978724864394,0.07181067059419444,-0.5429194841839409,-0.2607324910152128,0.2607324910152128,-0.03848771991398259,-0.21206259196716248,0.030882668696175612,-0.0726743445974557,1.369387962625795,-0.11867299617803007,0.0410907038711843,-0.07156028947331494,-0.0800516431811813,-0.15031207921148204,-0.180796708145167,-0.21206259196716248,-0.15031207921148204,-0.04721632918658303,-0.07621342304653189,-0.10820478266266198,-0.0802514824629792,-0.17655941829390076,-0.10820478266266198,0.3315693367082535,-0.27231809250530725,1.0687633838466268,1.1983828913792487,0.01345268505210387,-0.24893656956046317,0.24893656956046317,0.08038280064943493,934888564.025235,0.9306045762591005,0.07936507936507936,0.007936507936507936,0.023809523809523808,0.027729222420992905,-0.29445739036135243,-0.3069834927702869,-0.013775511762861847,-0.08387452720097555,-0.03570233223448238,1.1970109721134892,1.0014097911195756,-0.012866910265511677,0.04486381990339216,-0.030392329714799105,-0.06745259921852276,0.3973470204171365,0.8918379856179025,-0.16115158065733337,0.014713819540071057,-0.06905554922319879,-0.2378589336463497,0.2378589336463497,0.08038280064943493,0.7619047619047619,0.12698412698412698,870011575.9741828,20.584017076391245,0.12698412698412698,0.015873015873015872,0.031746031746031744,0.02919484876269135,0.005457732846275709,-0.04029192253702196,-0.05009989135644907,-0.017753856730708173,0.16666666666666666,-0.031681789139823224,-0.0802514824629792,0.040672188404298426,0.014565600139302415,-0.017753856730708173,0.025027007830677572,0.35436916628009457,0.016265028916423584,-0.017753856730708173,0.017753856730708173,0.08038280064943493,1013825438.190869,0.03499743951897183,0.039200013637839065,0.0038569517131652464,-0.03231945687001059,0.06835463563123878,0.14860433399178752,0.2672908955661788,2.0,7.0,2.0,1.0,1.0,0.0,63.0,126.0,0.5353080568720379,,,,,,,,0,0,0,0,0,0
latest_month_unlabeled_or_partially_labeled,2026-07-31,CME,236.6000061035156,-0.3839905605848648,-0.116699665018686,0.7629396481658356,0.7816425115430174,-0.0785539319098868,-0.10827526357831618,-0.15757214941909492,-0.03719091360813098,-0.08026138097094182,0.019513522358990842,-0.1932097685532913,0.10530689051699604,-0.30617648341088244,-0.016124096775205543,-0.5827476567451959,-0.25408265376896655,0.25408265376896655,-0.02041997565874798,-0.23783353039003674,0.04016656671333569,-0.05348794297083648,1.8800919311758495,-0.16867866688610544,0.8444612747638218,0.5240852750865914,-0.1369652538113857,-0.1947630630272259,-0.19672291427878585,-0.23783353039003674,-0.15757214941909492,-0.02549524522416624,-0.07333204875569299,-0.17369624619430046,-0.04961429823893859,-0.24205088182553924,-0.17369624619430046,0.2703951660641215,-0.5538620284369533,1.3899503608280062,1.1598181951601967,0.013082728491532114,-0.25408265376896655,0.25408265376896655,0.08244123031158623,758633613.6644878,1.1345481922005365,0.06349206349206349,0.0,0.007936507936507936,0.022880620390890654,0.14342196303251953,0.22507648955851023,0.05103925195983239,-0.10330581834416253,-0.11731494451419089,1.2718284667275561,1.2173798655599257,-0.18851002985827836,0.10431974300157412,-0.13055956936792978,-0.13447606341070129,0.31360923348453107,1.1984208961612497,-0.0827419418784443,0.015357136505225941,-0.16584300530550156,-0.23424958442761623,0.23424958442761623,0.08244123031158623,0.9523809523809523,0.047619047619047616,860706394.9256049,20.57326400066634,0.1111111111111111,0.0,0.015873015873015872,0.025488768565501516,-0.0711559650013579,-0.15279368850570496,0.19000959006907614,0.07141241743287075,0.3333333333333333,-0.02339803472372548,-0.18851002985827836,0.10530689051699604,0.10373187430288133,0.07141241743287075,-0.03659422006473656,0.37583585863697433,0.020046863177280237,-0.12217561245472275,0.12217561245472275,0.08244123031158623,1055416345.9041051,0.02047420662266708,0.03736263474043833,0.048749585797894346,-0.03231945687001059,0.06835463563123878,0.14860433399178752,0.2672908955661788,1.0,3.0,1.0,0.0,1.0,0.0,63.0,126.0,0.4124407582938389,,,,,,,,0,0,0,0,0,0
latest_month_unlabeled_or_partially_labeled,2026-07-31,CMG,35.38999938964844,-0.44196443782120043,-0.17467354225502163,1.045574260251022,1.0792330814443163,0.11675603639117615,-0.043513530009501644,-0.08952919058049447,0.1951212319846798,0.040362028542982986,-0.12554662689776774,0.16673514240374254,-0.04244913188891708,-0.23813352457228198,0.13071770608646927,-0.2550642732851882,-0.37988435992828606,0.37988435992828606,-0.04751714474978719,-0.04916716203751148,0.10299821970082161,-0.13997857948139802,0.9567110626852183,0.051721244789754595,-0.5709989472785728,-0.5533290307664769,0.13045239320778002,0.10559204140418532,-0.011034770404606875,-0.08952919058049447,0.10559204140418532,0.0618557782179463,-0.025179877900558645,0.0411885155059748,-0.06266551817985422,-0.02716612012526398,0.0411885155059748,0.3510063931234759,0.11822336201642093,1.1112431398598202,0.992562372727411,0.01818648756277202,-0.13408367226457407,0.13408367226457407,0.2558551812062404,617960046.041967,0.9750228210546766,0.16666666666666666,0.0,0.015873015873015872,0.03206712796409098,-0.08993185700231165,-0.052726146316862454,0.038557542831220704,-0.03209751556498197,0.09660944121977333,0.9109081060628199,0.6691608030053899,0.0671688433349602,0.08293357848360863,0.11079719747870809,-0.016017809241863912,0.34839573840112764,1.119570084856524,-0.2645738087650956,0.018463404466629366,0.024533969193911265,-0.018307901841329577,0.018307901841329577,0.2558551812062404,0.7936507936507936,0.30158730158730157,602525147.3909166,20.216639962525903,0.1746031746031746,0.0,0.015873015873015872,0.03218940511993341,0.1141777543440845,0.08878686164511485,0.10481213630187707,0.040882334989659874,0.5,-0.012531045501267157,-0.13997857948139802,0.0671688433349602,0.07320179185967046,0.040882334989659874,0.11215861139745664,0.3900534464054018,0.02247705742913661,0.0,-0.0,0.2558551812062404,703634719.8653176,0.07682942400573234,0.03017399719486626,0.03661392007831599,-0.03231945687001059,0.06835463563123878,0.14860433399178752,0.2672908955661788,1.0,3.0,1.0,0.0,1.0,0.0,63.0,126.0,0.5239336492890995,,,,,,,,0,0,0,0,0,0
latest_month_unlabeled_or_partially_labeled,2026-07-31,CMI,661.7000122070312,0.5614903165215004,0.8287812120876792,0.8396169300097939,0.8435125525826682,0.52825266841408,0.30475031333139335,0.15063374421129905,0.08310894027695404,-0.013774049417526912,0.16316969855399366,-0.17394710649221512,0.012115874527529602,0.0020294102195115293,-0.1614111521495205,0.3548737929098307,-0.09055926032027117,0.09055926032027117,0.040296351049713186,0.13685969479377214,0.052413633855222075,-0.07852771158247407,1.1783444225551054,0.06097137800106145,0.0,-0.010777407938221462,-0.09055926032027117,0.23374268448825308,0.17374537449777475,0.13685969479377214,0.23374268448825308,0.24718409626779314,0.07287371791488195,-0.010777407938221462,-0.033306637850022414,-0.07913204356946024,-0.010777407938221462,0.42447131126860455,-0.023790288698988547,1.2171347796305132,1.0672502532403252,0.019989043060241764,-0.09055926032027117,0.09055926032027117,0.30475031333139335,595905748.8486154,1.0937317251757848,0.23809523809523808,0.03968253968253968,0.023809523809523808,0.02926823848415437,0.07622659977976265,-0.0015014760419289619,-0.07079537633060096,0.014749778361075272,-0.020244535583048284,1.2825832139929247,0.7752170272771339,0.10296462673721729,0.12573588664912413,0.023305456304876904,0.015062801603645815,0.45301711444467113,1.1404399070743876,-0.16759723668023085,0.021904970335015456,0.06513541328992956,-0.09055926032027117,0.09055926032027117,0.20757215608347734,0.07936507936507936,0.9841269841269841,651761022.7303641,20.2951885246822,0.3333333333333333,0.047619047619047616,0.031746031746031744,0.031015788457068896,-0.022430388723447936,0.04087499862643007,-0.13979356472720247,-0.07222277895528484,0.5,0.029701244857459785,-0.07852771158247407,0.24718409626779314,-0.03990332208527425,-0.07222277895528484,-0.03485784949145365,0.516638795900388,0.026644960568132488,-0.09055926032027117,0.09055926032027117,0.049451233442137976,813059020.1084682,-0.0543752011666222,0.04233899301231214,-0.03659960576385968,-0.03231945687001059,0.06835463563123878,0.14860433399178752,0.2672908955661788,1.0,3.0,1.0,0.0,1.0,0.0,63.0,126.0,0.737914691943128,,,,,,,,0,0,0,0,0,0
latest_month_unlabeled_or_partially_labeled,2026-07-31,CMS,77.7300033569336,-0.18192136786185475,0.08536952770432404,1.0405650547151528,1.047410216624436,0.08112432727030794,0.12855579093072533,0.10392936136378839,-0.09421409115799073,-0.1005514567735648,0.08146975362704989,-0.060702082907260424,0.10021294699989403,-0.04467497262799913,-0.08316169064399892,0.5611212626400781,-0.02009369111363657,0.02009369111363657,0.011624699416140194,0.0033779045902235794,0.056313190632032384,-0.006276388802441746,1.2081032109218137,0.03464662584692135,-0.47427546232404083,-0.4633573882362729,0.019936340210350068,0.009715270205797655,0.039007512053269876,0.0033779045902235794,0.10392936136378839,-0.010827537774779072,-0.014639812903993077,0.020767670719789466,-0.04699464359390382,-0.047586964911449314,0.020767670719789466,0.18521729309418836,0.10008271481525509,1.2674568357206732,1.1203331303264057,0.009227806741295337,-0.02009369111363657,0.02009369111363657,0.13602858696267872,230656279.82950968,1.0168253573534454,0.007936507936507936,0.0,0.0,0.017373148295486713,-0.4424506761899186,-0.43348613318413487,0.015506085132609537,0.0017049490924057054,0.0506957293658028,1.0601328608578704,0.4812359985851202,0.054154613775698746,0.05237181598440285,0.07110381264721699,0.019578659576379165,0.20750506976279542,1.1313213913002853,-0.48527186250135124,0.010747763747370095,0.043733426350260673,-0.02009369111363657,0.02009369111363657,0.10694961557500338,0.9206349206349206,0.31746031746031744,234537154.16345748,19.2731245774935,0.0,0.0,0.0,0.01780532856056663,0.05148061902151224,0.06760672215365715,0.06849047067724706,0.01607847525403394,0.5,0.01772457764308368,-0.04699464359390382,0.10021294699989403,0.04839793212404453,0.01607847525403394,0.0434958195163222,0.2347549242259085,0.01276133341041449,-0.013703771540624632,0.013703771540624632,0.10694961557500338,288063767.63748896,0.018755207467505253,0.018599184557402802,0.00454914161078368,-0.03231945687001059,0.06835463563123878,0.14860433399178752,0.2672908955661788,1.0,3.0,1.0,0.0,1.0,0.0,63.0,126.0,0.13518957345971563,,,,,,,,0,0,0,0,0,0
latest_month_unlabeled_or_partially_labeled,2026-07-31,CNC,67.86000061035156,1.3357011030806059,1.6029919986467847,1.2048238290225413,1.1144666006091577,0.9185751388072065,0.6490886535611657,0.5664820195845783,0.5062118451498054,-0.054449956408841205,0.23938132513707622,0.02454123671960229,0.036011112287182234,0.4178776855927908,-0.3025594577278998,1.0809269282925456,-0.007168952080592317,0.007168952080592317,0.09315143804429238,0.5120320631757371,0.30918087630864305,-0.2704990886970642,0.8488410969342135,0.40051803106111383,-0.6456556747062914,-0.5521362125953995,-0.0017965749411585907,1.0726938647343838,0.7170693158315663,0.5120320631757371,1.0726938647343838,0.6398899167442944,0.25370548660935044,0.2639225618566785,0.11007636428718559,0.19556792622543973,0.2639225618566785,0.5240705960387212,0.5494322645206523,0.841915212994834,0.9165846199734433,0.0227861156973492,-0.007168952080592317,0.007168952080592317,1.1339623345420007,294219354.3327665,1.0880828605564354,0.2777777777777778,0.05555555555555555,0.015873015873015872,0.03781114233899358,-0.157742496737712,-0.10958727976954563,0.023339984197887853,0.150372753118728,0.15768463874017158,1.2334501519261172,0.6013618259129954,0.07701349135567837,0.2949230883051315,0.1385906434178359,0.10538023874729108,0.4803550481094072,0.9185351735655647,-0.2905323709376031,0.022342618541320525,0.09372620878183513,-0.007168952080592317,0.007168952080592317,0.9327826667808214,0.015873015873015872,0.9841269841269841,320135036.693464,19.584253457536203,0.25396825396825395,0.09523809523809523,0.0,0.03540480329302305,0.08675112626213588,0.1047374252822364,0.1295806949628358,0.05717398394392248,0.8333333333333334,0.10827762998686648,-0.2704990886970642,0.6398899167442944,0.08949344081393307,0.05717398394392248,0.058641836854358864,0.44122300748826954,0.022170104372082614,-0.007168952080592317,0.007168952080592317,0.1395466243451997,365262964.10667783,0.050058030325511815,0.03469329085807992,0.026098518468835596,-0.03231945687001059,0.06835463563123878,0.14860433399178752,0.2672908955661788,1.0,3.0,1.0,0.0,1.0,0.0,63.0,126.0,0.6783175355450237,,,,,,,,0,0,0,0,0,0
latest_month_unlabeled_or_partially_labeled,2026-07-31,CNP,44.61000061035156,-0.09227329428230724,0.17501760128387156,1.1120864101296493,1.1281419187913437,0.18602327007399366,0.1763597465215927,0.13634748380660877,-0.0970927527146026,-0.10521569523412166,0.10583912418918895,-0.0782506992998191,0.10203903749275711,-0.012256850185178747,-0.10875905891723892,0.760384565147857,-0.009547075853356346,0.009547075853356346,0.021758575114732004,0.031131788572487107,0.05854247368147044,-0.00781612272381349,1.2916606533244817,0.045683469626754514,0.3171377674081315,0.353475523773223,0.0015539543750117124,0.03925473109200617,0.06891133449036735,0.031131788572487107,0.13634748380660877,0.011353092269302367,0.005182083014982686,0.027588424889369856,-0.026543723001543174,-0.040766210741868925,0.027588424889369856,0.1793138499334162,0.14302309217380524,1.0272802127580838,1.0757389842487002,0.009194806903623365,-0.009547075853356346,0.009547075853356346,0.19474523309765512,230217121.87032852,1.034260886788413,0.0,0.0,0.0,0.017691838241354965,0.10823716673298844,0.12258082780698132,0.012655410373842102,0.014417364689850665,0.04469987010919163,1.0943905163550303,1.1649632593873311,0.042120271289437294,0.04527963194508784,0.055608196454209,0.027048047943107223,0.19289489878909702,0.954953039538248,0.018389104678942392,0.009973167255985831,0.039357730081299946,-0.009547075853356346,0.009547075853356346,0.08040686900483252,0.06349206349206349,0.3492063492063492,238104564.61948213,19.28822048649157,0.0,0.0,0.0,0.018257277912913338,0.038972138785159816,0.05527854500268492,0.07026265329162894,0.012942772092978228,0.6666666666666666,0.022349221236519723,-0.026543723001543174,0.10203903749275711,0.045262228962988815,0.012942772092978228,0.030551559003212603,0.1842055699100709,0.010353762229779942,-0.009547075853356346,0.009547075853356346,0.07390466122201444,286077722.2414653,0.014486168098498897,0.0195023722781909,0.003780208548798125,-0.03231945687001059,0.06835463563123878,0.14860433399178752,0.2672908955661788,1.0,3.0,1.0,0.0,1.0,0.0,63.0,126.0,0.13258293838862562,,,,,,,,0,0,0,0,0,0
latest_month_unlabeled_or_partially_labeled,2026-07-31,COF,205.1199951171875,-0.2991976751203923,-0.031906779554213505,1.0873420202578297,1.1108154034744682,-0.056433682372247995,-0.14677051599627877,-0.05545743171293749,0.1846603444281658,0.10841426569193668,-0.1228613095194181,0.19970648638597532,-0.10296173802514963,-0.204061765704725,0.13230260857949472,-0.15380591471691313,-0.19830700780566735,0.19830700780566735,-0.03483658033659409,0.052956833978999196,0.0927959772228857,-0.06752203512554822,1.049828230930593,0.07059541364023181,-0.47657238480062036,-0.4363494971337838,0.1459918648019266,0.12920291271522832,0.042234104993763344,-0.05545743171293749,0.12920291271522832,0.0486214146410755,0.008972297075833024,0.07684517686655723,-0.013399419759808406,0.00849054123531845,0.07684517686655723,0.3605676141584636,0.2550970172425331,0.9390820375728262,0.8354577993427104,0.016732540820576965,-0.19830700780566735,0.19830700780566735,0.169792583462544,1032620622.6607187,0.8591156217274059,0.1349206349206349,0.015873015873015872,0.031746031746031744,0.027745279815356894,-0.281741809017082,-0.2656309430112528,0.021888489327439142,0.015490379703143597,0.07652712517144256,1.0162314740249967,0.47025857590739917,0.0675251579629399,0.06696953929805552,0.0914702448324074,0.04335307352403528,0.3012390254390815,1.1240328815071705,-0.47569858477388405,0.014682358956423738,0.08590544770024766,-0.002274039118460469,0.002274039118460469,0.15482491136122634,0.8253968253968254,0.31746031746031744,887140508.2457043,20.603513937250042,0.09523809523809523,0.031746031746031744,0.0,0.02528150479837567,0.07051709978772758,0.09085447942491864,0.06624422879256382,0.022430466102700386,0.5,-0.007551025700631746,-0.10296173802514963,0.0675251579629399,0.054749922972710974,0.022430466102700386,0.05449851825938401,0.3386025697867026,0.016867172935167585,0.0,-0.0,0.15482491136122634,963673203.8229806,0.014310707931128208,0.029352159903407497,0.008614904291329717,-0.03231945687001059,0.06835463563123878,0.14860433399178752,0.2672908955661788,1.0,3.0,1.0,0.0,1.0,0.0,63.0,126.0,0.6385071090047394,,,,,,,,0,0,0,0,0,0
latest_month_unlabeled_or_partially_labeled,2026-07-31,COHR,333.3599853515625,1.830850276171282,2.0981411717374607,0.9955583314982007,1.0051715973039457,1.5262198271510918,0.8061438593648469,0.5711188465396391,-0.1716814763371881,-0.2836666595348736,0.5067867022863302,-0.46409177794455436,0.22033180136562502,0.42251451254785155,-0.5284239221978633,0.66286312764627,-0.21909631541487573,0.21909631541487573,0.13943558997830086,0.2874521870047655,0.14287639430921256,-0.08002157551465483,1.2038176374851814,0.055540256040786495,0.129837480131054,0.17807580586375193,-0.13132843326094967,0.39943737020245096,0.4193361345822852,0.2874521870047655,0.5711188465396391,0.34213501718719574,0.13479566405849108,0.0426949243417758,0.13061840693675242,-0.025659711289462983,0.0426949243417758,0.8615939290025055,0.047788125192373056,1.1932286459099695,1.0369399943895168,0.04214299131677248,-0.21909631541487573,0.21909631541487573,0.9252670927084048,1930983085.9601338,1.1263054899260483,0.5476190476190477,0.1984126984126984,0.16666666666666666,0.08014414206845354,0.5730415735157961,0.32935106416681026,-0.14315166382954014,0.07901488885320118,-0.09663632728242133,1.389171645915281,0.8357274828637015,0.09129388300151398,0.18497928366602936,-0.07776583333115228,0.040540961917276075,0.8934212039058999,1.1507210179625345,-0.06986153209330892,0.04190975761380442,0.028434243762547995,-0.21909631541487573,0.21909631541487573,0.316483625876814,0.3333333333333333,0.9682539682539683,2174876850.6712413,21.50023787996282,0.49206349206349204,0.20634920634920634,0.1746031746031746,0.07907431628077784,-0.13196244268299107,-0.021028214931099187,-0.15068572568283184,-0.1549167634548464,0.6666666666666666,0.09157346158693098,-0.1549167634548464,0.34213501718719574,-0.12259730658483581,-0.1549167634548464,-0.13412090667779386,1.02807855722791,0.05342225146404435,-0.2165084686850911,0.2165084686850911,0.0,2355002697.8583927,-0.13732963072844373,0.11315523957565823,-0.10783298616251458,-0.03231945687001059,0.06835463563123878,0.14860433399178752,0.2672908955661788,1.0,3.0,1.0,0.0,1.0,0.0,63.0,126.0,0.9534360189573459,,,,,,,,0,0,0,0,0,0
latest_month_unlabeled_or_partially_labeled,2026-07-31,COIN,165.47999572753906,-0.8292350096871828,-0.561944114121004,1.0413166349610343,1.1054951681539842,-0.5186456561896275,-0.26824092962691537,-0.1502516634500769,0.09796367965247965,0.09128089281574336,-0.03579131675103009,-0.08291778501039004,-0.09700112384104642,-0.2988559974418644,0.03154256168865677,-0.19641007702757804,-0.6057935199181759,0.6057935199181759,-0.06050122230707,-0.058970770634333536,0.05473229327706228,-0.007051495309213229,1.015649197163583,-0.08310918627537245,0.2400631846610246,0.09285639788250832,-0.12326718140789872,-0.05228798379759725,-0.08717013929400257,-0.1502516634500769,-0.05228798379759725,0.07536798359835273,-0.05112157655652749,-0.11870910176142013,0.006710307707122665,-0.1870637373926589,-0.11870910176142013,0.7649895856869909,-0.18066400499275603,0.9415733102529903,0.8589282017250534,0.03665933595350555,-0.35324007139534075,0.35324007139534075,0.17286838204487465,2044334827.554818,0.8391591227697377,0.5,0.12698412698412698,0.12698412698412698,0.05710511657652774,0.10297561254212129,0.2485149230653112,0.08905813823898923,-0.14361885852558454,-0.0747088421925608,0.9073193905556203,0.9569871159563925,-0.22663067563106065,0.12781937585649977,-0.12458341640923232,-0.18017166462997158,0.6570711291725208,1.0962188787863225,0.010736105344326452,0.034710606638805735,-0.15958612072794054,-0.23601112158577553,0.23601112158577553,0.16110013167824944,0.5714285714285714,0.07936507936507936,1715522220.538524,21.262983373567707,0.5714285714285714,0.14285714285714285,0.1111111111111111,0.05853940246318205,-0.002609821036152926,-0.14422288669427719,0.18319125619263915,0.13195152174557445,0.5,-0.019442246955045078,-0.22663067563106065,0.13195152174557445,0.16427097861558504,0.13195152174557445,0.04646087238399921,0.7202937765043637,0.03705112541575906,-0.024407496219936764,0.024407496219936764,0.16110013167824944,1412617663.420541,0.06724795706184006,0.06583877981637684,0.07228944801000958,-0.03231945687001059,0.06835463563123878,0.14860433399178752,0.2672908955661788,2.0,7.0,2.0,0.0,1.0,1.0,63.0,126.0,0.9296208530805687,,,,,,,,0,0,0,0,0,0
latest_month_unlabeled_or_partially_labeled,2026-07-31,COO,74.19999694824219,-0.2176375586640431,0.04965333690213569,1.3577992319001806,1.3995668096791487,0.06136451239320917,-0.09468035899112892,-0.08822807259156329,0.1259902676718737,-0.02495468619828911,-0.22708277649595154,0.4067329378352025,0.028139604237098492,-0.2368324065833508,0.2678782339308142,-0.322523012998123,-0.12001900833976431,0.12001900833976431,-0.03941656708284902,-0.1131827587898524,0.08091215711102076,-0.14545235371431253,1.6715813650209725,0.06280424323671419,0.05233083677685957,0.24138224138609132,0.251813943687318,0.03776219508031042,-0.05454954543370175,-0.1131827587898524,0.03776219508031042,-0.12027969893875656,-0.016670437035062657,0.17965016133925094,-0.02686808267740559,0.11129552570801216,0.17965016133925094,0.27355589845018824,0.5811409956977459,1.413205331630748,1.1300561284715736,0.012838184170608353,-0.12001900833976431,0.12001900833976431,0.2580535355058222,175287583.25639755,1.0715340288547235,0.06349206349206349,0.007936507936507936,0.0,0.024463619525428047,-0.16580509775821473,-0.13683921362673324,0.00027888291544331256,0.0658488351788109,0.15447564974580574,0.9735113952324594,0.9980048271955831,0.17154060050727193,0.11593508752471593,0.2122201937275432,0.1225651032320434,0.30913351952318263,1.2505620703479041,-0.2408709827666511,0.014040077927079939,0.136722311911047,0.0,-0.0,0.2580535355058222,0.0,0.5714285714285714,187826610.29493544,19.05102981488594,0.07936507936507936,0.015873015873015872,0.0,0.025419708119510515,0.12567505777892474,0.19007032523516942,0.08981893614380791,0.03472316128238084,0.5,-0.00969946155062057,-0.14545235371431253,0.17154060050727193,0.06704261815239143,0.03472316128238084,0.08699628594627362,0.38659065418884553,0.01787864252135712,0.0,-0.0,0.2296983221843738,261377233.2909357,0.0642264655384539,0.024836353593455256,0.029783207191126593,-0.03231945687001059,0.06835463563123878,0.14860433399178752,0.2672908955661788,1.0,3.0,1.0,0.0,1.0,0.0,63.0,126.0,0.24940758293838863,,,,,,,,0,0,0,0,0,0
latest_month_unlabeled_or_partially_labeled,2026-07-31,COP,104.7300033569336,-0.1323914143957099,0.1348994811704689,0.7593650192039484,0.7914525025479192,0.20769744225941733,0.13587641699376385,0.020141960494162392,-0.22083651549089756,-0.09022550425344522,0.21614537544130408,-0.37731312635761016,0.09702538722477416,-0.12846237349762513,-0.18130971141046848,0.062330582214550956,-0.2114474891001652,0.2114474891001652,0.02310572017989254,-0.07008354375928283,0.11103201073595834,0.16340563179438727,1.213126167152639,-0.10913452530280665,-0.4196518245731503,-0.5131852347550775,-0.13935924423546875,-0.20069455499673516,-0.08354537942061853,-0.20069455499673516,0.020141960494162392,-0.04712122611357228,-0.04689082067899719,-0.16116775091630609,-0.08708011551750061,-0.22952238654754487,-0.16116775091630609,0.32314731835539134,-0.49179844224596997,0.9439892558460299,1.0141225513083494,0.016560981170236445,-0.2114474891001652,0.2114474891001652,0.13587641699376385,1015314509.834011,0.9222444747339641,0.15079365079365079,0.007936507936507936,0.0,0.02573563080447765,-0.3259584726650595,-0.3209660249886962,0.007271869158044231,-0.05463800981248612,-0.09955171011878694,0.822111799756383,0.6490503870526897,-0.0879101945723132,0.10329885149790023,-0.0811545861341415,-0.06082660077172597,0.32771098293902085,0.930843372557056,-0.29776589495857897,0.016829208395485445,-0.10053318206780304,-0.19929940299639226,0.19929940299639226,0.01462896840120953,0.9523809523809523,0.015873015873015872,936368196.8116397,20.65751933082109,0.1746031746031746,0.0,0.0,0.02413588996954192,-0.07522359505053866,-0.09449311086386869,0.02428059138313107,0.0074067360450367214,0.5,0.007621036476802012,-0.0879101945723132,0.16340563179438727,0.03972619291504731,0.0074067360450367214,-0.057306005656800774,0.305047596582946,0.015625090777110516,-0.12666773719102142,0.12666773719102142,0.01462896840120953,893004279.6133496,-0.014593355373854311,0.026769510109340387,0.00302644681894626,-0.03231945687001059,0.06835463563123878,0.14860433399178752,0.2672908955661788,1.0,3.0,1.0,0.0,1.0,0.0,63.0,126.0,0.5932464454976303,,,,,,,,0,0,0,0,0,0
latest_month_unlabeled_or_partially_labeled,2026-07-31,COR,296.510009765625,-0.22300770983200002,0.044283185734178776,0.8641076744497722,0.8621435532083669,-0.11728103326753847,-0.11857367010042918,-0.1712551952003284,0.11730764305714281,-0.030139678476165388,-0.14109091914039484,0.10597163034472312,0.037740401961752656,-0.3198595291921159,0.13613590640465667,-0.46270611782262355,-0.20559911324425817,0.20559911324425817,-0.04503352268712202,-0.20139487367649378,0.07789971754935468,-0.15585533536468843,1.4158389581427573,-0.04250898619380161,-0.28674253477288203,-0.31179162967986196,0.08075339295700334,-0.053947552143185584,-0.14219920700666924,-0.20139487367649378,-0.053947552143185584,-0.019513565903927166,-0.056031704326732434,-0.03511928879567172,-0.123468868921356,-0.1034739244269105,-0.03511928879567172,0.3701165569329653,-0.08410176232241115,0.6326620794664503,1.128241583869422,0.013831867346659657,-0.20248780753670548,0.20248780753670548,0.17588397282552526,476579407.7508957,1.0389349421201948,0.06349206349206349,0.007936507936507936,0.015873015873015872,0.025233413868865077,-0.2546249237649929,-0.218986633143592,0.041400538733392,-0.011659931700406245,0.06258671560760232,0.8928479214904304,0.7474263581694017,0.05056439848327532,0.09140062912843411,0.10079457191322194,0.05874112659930475,0.41758089041034585,0.5607505418269284,-0.3271756915877846,0.013911981721250313,0.05817631312148763,-0.09270692892271437,0.09270692892271437,0.17588397282552526,0.8253968253968254,0.6190476190476191,495134999.40735346,20.02034101144508,0.06349206349206349,0.0,0.015873015873015872,0.024818819181239345,0.07329665809649377,0.0765441536346263,0.20418868884245292,0.04781256008909596,0.5,-0.027120068275974612,-0.15585533536468843,0.05056439848327532,0.08013201695910654,0.04781256008909596,0.05619180903469778,0.23415871055417264,0.011583784152215334,0.0,-0.0,0.12467756520579565,433064319.2385719,0.047250066409457725,0.025099129157263953,0.032639368382715084,-0.03231945687001059,0.06835463563123878,0.14860433399178752,0.2672908955661788,1.0,3.0,1.0,0.0,1.0,0.0,63.0,126.0,0.4828199052132702,,,,,,,,0,0,0,0,0,0
latest_month_unlabeled_or_partially_labeled,2026-07-31,COST,951.6699829101562,-0.24878693649299755,0.018503959073181253,0.9115895739199799,0.9281651804039349,0.04707103838934312,0.10670139386721145,0.01361435401441935,-0.05714885015209803,-0.07073711570187646,0.0790003208142116,-0.13959897452958026,0.07502261463907423,-0.13498997997736817,-0.074213007729788,0.06466444335612588,-0.13035489653884602,0.13035489653884602,0.00026390649702445756,-0.05712276168745711,0.03753747365895159,-0.014206749218771964,1.5256210573158775,-0.04154001429323728,0.3593910115649246,0.27701374639131693,-0.11339805858069796,-0.04353449613767868,-0.029014301270238813,-0.05712276168745711,0.01361435401441935,0.018164927743801185,-0.013492867200160186,-0.060598653715368656,-0.056008575985409315,-0.12895328934660744,-0.060598653715368656,0.21053848618847837,-0.2724133142572975,0.9282634167746748,1.056581859186571,0.01042864066769945,-0.13035489653884602,0.13035489653884602,0.116855374023066,2188208678.4129796,1.0188753861699762,0.023809523809523808,0.0,0.0,0.019404248493943062,-0.029642272458114127,-0.012838091112185812,0.01480372560325427,-0.0395942525743469,-0.04076660108113417,0.9623783159558229,0.7915366365328244,-0.021802363708181893,0.044755837858545304,-0.004862414650377622,-0.055213585921376374,0.22245114516734868,0.8785532410042658,-0.341143267085544,0.011051470719995127,-0.06241131274406497,-0.13035489653884602,0.13035489653884602,0.029199606885717877,0.47619047619047616,0.015873015873015872,2229511962.2385178,21.525048547901473,0.031746031746031744,0.0,0.0,0.01988994371772728,-0.022544074723301555,-0.029771895656216407,0.08861000476065876,0.01731751174744267,0.5,0.003081227536325818,-0.056008575985409315,0.07502261463907423,0.04963696861745326,0.01731751174744267,-0.010508171596951943,0.1954351745518846,0.009737416350294533,-0.03548263877397695,0.03548263877397695,0.029199606885717877,2493832196.057129,0.004418008614083924,0.02026214143302979,0.010044514311325248,-0.03231945687001059,0.06835463563123878,0.14860433399178752,0.2672908955661788,1.0,3.0,1.0,0.0,1.0,0.0,63.0,126.0,0.3843601895734597,,,,,,,,0,0,0,0,0,0
latest_month_unlabeled_or_partially_labeled,2026-07-31,CPAY,352.4599914550781,-0.17625234186421368,0.09103855370196512,1.0112346077572292,1.0166132925344977,0.353792906442028,0.17123583568758716,0.1202364236886937,0.09100796025452285,-0.03607774993323787,-0.025935236739892842,0.17599883203859057,0.03327718608593222,-0.028367910303093824,0.029827171610004033,0.2749082804294379,-0.032049029937783136,0.032049029937783136,0.016313700591133573,0.08415867375545583,0.06549151421349889,-0.1049216094394031,1.0886734326447327,0.07398212847482655,0.2974683544303798,0.4921711204824877,0.10799811911178592,0.21124438394321654,0.13854649379578868,0.08415867375545583,0.21124438394321654,0.053197743928785624,0.053634370403475184,0.15006359529869773,0.1805396494008562,0.08170895966745895,0.15006359529869773,0.43736923275235934,0.3745471085145289,0.8136225140420277,0.9160531443529689,0.019488240416001463,-0.032049029937783136,0.032049029937783136,0.23939793727874803,213220298.90693787,0.9780582021795546,0.1746031746031746,0.031746031746031744,0.031746031746031744,0.03442796449162599,-0.046659432646101395,0.008234822516677287,0.052700964446975807,0.05240307353224649,0.04269651570646471,0.9617542401201781,0.9779238332494102,-0.07885572067963287,0.10370082910971766,-0.025815358355499085,0.018476964128361972,0.4006534609060443,0.8881826551850432,-0.09594276754214026,0.0169561526139542,-0.0376674201284013,-0.032049029937783136,0.032049029937783136,0.20154085994154292,0.3492063492063492,0.9841269841269841,208541862.2171069,19.15565036186482,0.09523809523809523,0.031746031746031744,0.031746031746031744,0.032964821572959976,0.009972862841261199,-0.05373816728507519,0.16181084893023973,0.05758094960245286,0.6666666666666666,0.02346969981649849,-0.1049216094394031,0.1805396494008562,0.08990040647246345,0.05758094960245286,0.017058198044168416,0.35585345471660734,0.018782100947065096,-0.02194967330600639,0.02194967330600639,0.08179612073350118,266591938.61476353,0.037754991245931624,0.03302097845130307,0.040017921281220614,-0.03231945687001059,0.06835463563123878,0.14860433399178752,0.2672908955661788,1.0,3.0,1.0,0.0,1.0,0.0,63.0,126.0,0.5338862559241706,,,,,,,,0,0,0,0,0,0
latest_month_unlabeled_or_partially_labeled,2026-07-31,CPRT,30.01000022888184,-0.6052569441728086,-0.3379660486066298,1.1904081014781303,1.1868121436755517,-0.30225525691645605,-0.23346107128387594,-0.2604731672063143,0.16438881597887245,0.048344002298524646,-0.18408084976936967,0.09045353704438786,-0.06136031459124458,-0.4090775011981018,0.1668458544813325,-0.8495614448940674,-0.39943967388881385,0.39943967388881385,-0.06019562438060333,-0.21212916490778966,0.08448592008857846,-0.12838013573271678,1.899800190543192,-0.10454797427442919,0.9647050974112623,0.7807550388435724,0.056464538656868846,-0.09608435122744186,-0.18956222778051526,-0.2604731672063143,-0.09608435122744186,-0.002710847907219205,-0.03775735788872481,-0.09362731272498181,-0.010268805385693414,-0.1619819483562206,-0.09362731272498181,0.3065972082087517,-0.3063206471253908,1.3669344694307597,0.9969149107191875,0.013987930015491073,-0.27756380434588956,0.27756380434588956,0.06797152389619332,340418892.8253401,0.9695935242060745,0.12698412698412698,0.0,0.015873015873015872,0.02713128462269101,-0.3038172198081224,-0.2588703441966689,0.05290696552600582,-0.06630722058796201,-0.05960729183417934,1.0336068551503075,1.1347708133160008,-0.13976197313787309,0.07897812285078114,-0.08422338084612235,-0.08917486208821035,0.3056513284481798,1.3711646347476487,-0.16333450140642303,0.013448795511336315,-0.10395244383446423,-0.12761631111250082,0.12761631111250082,0.06797152389619332,0.4444444444444444,0.047619047619047616,330067954.00085145,19.61480911547032,0.09523809523809523,0.0,0.015873015873015872,0.02714518535625597,-0.03186260823456866,-0.10143137290575,0.15404951665699654,0.06456188933467377,0.16666666666666666,-0.04632003123667888,-0.13976197313787309,0.06456188933467377,0.09688134620468436,0.06456188933467377,-0.004692957576553081,0.4190982921317821,0.019024234080589123,-0.0430484807141267,0.0430484807141267,0.06797152389619332,410169699.31485313,0.015910638714819125,0.03408388489623682,0.03028014150054159,-0.03231945687001059,0.06835463563123878,0.14860433399178752,0.2672908955661788,2.0,7.0,2.0,1.0,1.0,0.0,63.0,126.0,0.3708530805687204,,,,,,,,0,0,0,0,0,0
latest_month_unlabeled_or_partially_labeled,2026-07-31,CPT,117.25,-0.14983281626269385,0.11745807930348495,0.8927976363799708,0.9126181152006028,0.2145546209242828,0.08666750998780492,0.09693123616139099,0.11466385520536093,0.007188751041667718,-0.02640767573895808,0.1530920269061301,-0.00651084223181031,-0.05167309783039653,0.02975311500578104,0.46627853389874246,0.0,-0.0,0.01286303064615324,0.1041199872030587,0.06422665055241446,-0.08870546350799002,1.0385369141033487,0.12008498347681384,-0.42104132349781564,-0.34769631921253175,0.04143877441951138,0.21159509136675192,0.1375487715770672,0.09693123616139099,0.21159509136675192,0.07536337938094007,0.054603368496266125,0.12668435116717203,0.01466386875904191,0.058329715535933246,0.12668435116717203,0.20788269052600367,0.5995541234709927,1.1018806492600395,1.0164271292436824,0.01018549792371171,0.0,-0.0,0.2337082979413272,128035308.47519164,0.9944027100285738,0.015873015873015872,0.0,0.0,0.020199475405579734,-0.04557260920897288,-0.022564296809538975,0.010287019694561805,0.06190813276504592,0.09099512929009634,1.0538300389188868,0.6431270634720694,0.08426331072553728,0.0627897685038421,0.11040156829978964,0.07492876543850602,0.21129760635079878,1.08407245099798,-0.276448475446029,0.010199227236454006,0.06498182310664324,0.0,-0.0,0.18111787475219154,0.0,0.8412698412698413,127318657.727075,18.662203625662567,0.031746031746031744,0.0,0.0,0.019600563380585422,0.062385683754753174,0.0912093105770777,0.10524197404593894,0.024106928008807982,0.6666666666666666,0.01719686352242115,-0.08870546350799002,0.08426331072553728,0.05642638487881857,0.024106928008807982,0.0425637796518914,0.22906191400671677,0.012133713120580637,0.0,-0.0,0.08664146285794438,142290781.24752954,0.040714563786771185,0.019391812227301873,0.013687753403931247,-0.03231945687001059,0.06835463563123878,0.14860433399178752,0.2672908955661788,1.0,3.0,1.0,0.0,1.0,0.0,63.0,126.0,0.07369668246445499,,,,,,,,0,0,0,0,0,0
latest_month_unlabeled_or_partially_labeled,2026-07-31,CRH,107.52999877929688,-0.13265257502937122,0.13463832053680758,1.1317828475531562,1.1573849943141277,-0.09066977541030496,-0.1322016791883457,-0.1152583245931581,0.14190454599624902,0.017919014840282688,-0.02918751900470229,-0.05947100905646796,-0.019851329557042052,-0.2638626585849456,0.02659979653198785,-0.32156842445977374,-0.17566420101990865,0.17566420101990865,-0.028285083350361617,-0.09733930975287541,0.07727699442403596,-0.12076753274026408,0.9584131223543642,-0.026945460332445603,-0.5621023450281767,-0.6009257065594167,-0.009883085508857081,0.02664622140309092,-0.061983804314314196,-0.1152583245931581,0.02664622140309092,0.12652200411658687,-0.008098214237014734,-0.08865852806117025,-0.07797972015161936,-0.15701316369240903,-0.08865852806117025,0.35842550395546136,-0.24046376336108619,1.0455894796606469,1.0286602843949761,0.017932027645151807,-0.17566420101990865,0.17566420101990865,0.0912319644839068,572191208.2861159,0.9354183636578485,0.19047619047619047,0.015873015873015872,0.0,0.028086150177954454,-0.01666028830207933,-0.011789551415779864,0.0044865575713533,-0.025851741847457088,-0.011200189734996147,1.1499460807183903,0.6241990077683426,-0.016453726449705885,0.08435016582967197,-0.011581966408924171,0.010612925564235098,0.3686980808332375,1.0164575181160298,-0.2400525796910944,0.018509954896432573,0.05794505938247707,-0.08973463899125178,0.08973463899125178,0.0912319644839068,0.8095238095238095,0.47619047619047616,535238163.7544057,20.09822237356775,0.1746031746031746,0.015873015873015872,0.0,0.029134872885481392,0.006627838014792831,0.01091446721104905,0.013216941940117195,0.004953259619596917,0.3333333333333333,-0.01726284086040793,-0.12076753274026408,0.12652200411658687,0.037272716489607505,0.004953259619596917,-0.0037707284276415898,0.37476593617789594,0.01975615223947489,-0.04882798870809135,0.04882798870809135,0.07551505469958242,530636756.0384841,-0.021342445694681467,0.03948398975527921,-0.006026898640353884,-0.03231945687001059,0.06835463563123878,0.14860433399178752,0.2672908955661788,1.0,3.0,1.0,0.0,1.0,0.0,63.0,126.0,0.6093601895734597,,,,,,,,0,0,0,0,0,0
latest_month_unlabeled_or_partially_labeled,2026-07-31,CRL,230.69000244140625,0.09258886906133235,0.35987976462751115,0.9734726904764416,1.0629935760678102,0.28111286198842333,0.15645682465571942,0.09601865794423792,0.24131468954217516,0.19643467468923204,-0.2067179560529756,0.5883434022699713,-0.15198589359430237,-0.0525856760475496,0.28560678827275776,0.18843030227442456,0.0,-0.0,-0.019958308268358427,0.29245333263346995,0.12834431330234386,-0.03355933278512602,1.2017653834000959,0.32016658550678767,0.20258927301180818,0.6615279409407118,0.21691210831636198,0.3373333474864131,0.24193511268804033,0.09601865794423792,0.3373333474864131,-0.032057963937952905,0.06074379292469767,0.3816254462169957,0.08229026407565487,0.3132708105857569,0.3816254462169957,0.5095712143177431,0.7527617066792217,0.8301085458185626,0.9948896667343311,0.023753269500733035,0.0,-0.0,0.5386514620878153,167070047.13505337,0.9538733752182276,0.25396825396825395,0.03968253968253968,0.06349206349206349,0.04399577934962377,-0.20352398002449823,-0.1898273273422031,0.0,0.11556240475604973,0.2787765060211431,0.9578103698383496,0.8412479888536881,0.2549941058063696,0.13727379280242902,0.2765756951504985,0.17968319074874817,0.5069671355899878,0.8343724671936205,-0.13967295426787896,0.02353407962751494,0.2566991550706883,0.0,-0.0,0.5386514620878153,0.0,0.49206349206349204,159363669.75858173,18.886699385913925,0.25396825396825395,0.06349206349206349,0.047619047619047616,0.04394169866781856,0.22448439421765287,0.2767602305870043,0.04065387680645742,0.01719656629802424,0.5,0.022812957643777904,-0.15198589359430237,0.2549941058063696,0.04951602316803483,0.01719656629802424,0.16606096438366924,0.42299941970830085,0.022870062922715095,0.0,-0.0,0.2825374365030082,172013438.2700602,0.10069375194287722,0.03430081404523316,0.02266179577016758,-0.03231945687001059,0.06835463563123878,0.14860433399178752,0.2672908955661788,1.0,3.0,1.0,0.0,1.0,0.0,63.0,126.0,0.5541469194312796,,,,,,,,0,0,0,0,0,0
latest_month_unlabeled_or_partially_labeled,2026-07-31,CRM,166.11000061035156,-0.6188337933779622,-0.3515428978117834,0.9044437140145115,0.9561144884137525,-0.3578406233051876,-0.3697661841015656,-0.21355106651383926,0.1079381966282773,0.07065479327702684,-0.1663691224849918,0.10977099818147118,-0.08243435545876276,-0.3621554005056268,0.15695294221031864,-0.46331354685262166,-0.3878461694700467,0.3878461694700467,-0.0637911733730282,-0.14289627323681242,0.05482214617870544,-0.04168597925428552,1.6254247741930075,-0.07983366343000053,-0.27220421562571573,-0.31339609189730977,-0.03907590248547743,-0.10561286988556196,-0.15402006987873787,-0.21355106651383926,-0.10561286988556196,-0.051955319196133165,-0.036354597530785626,-0.056598124303520625,0.08253560206969479,-0.1249527599347594,-0.056598124303520625,0.4609212658782219,-0.11364452315595293,0.8775442376360983,1.0805050026321372,0.022051647115814074,-0.3726317047622473,0.3726317047622473,0.10651482822579261,2600407834.113857,1.0202384552976442,0.2777777777777778,0.023809523809523808,0.047619047619047616,0.03764281146735052,-0.2340455060078156,-0.187841832692894,0.04520222781079086,-0.05400810369044107,-0.04570184868640226,0.7700959799928735,0.6293548487124881,-0.17810393774612876,0.09587647481115677,-0.12852577421676137,-0.09338089689445028,0.4980277336009562,0.8121611982345094,-0.4592432923024562,0.023857183543592266,-0.1543629001132918,-0.20544502497046924,0.20544502497046924,0.10651482822579261,0.3492063492063492,0.12698412698412698,2653036071.820214,21.69897050900174,0.30158730158730157,0.047619047619047616,0.031746031746031744,0.03780559458959339,-0.028916959809099918,-0.15792099188244935,0.14913437934676135,0.060321694927470526,0.3333333333333333,-0.03522038244302415,-0.17810393774612876,0.08253560206969479,0.09264115179748111,0.060321694927470526,0.014382853683961194,0.40447880087536964,0.02152586476843181,-0.12628547859937422,0.12628547859937422,0.10651482822579261,2750649148.0478196,0.06441878979537163,0.0363184426605175,0.0352112871601824,-0.03231945687001059,0.06835463563123878,0.14860433399178752,0.2672908955661788,2.0,8.0,2.0,0.0,1.0,1.0,63.0,126.0,0.8151658767772512,,,,,,,,0,0,0,0,0,0
latest_month_unlabeled_or_partially_labeled,2026-07-31,CRWD,193.97999572753903,0.439640865016822,0.7069317605830008,0.8684449686379584,0.8669022630664155,0.428923903714151,0.6552606168305781,0.7578414042794228,0.22960762528411394,0.3280770859447051,0.00984357049131579,0.7308630653138579,-0.15728183410918117,0.6092370702876353,-0.017134768474249107,1.4227212910200593,-0.00799059045547379,0.00799059045547379,0.1145797612307935,1.085918490224128,0.1683500671187705,0.04954565334549277,1.214838834476305,0.5093289602533204,0.06684201907725051,0.8570589819635597,0.03685811316212928,0.9874490295635368,0.9437363080223625,0.7578414042794228,1.085918490224128,0.14174840761966245,0.249257338054361,0.7407066358051737,0.6399326977005049,0.6723520001739349,0.7407066358051737,0.5326703192415624,1.4045968477778465,0.9150990341564239,0.9900019447099072,0.025866661309719454,-0.00799059045547379,0.00799059045547379,1.2153318569883118,1793838624.9876113,1.103001246828089,0.35714285714285715,0.06349206349206349,0.05555555555555555,0.04478103633020122,-0.293390726681128,-0.2815574537389255,0.016339118786135698,0.2430427672861315,0.2502319966288795,1.1998200708038054,0.7221009293051514,0.04396718830155599,0.2716830811442424,0.06145004502073337,0.13440830552489014,0.5273446519383939,0.9243406430121391,-0.296200771053751,0.02725416987487445,0.04380095568579789,-0.00799059045547379,0.00799059045547379,1.0471743058442429,0.3492063492063492,0.9047619047619048,1978606239.96972,21.405658515083598,0.36507936507936506,0.12698412698412698,0.031746031746031744,0.04612650682503053,0.11379325133268958,0.04371846117752343,0.03435571204348648,0.016746557664921058,0.8333333333333334,0.122443111753826,-0.15728183410918117,0.6399326977005049,0.049066014534931646,0.016746557664921058,0.11483156509860581,0.4874460946617477,0.022720862216460344,0.0,-0.0,0.2031073011365221,2451324868.9559937,0.08540163672668077,0.0395350877708522,0.03296233216896116,-0.03231945687001059,0.06835463563123878,0.14860433399178752,0.2672908955661788,3.0,11.0,3.0,1.0,1.0,1.0,63.0,126.0,0.8879146919431279,,,,,,,,0,0,0,0,0,0
latest_month_unlabeled_or_partially_labeled,2026-07-31,CSCO,112.69000244140624,0.4159451469287818,0.6832360424949606,0.9986892075943057,0.9473385093090493,0.5580209020833624,0.47873438271503566,0.44663730984395733,0.013610601538924127,-0.020754707045384402,0.17461452642657616,0.05697019970901107,0.014555691334370069,0.2980329758521698,-0.2150525837083701,1.124535970828433,-0.13315382737379822,0.13315382737379822,0.10508649281927607,0.42588260279857293,0.017305975715947764,-0.02353388648353827,1.4128178305468044,0.1800297295189881,0.11824297841534204,0.3772109723247026,-0.13315382737379822,0.46024791138288146,0.4442559413418039,0.42588260279857293,0.46024791138288146,0.18566581770202983,0.16926491523621445,0.23158472613558723,0.3160655537589654,0.16323009050434845,0.23158472613558723,0.3971747649076309,0.5345771659113334,0.9910146157787757,1.0907315142819831,0.01705501712085177,-0.13315382737379822,0.13315382737379822,0.544657591319927,2245247333.1676908,1.167025229712907,0.12698412698412698,0.015873015873015872,0.015873015873015872,0.026320706445533252,-0.25302243920469425,-0.2833568550501867,-0.036692281869741716,0.15408040216327357,0.015047840843499305,1.1344046521612339,0.8401708681176675,-0.024580627217083095,0.14623264329684857,-0.0641919601816815,0.07768126647688178,0.43321103276229084,0.908577961489588,-0.26434691867602067,0.019508509369111204,-0.01270579355173651,-0.13315382737379822,0.13315382737379822,0.42609475105937245,0.30158730158730157,0.9841269841269841,2620260284.752316,21.68653949549195,0.1746031746031746,0.031746031746031744,0.015873015873015872,0.02919124564988302,-0.06100793880843958,-0.04839982966046019,-0.10317307474324884,-0.04060954095220126,0.5,0.07126050135709044,-0.04060954095220126,0.3160655537589654,-0.008290084082190674,-0.04060954095220126,-0.05875964015576085,0.39360599704196136,0.019449589122272057,-0.13315382737379822,0.13315382737379822,0.0,3198457238.1568184,-0.0446356479178317,0.03057692353819284,-0.02623435549218256,-0.03231945687001059,0.06835463563123878,0.14860433399178752,0.2672908955661788,1.0,3.0,1.0,0.0,1.0,0.0,63.0,126.0,0.7043838862559242,,,,,,,,0,0,0,0,0,0
latest_month_unlabeled_or_partially_labeled,2026-07-31,CSGP,30.0,-0.952131748275828,-0.6848408527096492,1.156713861541766,1.1915249188531045,-0.5640168425459671,-0.5538369876099491,-0.5121951219512195,0.2558738499265203,0.18438869761825516,-0.437235762433308,0.30403724960309586,-0.2743089257217035,-0.660799455943007,0.3789966091210074,-1.057700204563366,-0.6901786694960219,0.6901786694960219,-0.14013536140853122,-0.32780642433296436,0.1320231961223176,-0.09612370183410601,1.2546955794076533,-0.21575598551122066,-0.40115323335272246,-0.4809187320833209,0.1657447419786383,-0.25632127202469923,-0.36544093943629435,-0.5121951219512195,-0.25632127202469923,-0.14204262569564563,-0.09651467394314817,-0.1331985128302121,-0.06963304839385931,-0.2015531484614509,-0.1331985128302121,0.4842535907068875,-0.3216890384648037,0.9362638850996534,0.8550475436000311,0.02224767645396843,-0.5538369876099491,0.5538369876099491,0.05932204531353924,306125073.4349175,0.8190320348047988,0.2777777777777778,0.023809523809523808,0.06349206349206349,0.045981886081644614,-0.316603653785102,-0.27606318476783465,0.040796510265315056,-0.06908096558957733,-0.08888808015162897,0.8441955434369628,0.6946738444838866,-0.12049692472619178,0.10824025174089685,-0.06832300344140185,-0.06102806269364969,0.414059843213419,1.0949845913335707,-0.26970762398223536,0.020812884470440992,-0.11201323135005048,-0.27149102045466966,0.27149102045466966,0.05932204531353924,0.9682539682539683,0.031746031746031744,250726241.80016896,19.339872235752143,0.2857142857142857,0.031746031746031744,0.031746031746031744,0.04526080120541966,-0.05907936165367811,-0.10399172530558609,0.13084134357409505,0.05932204531353924,0.16666666666666666,-0.10721386350966117,-0.2743089257217035,0.05932204531353924,0.09164150218354983,0.05932204531353924,-0.03901595033891747,0.4533891482086879,0.02372407164338857,-0.12357579897180371,0.12357579897180371,0.05932204531353924,231637658.61079806,0.015916020233939898,0.050857153392973406,0.018675721561969505,-0.03231945687001059,0.06835463563123878,0.14860433399178752,0.2672908955661788,2.0,7.0,2.0,1.0,1.0,0.0,63.0,126.0,0.6022511848341232,,,,,,,,0,0,0,0,0,0
